id,url,operation,state,location_id,ubication__latitude,ubication__longitude,ubication__hasHiddenAddress,ubication__administrativeAreaLevel1,ubication__administrativeAreaLevel2,ubication__administrativeAreaLevel3,ubication__administrativeAreaLevel4,commercialDataId,price raw,house type,extendedPropertyType,constructedArea,usableArea,plotOfLand,roomNumber,bathNumber,isInTopFloor,isDuplex,flatLocation,isStudio,agencyIsABank,isPenthouse,energyCertificationType,energyPerformance,status,lift,isAuction,boxroom,swimmingPool,chimney,garden,communityCosts,heaterType1,heaterType2,construction year,manyFloors,orientation,terrace,has garage,garage price,floorNumber,air conditioning
111804550,https://www.idealista.com/inmueble/111804550/,sale,Córdoba,Córdoba,37.9244149,-4.7904127,True,,,Brillante - Trassierra - Naranjo,Brillante,,,,independantHouse,489.0,,,5,5,,False,,False,,,,,good,,,,,,,,,,,,,,True,,,
109756504,https://www.idealista.com/obra-nueva/109756504/,sale,Córdoba,Córdoba,37.868662,-4.7944257,False,,,Zoco - Poniente - Vistalegre,Vistalegre - Parque Cruz - Universidades,,,,flat,90.0,,,2,2,,False,,False,,,,,newdevelopment,True,,,,,,,,,,,,,True,,3,
109100668,https://www.idealista.com/inmueble/109100668/,sale,Córdoba,Córdoba,37.8857466,-4.7805568,True,,,Centro - Casco Histórico,Centro,,,,flat,168.0,,,4,2,,False,,False,,,,,good,True,,,,,,,,,,,,,True,,2,
112355147,https://www.idealista.com/inmueble/112355147/,sale,Córdoba,Córdoba,37.8972521,-4.7546193,True,,,Levante - Lepanto - Fátima,Fátima - Campiñuela,,,,flat,85.0,,,3,1,,False,,False,,,,,good,False,,,,,,,,,,,,,False,,1,
112182541,https://www.idealista.com/inmueble/112182541/,sale,Córdoba,Córdoba,37.8918682,-4.7659148,True,,,Centro - Casco Histórico,Casco Histórico - Ollerías - Marrubial,,,,flat,69.0,,,2,1,,False,,False,,,,,good,False,,,,,,,,,,,,,False,,1,
110898990,https://www.idealista.com/inmueble/110898990/,sale,Córdoba,Córdoba,37.8773735,-4.7992677,True,,,Zoco - Poniente - Vistalegre,Zoco - Poniente,,,,flat,120.0,,,3,2,,False,,False,,,,,good,True,,,,,,,,,,,,,True,,,
110701571,https://www.idealista.com/inmueble/110701571/,sale,Córdoba,Córdoba,37.9063722,-4.8037989,True,,,Brillante - Trassierra - Naranjo,Brillante,,,,terracedHouse,394.0,,,5,3,,False,,False,,,,,good,,,,,,,,,,,,,,True,,,
110147462,https://www.idealista.com/inmueble/110147462/,sale,Córdoba,Córdoba,37.879254,-4.7826743,True,,,Centro - Casco Histórico,Judería - San Basilio,,,,flat,190.0,,,5,3,,False,,False,,,,,good,True,,,,,,,,,,,,,True,,1,
112020297,https://www.idealista.com/inmueble/112020297/,sale,Córdoba,Córdoba,37.896956,-4.8078365,True,,,Noreña - Figueroa,Tablero,,,,terracedHouse,285.0,,,5,3,,False,,False,,,,,good,,,,,,,,,,,,,,True,,,
109466117,https://www.idealista.com/inmueble/109466117/,sale,Córdoba,Córdoba,37.8801996,-4.7749512,True,,,Centro - Casco Histórico,Casco Histórico - Corredera - Ribera,,,,independantHouse,500.0,,,7,4,,False,,False,,,,,good,,,,,,,,,,,,,,False,,,
108992065,https://www.idealista.com/inmueble/108992065/,sale,Córdoba,Córdoba,37.8839229,-4.7666321,True,,,Centro - Casco Histórico,Casco Histórico - Corredera - Ribera,,,,independantHouse,982.0,,,11,3,,False,,False,,,,,renew,,,,,,,,,,,,,,True,,,
109756584,https://www.idealista.com/obra-nueva/109756584/,sale,Córdoba,Córdoba,37.868662,-4.7944257,False,,,Zoco - Poniente - Vistalegre,Vistalegre - Parque Cruz - Universidades,,,,penthouse,152.0,,,4,2,,False,,False,,,,,newdevelopment,True,,,,,,,,,,,,,True,,6,
111861641,https://www.idealista.com/inmueble/111861641/,sale,Córdoba,Córdoba,37.8985217,-4.7840741,True,,,Santa Rosa - Valdeolleros,Santa Rosa - San José,,,,flat,82.0,,,3,1,,False,,False,,,,,renew,True,,,,,,,,,,,,,True,,4,
112082885,https://www.idealista.com/inmueble/112082885/,sale,Córdoba,Córdoba,37.8889049,-4.7759682,True,,,Centro - Casco Histórico,Casco Histórico - Ollerías - Marrubial,,,,chalet,568.0,,,5,3,,False,,False,,,,,good,,,,,,,,,,,,,,True,,,
112066959,https://www.idealista.com/inmueble/112066959/,sale,Córdoba,Córdoba,37.8814126,-4.7907272,False,,,Ciudad Jardín,Ciudad Jardín,,,,flat,215.0,,,5,3,,False,,False,,,,,good,True,,,,,,,,,,,,,True,,6,
110375469,https://www.idealista.com/obra-nueva/110375469/,sale,Córdoba,Córdoba,37.868662,-4.7944257,False,,,Zoco - Poniente - Vistalegre,Vistalegre - Parque Cruz - Universidades,,,,flat,118.0,,,3,2,,False,,False,,,,,newdevelopment,True,,,,,,,,,,,,,True,,2,
110933498,https://www.idealista.com/inmueble/110933498/,sale,Córdoba,Córdoba,37.8894001,-4.7631924,False,,,Levante - Lepanto - Fátima,La Viñuela,,,,flat,77.0,,,3,1,,False,,False,,,,,good,True,,,,,,,,,,,,,False,,3,
110892565,https://www.idealista.com/inmueble/110892565/,sale,Córdoba,Córdoba,37.8894001,-4.7631924,False,,,Levante - Lepanto - Fátima,La Viñuela,,,,flat,77.0,,,3,1,,False,,False,,,,,good,True,,,,,,,,,,,,,False,,3,
112015844,https://www.idealista.com/inmueble/112015844/,sale,Córdoba,Córdoba,37.8844705,-4.7865619,False,,,Ciudad Jardín,Ciudad Jardín,,,,flat,97.0,,,2,1,,False,,False,,,,,good,True,,,,,,,,,,,,,False,,1,
111915182,https://www.idealista.com/inmueble/111915182/,sale,Córdoba,Córdoba,37.8806938,-4.7750014,False,,,Centro - Casco Histórico,Casco Histórico - Corredera - Ribera,,,,flat,80.0,,,2,1,,False,,False,,,,,good,False,,,,,,,,,,,,,False,,2,
111529145,https://www.idealista.com/inmueble/111529145/,sale,Córdoba,Córdoba,37.8760703,-4.7743634,False,,,Campo de la Verdad,Campo de la Verdad,,,,independantHouse,120.0,,,3,2,,False,,False,,,,,good,,,,,,,,,,,,,,True,,,
112335762,https://www.idealista.com/inmueble/112335762/,sale,Córdoba,Córdoba,37.8648403,-4.7696423,True,,,Campo de la Verdad,Campo de la Verdad,,,,independantHouse,73.0,,,3,1,,False,,False,,,,,good,,,,,,,,,,,,,,False,,,
111066131,https://www.idealista.com/inmueble/111066131/,sale,Córdoba,Córdoba,37.8904366,-4.7641944,True,,,Levante - Lepanto - Fátima,La Viñuela,,,,flat,77.0,,,3,1,,False,,False,,,,,good,True,,,,,,,,,,,,,False,,3,
111839308,https://www.idealista.com/inmueble/111839308/,sale,Córdoba,Córdoba,37.8798991,-4.7942575,True,,,Ciudad Jardín,Ciudad Jardín,,,,flat,55.0,,,2,1,,False,,False,,,,,good,True,,,,,,,,,,,,,False,,1,
111946800,https://www.idealista.com/inmueble/111946800/,sale,Córdoba,Córdoba,37.8806938,-4.7750014,False,,,Centro - Casco Histórico,Casco Histórico - Corredera - Ribera,,,,flat,80.0,,,2,1,,False,,False,,,,,good,False,,,,,,,,,,,,,False,,2,
111645230,https://www.idealista.com/inmueble/111645230/,sale,Córdoba,Córdoba,37.8812431,-4.7768399,False,,,Centro - Casco Histórico,Judería - San Basilio,,,,independantHouse,252.0,,,7,2,,False,,False,,,,,good,,,,,,,,,,,,,,False,,,
111372976,https://www.idealista.com/inmueble/111372976/,sale,Córdoba,Córdoba,37.8872793,-4.8066804,False,,,Noreña - Figueroa,Noreña - Turruñuelos,,,,flat,111.0,,,3,2,,False,,False,,,,,good,True,,,,,,,,,,,,,True,,5,
111200413,https://www.idealista.com/inmueble/111200413/,sale,Córdoba,Córdoba,37.8818019,-4.780602,True,,,Centro - Casco Histórico,Judería - San Basilio,,,,flat,90.0,,,3,1,,False,,False,,,,,good,False,,,,,,,,,,,,,False,,,
107372250,https://www.idealista.com/inmueble/107372250/,sale,Córdoba,Córdoba,37.9018256,-4.8095099,True,,,Noreña - Figueroa,Tablero,,,,flat,150.0,,,3,2,,False,,False,,,,,good,True,,,,,,,,,,,,,True,,bj,
110960058,https://www.idealista.com/inmueble/110960058/,sale,Córdoba,Córdoba,37.8847983,-4.7895322,True,,,Ciudad Jardín,Ciudad Jardín,,,,flat,91.0,,,2,2,,False,,False,,,,,good,True,,,,,,,,,,,,,True,,3,
108058374,https://www.idealista.com/inmueble/108058374/,sale,Córdoba,Córdoba,37.8860422,-4.7803057,True,,,Centro - Casco Histórico,Centro,,,,flat,63.0,,,1,1,,False,,False,,,,,good,False,,,,,,,,,,,,,False,,bj,
109401505,https://www.idealista.com/inmueble/109401505/,sale,Córdoba,Córdoba,37.8838624,-4.7785304,True,,,Centro - Casco Histórico,Centro,,,,chalet,376.0,,,3,2,,False,,False,,,,,good,,,,,,,,,,,,,,False,,,
112143544,https://www.idealista.com/inmueble/112143544/,sale,Córdoba,Córdoba,37.8776144,-4.7912269,True,,,Ciudad Jardín,Ciudad Jardín,,,,flat,129.0,,,4,2,,False,,False,,,,,good,True,,,,,,,,,,,,,False,,1,
112145195,https://www.idealista.com/inmueble/112145195/,sale,Córdoba,Córdoba,37.8856473,-4.7748405,True,,,Centro - Casco Histórico,Casco Histórico - Corredera - Ribera,,,,flat,252.0,,,5,3,,False,,False,,,,,good,True,,,,,,,,,,,,,False,,3,
110751122,https://www.idealista.com/inmueble/110751122/,sale,Córdoba,Córdoba,37.894659,-4.8090662,True,,,Noreña - Figueroa,Noreña - Turruñuelos,,,,flat,104.0,,,3,2,,False,,False,,,,,good,True,,,,,,,,,,,,,True,,2,
111915040,https://www.idealista.com/inmueble/111915040/,sale,Córdoba,Córdoba,37.8980584,-4.7787726,False,,,Santa Rosa - Valdeolleros,Valdeolleros - Zumbacón - Camping,,,,flat,67.0,,,3,1,,False,,False,,,,,good,False,,,,,,,,,,,,,False,,3,
111778622,https://www.idealista.com/inmueble/111778622/,sale,Córdoba,Córdoba,37.8991486,-4.7770788,False,,,Santa Rosa - Valdeolleros,Valdeolleros - Zumbacón - Camping,,,,flat,81.0,,,3,1,,False,,False,,,,,good,True,,,,,,,,,,,,,False,,bj,
111902461,https://www.idealista.com/inmueble/111902461/,sale,Córdoba,Córdoba,37.889201,-4.7715794,False,,,Centro - Casco Histórico,Casco Histórico - Ollerías - Marrubial,,,,independantHouse,181.0,,,3,1,,False,,False,,,,,good,,,,,,,,,,,,,,True,,,
110939222,https://www.idealista.com/inmueble/110939222/,sale,Córdoba,Córdoba,37.8979964,-4.7624039,True,,,Levante - Lepanto - Fátima,Fátima - Campiñuela,,,,studio,42.0,,,0,1,,False,,True,,,,,good,False,,,,,,,,,,,,,False,,bj,
111318185,https://www.idealista.com/inmueble/111318185/,sale,Córdoba,Córdoba,37.8831444,-4.7785801,True,,,Centro - Casco Histórico,Judería - San Basilio,,,,flat,60.0,,,1,1,,False,,False,,,,,good,False,,,,,,,,,,,,,False,,bj,
111394069,https://www.idealista.com/inmueble/111394069/,sale,Córdoba,Córdoba,37.8845691,-4.777993,True,,,Centro - Casco Histórico,Judería - San Basilio,,,,flat,45.0,,,1,1,,False,,False,,,,,good,False,,,,,,,,,,,,,False,,1,
110331956,https://www.idealista.com/inmueble/110331956/,sale,Córdoba,Córdoba,37.8877795,-4.7560288,True,,,Fuensanta - Zona Arcángel,Cañero - Fidiana,,,,independantHouse,58.0,,,2,1,,False,,False,,,,,good,,,,,,,,,,,,,,False,,,
110499756,https://www.idealista.com/inmueble/110499756/,sale,Córdoba,Córdoba,37.9034919,-4.7890188,True,,,Noreña - Figueroa,Tablero,,,,independantHouse,460.0,,,6,3,,False,,False,,,,,good,,,,,,,,,,,,,,True,,,
111950563,https://www.idealista.com/inmueble/111950563/,sale,Córdoba,Córdoba,37.8825106,-4.7816024,True,,,Centro - Casco Histórico,Judería - San Basilio,,,,flat,44.0,,,1,1,,False,,False,,,,,good,False,,,,,,,,,,,,,False,,1,
111950562,https://www.idealista.com/inmueble/111950562/,sale,Córdoba,Córdoba,37.8976096,-4.7814888,True,,,Santa Rosa - Valdeolleros,Santa Rosa - San José,,,,flat,150.0,,,4,2,,False,,False,,,,,good,False,,,,,,,,,,,,,False,,2,
111275536,https://www.idealista.com/inmueble/111275536/,sale,Córdoba,Córdoba,37.8967097,-4.7944292,True,,,Noreña - Figueroa,Tablero,,,,duplex,183.0,,,4,3,,True,,False,,,,,good,True,,,,,,,,,,,,,True,,3,
111943420,https://www.idealista.com/inmueble/111943420/,sale,Córdoba,Córdoba,37.8858848,-4.7720467,True,,,Centro - Casco Histórico,Casco Histórico - Ollerías - Marrubial,,,,penthouse,97.0,,,4,2,,False,,False,,,,,good,False,,,,,,,,,,,,,True,,3,
111370368,https://www.idealista.com/inmueble/111370368/,sale,Córdoba,Córdoba,37.8978248,-4.7806973,True,,,Santa Rosa - Valdeolleros,Santa Rosa - San José,,,,flat,63.0,,,3,1,,False,,False,,,,,good,True,,,,,,,,,,,,,False,,2,
111432238,https://www.idealista.com/inmueble/111432238/,sale,Córdoba,Córdoba,37.8928304,-4.7808462,True,,,Centro - Casco Histórico,El Vial - Ronda de Tejares,,,,flat,115.0,,,2,2,,False,,False,,,,,good,True,,,,,,,,,,,,,True,,3,
111919201,https://www.idealista.com/inmueble/111919201/,sale,Córdoba,Córdoba,37.8771877,-4.7982335,True,,,Zoco - Poniente - Vistalegre,Zoco - Poniente,,,,flat,97.0,,,3,2,,False,,False,,,,,good,True,,,,,,,,,,,,,False,,5,
111962135,https://www.idealista.com/inmueble/111962135/,sale,Córdoba,Córdoba,37.8733625,-4.7773622,True,,,Sector sur - Santa Cruz,Sector sur - Santa Cruz,,,,flat,73.0,,,3,1,,False,,False,,,,,good,False,,,,,,,,,,,,,False,,2,
111324134,https://www.idealista.com/inmueble/111324134/,sale,Córdoba,Córdoba,37.8852299,-4.7752563,True,,,Centro - Casco Histórico,Casco Histórico - Ollerías - Marrubial,,,,flat,205.0,,,7,4,,False,,False,,,,,good,False,,,,,,,,,,,,,False,,2,
110916057,https://www.idealista.com/inmueble/110916057/,sale,Córdoba,Córdoba,37.8868572,-4.7686192,False,,,Centro - Casco Histórico,Casco Histórico - Corredera - Ribera,,,,flat,88.0,,,3,1,,False,,False,,,,,good,True,,,,,,,,,,,,,False,,1,
111676016,https://www.idealista.com/inmueble/111676016/,sale,Córdoba,Córdoba,37.8889436,-4.7500441,True,,,Fuensanta - Zona Arcángel,Cañero - Fidiana,,,,chalet,196.0,,,3,3,,False,,False,,,,,good,,,,,,,,,,,,,,True,,,
111833857,https://www.idealista.com/inmueble/111833857/,sale,Córdoba,Córdoba,37.8836663,-4.7737092,True,,,Centro - Casco Histórico,Casco Histórico - Corredera - Ribera,,,,chalet,364.0,,,7,4,,False,,False,,,,,good,,,,,,,,,,,,,,False,,,
111244777,https://www.idealista.com/inmueble/111244777/,sale,Córdoba,Córdoba,37.9085319,-4.7805527,True,,,Brillante - Trassierra - Naranjo,Naranjo - Mirabueno,,,,flat,108.0,,,3,3,,False,,False,,,,,good,False,,,,,,,,,,,,,False,,en,
111577680,https://www.idealista.com/inmueble/111577680/,sale,Córdoba,Córdoba,37.8877315,-4.7839833,True,,,Centro - Casco Histórico,El Vial - Ronda de Tejares,,,,flat,124.0,,,3,2,,False,,False,,,,,good,True,,,,,,,,,,,,,False,,1,
111987622,https://www.idealista.com/inmueble/111987622/,sale,Córdoba,Córdoba,37.8883527,-4.7891596,True,,,Centro - Casco Histórico,Cercadilla - Medina Azahara,,,,flat,111.0,,,4,2,,False,,False,,,,,good,True,,,,,,,,,,,,,False,,bj,
112095369,https://www.idealista.com/inmueble/112095369/,sale,Córdoba,Córdoba,37.8957731,-4.7759703,True,,,Santa Rosa - Valdeolleros,Valdeolleros - Zumbacón - Camping,,,,flat,92.0,,,3,1,,False,,False,,,,,good,True,,,,,,,,,,,,,False,,1,
111652516,https://www.idealista.com/inmueble/111652516/,sale,Córdoba,Córdoba,37.8803907,-4.7693392,True,,,Centro - Casco Histórico,Casco Histórico - Corredera - Ribera,,,,penthouse,77.0,,,3,1,,False,,False,,,,,good,False,,,,,,,,,,,,,False,,1,
110771474,https://www.idealista.com/inmueble/110771474/,sale,Córdoba,Córdoba,37.8823168,-4.7791002,True,,,Centro - Casco Histórico,Judería - San Basilio,,,,independantHouse,225.0,,,4,3,,False,,False,,,,,good,,,,,,,,,,,,,,True,,,
111576874,https://www.idealista.com/inmueble/111576874/,sale,Córdoba,Córdoba,37.8761236,-4.7727045,True,,,Campo de la Verdad,Campo de la Verdad,,,,independantHouse,120.0,,,3,2,,False,,False,,,,,good,,,,,,,,,,,,,,True,,,
111621761,https://www.idealista.com/inmueble/111621761/,sale,Córdoba,Córdoba,37.9169731,-4.7861211,True,,,Brillante - Trassierra - Naranjo,Brillante,,,,independantHouse,200.0,,,4,2,,False,,False,,,,,good,,,,,,,,,,,,,,False,,,
93553566,https://www.idealista.com/inmueble/93553566/,sale,Córdoba,Córdoba,37.8903526,-4.782208,True,,,Centro - Casco Histórico,El Vial - Ronda de Tejares,,,,flat,129.0,,,3,2,,False,,False,,,,,good,True,,,,,,,,,,,,,False,,2,
111641386,https://www.idealista.com/inmueble/111641386/,sale,Córdoba,Córdoba,37.8971944,-4.7944471,True,,,Noreña - Figueroa,Tablero,,,,flat,109.0,,,3,2,,False,,False,,,,,good,True,,,,,,,,,,,,,True,,4,
111549353,https://www.idealista.com/inmueble/111549353/,sale,Córdoba,Córdoba,37.8755757,-4.79445,True,,,Zoco - Poniente - Vistalegre,Vistalegre - Parque Cruz - Universidades,,,,flat,184.0,,,5,2,,False,,False,,,,,good,True,,,,,,,,,,,,,True,,1,
110734411,https://www.idealista.com/inmueble/110734411/,sale,Córdoba,Córdoba,37.8877982,-4.7720959,True,,,Centro - Casco Histórico,Casco Histórico - Corredera - Ribera,,,,flat,119.0,,,4,2,,False,,False,,,,,good,False,,,,,,,,,,,,,False,,,
111875974,https://www.idealista.com/inmueble/111875974/,sale,Córdoba,Córdoba,37.8995565,-4.8109087,True,,,Noreña - Figueroa,Tablero,,,,terracedHouse,140.0,,,4,3,,False,,False,,,,,good,,,,,,,,,,,,,,True,,,
111329738,https://www.idealista.com/inmueble/111329738/,sale,Córdoba,Córdoba,37.89314,-4.7586823,True,,,Levante - Lepanto - Fátima,La Viñuela,,,,flat,80.0,,,3,2,,False,,False,,,,,good,True,,,,,,,,,,,,,False,,,
111634682,https://www.idealista.com/inmueble/111634682/,sale,Córdoba,Córdoba,37.8894606,-4.7631814,True,,,Levante - Lepanto - Fátima,La Viñuela,,,,flat,62.0,,,3,1,,False,,False,,,,,good,True,,,,,,,,,,,,,False,,1,
108081453,https://www.idealista.com/inmueble/108081453/,sale,Córdoba,Córdoba,37.8977046,-4.7810203,True,,,Santa Rosa - Valdeolleros,Santa Rosa - San José,,,,flat,135.0,,,4,2,,False,,False,,,,,good,True,,,,,,,,,,,,,True,,2,
112125377,https://www.idealista.com/inmueble/112125377/,sale,Córdoba,Córdoba,37.8870348,-4.7776029,False,,,Centro - Casco Histórico,Centro,,,,independantHouse,186.0,,,3,2,,False,,False,,,,,good,,,,,,,,,,,,,,True,,,
112028213,https://www.idealista.com/inmueble/112028213/,sale,Córdoba,Córdoba,37.8839092,-4.771125,False,,,Centro - Casco Histórico,Casco Histórico - Corredera - Ribera,,,,flat,109.0,,,2,2,,False,,False,,,,,good,False,,,,,,,,,,,,,False,,1,
110435834,https://www.idealista.com/inmueble/110435834/,sale,Córdoba,Córdoba,37.8909309,-4.7751732,False,,,Centro - Casco Histórico,Casco Histórico - Ollerías - Marrubial,,,,independantHouse,235.0,,,7,3,,False,,False,,,,,good,,,,,,,,,,,,,,False,,,
111968698,https://www.idealista.com/inmueble/111968698/,sale,Córdoba,Córdoba,37.8986295,-4.7744641,False,,,Santa Rosa - Valdeolleros,Valdeolleros - Zumbacón - Camping,,,,flat,101.0,,,2,2,,False,,False,,,,,good,False,,,,,,,,,,,,,False,,1,
111442099,https://www.idealista.com/inmueble/111442099/,sale,Córdoba,Córdoba,37.8821472,-4.7802931,True,,,Centro - Casco Histórico,Judería - San Basilio,,,,flat,90.0,,,3,1,,False,,False,,,,,good,False,,,,,,,,,,,,,False,,,
111586977,https://www.idealista.com/inmueble/111586977/,sale,Córdoba,Córdoba,37.8865169,-4.7848129,True,,,Centro - Casco Histórico,El Vial - Ronda de Tejares,,,,flat,300.0,,,4,3,,False,,False,,,,,good,True,,,,,,,,,,,,,True,,2,
112143136,https://www.idealista.com/inmueble/112143136/,sale,Córdoba,Córdoba,37.8777955,-4.7824031,True,,,Centro - Casco Histórico,Judería - San Basilio,,,,flat,56.0,,,1,1,,False,,False,,,,,good,True,,,,,,,,,,,,,False,,bj,
111993767,https://www.idealista.com/inmueble/111993767/,sale,Córdoba,Córdoba,37.8953756,-4.7871046,False,,,Santa Rosa - Valdeolleros,Huerta de la Reina,,,,flat,65.0,,,2,1,,False,,False,,,,,good,False,,,,,,,,,,,,,False,,2,
111076487,https://www.idealista.com/inmueble/111076487/,sale,Córdoba,Córdoba,37.8815226,-4.7719841,False,,,Centro - Casco Histórico,Casco Histórico - Corredera - Ribera,,,,independantHouse,250.0,,,3,2,,False,,False,,,,,renew,,,,,,,,,,,,,,False,,,
111143302,https://www.idealista.com/inmueble/111143302/,sale,Córdoba,Córdoba,37.8929831,-4.7645796,True,,,Levante - Lepanto - Fátima,Levante,,,,flat,104.0,,,4,2,,False,,False,,,,,good,True,,,,,,,,,,,,,True,,2,
111788896,https://www.idealista.com/inmueble/111788896/,sale,Córdoba,Córdoba,37.8907532,-4.7663535,True,,,Centro - Casco Histórico,Casco Histórico - Ollerías - Marrubial,,,,flat,77.0,,,3,1,,False,,False,,,,,renew,False,,,,,,,,,,,,,False,,2,
111636133,https://www.idealista.com/inmueble/111636133/,sale,Córdoba,Córdoba,37.8886569,-4.7614881,True,,,Levante - Lepanto - Fátima,La Viñuela,,,,flat,62.0,,,3,1,,False,,False,,,,,good,True,,,,,,,,,,,,,False,,1,
111256983,https://www.idealista.com/inmueble/111256983/,sale,Córdoba,Córdoba,37.9079098,-4.7788167,True,,,Brillante - Trassierra - Naranjo,Naranjo - Mirabueno,,,,chalet,186.0,,,4,2,,False,,False,,,,,good,,,,,,,,,,,,,,False,,,
111759522,https://www.idealista.com/inmueble/111759522/,sale,Córdoba,Córdoba,37.8932818,-4.7974881,True,,,Noreña - Figueroa,Tablero,,,,penthouse,130.0,,,3,2,,False,,False,,,,,good,True,,,,,,,,,,,,,True,,5,
111726393,https://www.idealista.com/inmueble/111726393/,sale,Córdoba,Córdoba,37.896102,-4.7920783,True,,,Noreña - Figueroa,Tablero,,,,flat,138.0,,,4,2,,False,,False,,,,,good,True,,,,,,,,,,,,,True,,4,
111734409,https://www.idealista.com/inmueble/111734409/,sale,Córdoba,Córdoba,37.8832965,-4.7777775,True,,,Centro - Casco Histórico,Judería - San Basilio,,,,flat,52.0,,,1,1,,False,,False,,,,,good,False,,,,,,,,,,,,,True,,bj,
112157311,https://www.idealista.com/inmueble/112157311/,sale,Córdoba,Córdoba,37.8914189,-4.7641964,True,,,Levante - Lepanto - Fátima,La Viñuela,,,,flat,67.0,,,3,1,,False,,False,,,,,renew,False,,,,,,,,,,,,,False,,3,
111991991,https://www.idealista.com/inmueble/111991991/,sale,Córdoba,Córdoba,37.8886636,-4.7605229,True,,,Levante - Lepanto - Fátima,La Viñuela,,,,flat,62.0,,,3,1,,False,,False,,,,,good,True,,,,,,,,,,,,,False,,1,
111778988,https://www.idealista.com/inmueble/111778988/,sale,Córdoba,Córdoba,37.8914108,-4.7615181,True,,,Levante - Lepanto - Fátima,La Viñuela,,,,flat,62.0,,,3,1,,False,,False,,,,,good,True,,,,,,,,,,,,,False,,1,
110677921,https://www.idealista.com/inmueble/110677921/,sale,Córdoba,Córdoba,37.8810721,-4.7885538,True,,,Ciudad Jardín,Ciudad Jardín,,,,flat,70.0,,,1,1,,False,,False,,,,,good,False,,,,,,,,,,,,,False,,bj,
110384906,https://www.idealista.com/inmueble/110384906/,sale,Córdoba,Córdoba,37.89714,-4.7664993,True,,,Levante - Lepanto - Fátima,Levante,,,,flat,125.0,,,4,2,,False,,False,,,,,good,False,,,,,,,,,,,,,False,,2,
112106422,https://www.idealista.com/inmueble/112106422/,sale,Córdoba,Córdoba,37.8906574,-4.790937,True,,,Noreña - Figueroa,Carretera Trassierra - Colonia de la Paz,,,,flat,77.0,,,3,1,,False,,False,,,,,renew,False,,,,,,,,,,,,,False,,3,
111919167,https://www.idealista.com/inmueble/111919167/,sale,Córdoba,Córdoba,37.8993568,-4.7795826,True,,,Santa Rosa - Valdeolleros,Valdeolleros - Zumbacón - Camping,,,,flat,67.0,,,3,1,,False,,False,,,,,good,False,,,,,,,,,,,,,False,,3,
111308027,https://www.idealista.com/inmueble/111308027/,sale,Córdoba,Córdoba,37.895823,-4.8087592,True,,,Noreña - Figueroa,Noreña - Turruñuelos,,,,flat,106.0,,,3,2,,False,,False,,,,,good,True,,,,,,,,,,,,,True,,2,
111648900,https://www.idealista.com/inmueble/111648900/,sale,Córdoba,Córdoba,37.8797091,-4.7616485,True,,,Fuensanta - Zona Arcángel,Fuensanta - Arcángel - Santuario,,,,flat,68.0,,,3,1,,False,,False,,,,,good,False,,,,,,,,,,,,,False,,3,
112097745,https://www.idealista.com/inmueble/112097745/,sale,Córdoba,Córdoba,37.8947665,-4.785231,True,,,Santa Rosa - Valdeolleros,Huerta de la Reina,,,,flat,65.0,,,2,1,,False,,False,,,,,good,False,,,,,,,,,,,,,False,,2,
112018298,https://www.idealista.com/inmueble/112018298/,sale,Córdoba,Córdoba,37.8975197,-4.7739275,True,,,Santa Rosa - Valdeolleros,Valdeolleros - Zumbacón - Camping,,,,flat,101.0,,,2,2,,False,,False,,,,,good,True,,,,,,,,,,,,,False,,1,
110715260,https://www.idealista.com/inmueble/110715260/,sale,Córdoba,Córdoba,37.8912932,-4.7631301,True,,,Levante - Lepanto - Fátima,La Viñuela,,,,flat,114.0,,,3,1,,False,,False,,,,,good,False,,,,,,,,,,,,,False,,1,
111525077,https://www.idealista.com/inmueble/111525077/,sale,Córdoba,Córdoba,37.8855408,-4.7763637,True,,,Centro - Casco Histórico,Centro,,,,independantHouse,186.0,,,3,2,,False,,False,,,,,good,,,,,,,,,,,,,,True,,,
110903972,https://www.idealista.com/inmueble/110903972/,sale,Córdoba,Córdoba,37.88712,-4.7801834,True,,,Centro - Casco Histórico,Centro,,,,flat,76.0,,,2,1,,False,,False,,,,,good,False,,,,,,,,,,,,,False,,bj,
111171721,https://www.idealista.com/inmueble/111171721/,sale,Córdoba,Córdoba,37.8878796,-4.7885048,True,,,Centro - Casco Histórico,Cercadilla - Medina Azahara,,,,flat,94.0,,,2,1,,False,,False,,,,,good,True,,,,,,,,,,,,,True,,1,
112073619,https://www.idealista.com/inmueble/112073619/,sale,Córdoba,Córdoba,37.8885356,-4.7545975,True,,,Fuensanta - Zona Arcángel,Cañero - Fidiana,,,,independantHouse,216.0,,,5,3,,False,,False,,,,,good,,,,,,,,,,,,,,True,,,
111213349,https://www.idealista.com/inmueble/111213349/,sale,Córdoba,Córdoba,37.8918351,-4.7507005,True,,,Fuensanta - Zona Arcángel,Cañero - Fidiana,,,,independantHouse,180.0,,,5,2,,False,,False,,,,,good,,,,,,,,,,,,,,False,,,
111897106,https://www.idealista.com/inmueble/111897106/,sale,Córdoba,Córdoba,37.8966739,-4.7868263,True,,,Santa Rosa - Valdeolleros,Huerta de la Reina,,,,flat,65.0,,,2,1,,False,,False,,,,,good,False,,,,,,,,,,,,,False,,2,
111334076,https://www.idealista.com/inmueble/111334076/,sale,Córdoba,Córdoba,37.8806002,-4.7652171,True,,,Fuensanta - Zona Arcángel,Fuensanta - Arcángel - Santuario,,,,flat,68.0,,,3,1,,False,,False,,,,,good,False,,,,,,,,,,,,,False,,3,
111408938,https://www.idealista.com/inmueble/111408938/,sale,Córdoba,Córdoba,37.8896356,-4.7701745,True,,,Centro - Casco Histórico,Casco Histórico - Ollerías - Marrubial,,,,flat,53.0,,,3,1,,False,,False,,,,,good,False,,,,,,,,,,,,,False,,3,
112023570,https://www.idealista.com/inmueble/112023570/,sale,Córdoba,Córdoba,37.8949716,-4.78466,True,,,Santa Rosa - Valdeolleros,Huerta de la Reina,,,,flat,110.0,,,4,2,,False,,False,,,,,good,False,,,,,,,,,,,,,False,,1,
112106421,https://www.idealista.com/inmueble/112106421/,sale,Córdoba,Córdoba,37.9038759,-4.7870194,True,,,Brillante - Trassierra - Naranjo,Brillante,,,,independantHouse,180.0,,,5,4,,False,,False,,,,,good,,,,,,,,,,,,,,True,,,
110964214,https://www.idealista.com/inmueble/110964214/,sale,Córdoba,Córdoba,37.8823172,-4.7713063,True,,,Centro - Casco Histórico,Casco Histórico - Corredera - Ribera,,,,flat,38.0,,,1,1,,False,,False,,,,,good,False,,,,,,,,,,,,,False,,bj,
111376150,https://www.idealista.com/inmueble/111376150/,sale,Córdoba,Córdoba,37.8847653,-4.7941124,True,,,Ciudad Jardín,Ciudad Jardín,,,,flat,100.0,,,3,1,,False,,False,,,,,good,True,,,,,,,,,,,,,False,,1,
110973088,https://www.idealista.com/inmueble/110973088/,sale,Córdoba,Córdoba,37.8892902,-4.7859546,True,,,Centro - Casco Histórico,El Vial - Ronda de Tejares,,,,flat,102.0,,,3,2,,False,,False,,,,,good,True,,,,,,,,,,,,,False,,3,
110182088,https://www.idealista.com/inmueble/110182088/,sale,Córdoba,Córdoba,37.8795422,-4.7730569,True,,,Centro - Casco Histórico,Casco Histórico - Corredera - Ribera,,,,flat,86.0,,,2,1,,False,,False,,,,,good,True,,,,,,,,,,,,,False,,2,
110120037,https://www.idealista.com/inmueble/110120037/,sale,Córdoba,Córdoba,37.8836275,-4.772596,True,,,Centro - Casco Histórico,Casco Histórico - Corredera - Ribera,,,,chalet,157.0,,,4,3,,False,,False,,,,,good,,,,,,,,,,,,,,False,,,
110942570,https://www.idealista.com/inmueble/110942570/,sale,Córdoba,Córdoba,37.89532,-4.7744701,True,,,Santa Rosa - Valdeolleros,Valdeolleros - Zumbacón - Camping,,,,flat,103.0,,,4,1,,False,,False,,,,,good,True,,,,,,,,,,,,,False,,1,
110463419,https://www.idealista.com/inmueble/110463419/,sale,Córdoba,Córdoba,37.8816497,-4.7912153,True,,,Ciudad Jardín,Ciudad Jardín,,,,penthouse,80.0,,,2,1,,False,,False,,,,,good,True,,,,,,,,,,,,,False,,5,
110686210,https://www.idealista.com/inmueble/110686210/,sale,Córdoba,Córdoba,37.9118825,-4.8007908,True,,,Brillante - Trassierra - Naranjo,Brillante,,,,independantHouse,800.0,,,11,9,,False,,False,,,,,good,,,,,,,,,,,,,,False,,,
111853095,https://www.idealista.com/inmueble/111853095/,sale,Córdoba,Córdoba,37.8964171,-4.795449,True,,,Noreña - Figueroa,Tablero,,,,flat,110.0,,,3,2,,False,,False,,,,,good,True,,,,,,,,,,,,,True,,1,
108050017,https://www.idealista.com/inmueble/108050017/,sale,Córdoba,Córdoba,37.8819468,-4.7724435,True,,,Centro - Casco Histórico,Casco Histórico - Corredera - Ribera,,,,independantHouse,205.0,,,4,5,,False,,False,,,,,good,,,,,,,,,,,,,,True,,,
108037940,https://www.idealista.com/inmueble/108037940/,sale,Córdoba,Córdoba,37.883546,-4.7761476,True,,,Centro - Casco Histórico,Judería - San Basilio,,,,flat,192.0,,,4,2,,False,,False,,,,,good,True,,,,,,,,,,,,,False,,1,
111808884,https://www.idealista.com/inmueble/111808884/,sale,Córdoba,Córdoba,37.8797679,-4.790256,True,,,Ciudad Jardín,Ciudad Jardín,,,,flat,138.0,,,4,2,,False,,False,,,,,good,False,,,,,,,,,,,,,False,,2,
111711847,https://www.idealista.com/inmueble/111711847/,sale,Córdoba,Córdoba,37.924146,-4.7519106,True,,,Brillante - Trassierra - Naranjo,Paraíso Arenal - La Colina,,,,independantHouse,252.0,,,4,3,,False,,False,,,,,good,,,,,,,,,,,,,,True,,,
105112815,https://www.idealista.com/inmueble/105112815/,sale,Córdoba,Córdoba,37.8884914,-4.7669688,True,,,Centro - Casco Histórico,Casco Histórico - Ollerías - Marrubial,,,,terracedHouse,116.0,,,4,2,,False,,False,,,,,renew,,,,,,,,,,,,,,False,,,
112107769,https://www.idealista.com/inmueble/112107769/,sale,Córdoba,Córdoba,37.8860046,-4.7825595,True,,,Centro - Casco Histórico,El Vial - Ronda de Tejares,,,,flat,182.0,,,6,3,,False,,False,,,,,good,True,,,,,,,,,,,,,False,,4,
111496750,https://www.idealista.com/inmueble/111496750/,sale,Córdoba,Córdoba,37.8944135,-4.77088,True,,,Centro - Casco Histórico,San Cayetano,,,,flat,90.0,,,3,2,,False,,False,,,,,good,True,,,,,,,,,,,,,False,,bj,
111966547,https://www.idealista.com/inmueble/111966547/,sale,Córdoba,Córdoba,37.8987452,-4.7734103,True,,,Santa Rosa - Valdeolleros,Valdeolleros - Zumbacón - Camping,,,,flat,101.0,,,2,2,,False,,False,,,,,good,False,,,,,,,,,,,,,False,,1,
111994414,https://www.idealista.com/inmueble/111994414/,sale,Córdoba,Córdoba,37.8840913,-4.7763046,True,,,Centro - Casco Histórico,Centro,,,,flat,40.0,,,1,1,,False,,False,,,,,good,False,,,,,,,,,,,,,False,,1,
111824282,https://www.idealista.com/inmueble/111824282/,sale,Córdoba,Córdoba,37.8959381,-4.7990221,True,,,Noreña - Figueroa,Tablero,,,,flat,85.0,,,3,2,,False,,False,,,,,good,True,,,,,,,,,,,,,True,,4,
112065275,https://www.idealista.com/inmueble/112065275/,sale,Córdoba,Córdoba,37.8907591,-4.7750644,True,,,Centro - Casco Histórico,Casco Histórico - Ollerías - Marrubial,,,,flat,57.0,,,2,1,,False,,False,,,,,good,False,,,,,,,,,,,,,True,,1,
109266241,https://www.idealista.com/inmueble/109266241/,sale,Córdoba,Córdoba,37.8968034,-4.7994324,True,,,Noreña - Figueroa,Tablero,,,,flat,136.0,,,3,2,,False,,False,,,,,good,True,,,,,,,,,,,,,True,,1,
111328206,https://www.idealista.com/inmueble/111328206/,sale,Córdoba,Córdoba,37.8918573,-4.7648067,True,,,Levante - Lepanto - Fátima,La Viñuela,,,,penthouse,80.0,,,3,1,,False,,False,,,,,good,False,,,,,,,,,,,,,False,,4,
110362149,https://www.idealista.com/inmueble/110362149/,sale,Córdoba,Córdoba,37.9007754,-4.7570613,True,,,Levante - Lepanto - Fátima,Fátima - Campiñuela,,,,flat,68.0,,,3,1,,False,,False,,,,,good,True,,,,,,,,,,,,,False,,2,
111821982,https://www.idealista.com/inmueble/111821982/,sale,Córdoba,Córdoba,37.8960328,-4.79478,True,,,Noreña - Figueroa,Tablero,,,,flat,131.0,,,4,2,,False,,False,,,,,good,True,,,,,,,,,,,,,True,,4,
111361865,https://www.idealista.com/inmueble/111361865/,sale,Córdoba,Córdoba,37.8839325,-4.7923877,True,,,Ciudad Jardín,Ciudad Jardín,,,,flat,73.0,,,3,1,,False,,False,,,,,good,True,,,,,,,,,,,,,False,,1,
111563829,https://www.idealista.com/inmueble/111563829/,sale,Córdoba,Córdoba,37.8989517,-4.7829178,True,,,Santa Rosa - Valdeolleros,Santa Rosa - San José,,,,flat,115.0,,,4,2,,False,,False,,,,,good,True,,,,,,,,,,,,,True,,3,
111161706,https://www.idealista.com/inmueble/111161706/,sale,Córdoba,Córdoba,37.895198,-4.7806417,True,,,Santa Rosa - Valdeolleros,Santa Rosa - San José,,,,flat,94.0,,,2,1,,False,,False,,,,,good,False,,,,,,,,,,,,,False,,2,
110054137,https://www.idealista.com/inmueble/110054137/,sale,Córdoba,Córdoba,37.8830734,-4.7738194,True,,,Centro - Casco Histórico,Casco Histórico - Corredera - Ribera,,,,flat,97.0,,,2,2,,False,,False,,,,,good,False,,,,,,,,,,,,,False,,,
112097758,https://www.idealista.com/inmueble/112097758/,sale,Córdoba,Córdoba,37.9027882,-4.801124,True,,,Noreña - Figueroa,Tablero,,,,flat,445.0,,,3,2,,False,,False,,,,,good,True,,,,,,,,,,,,,True,,,
110771480,https://www.idealista.com/inmueble/110771480/,sale,Córdoba,Córdoba,37.8895203,-4.7809012,True,,,Centro - Casco Histórico,El Vial - Ronda de Tejares,,,,flat,135.0,,,4,2,,False,,False,,,,,good,True,,,,,,,,,,,,,False,,,
111711258,https://www.idealista.com/inmueble/111711258/,sale,Córdoba,Córdoba,37.8795505,-4.7646413,True,,,Fuensanta - Zona Arcángel,Fuensanta - Arcángel - Santuario,,,,studio,42.0,,,0,1,,False,,True,,,,,good,False,,,,,,,,,,,,,False,,,
111411900,https://www.idealista.com/inmueble/111411900/,sale,Córdoba,Córdoba,37.8766483,-4.7755725,True,,,Campo de la Verdad,Campo de la Verdad,,,,independantHouse,120.0,,,3,2,,False,,False,,,,,good,,,,,,,,,,,,,,True,,,
111442901,https://www.idealista.com/inmueble/111442901/,sale,Córdoba,Córdoba,37.8924185,-4.804031,True,,,Noreña - Figueroa,Tablero,,,,flat,182.0,,,5,3,,False,,False,,,,,good,True,,,,,,,,,,,,,True,,,
111711490,https://www.idealista.com/inmueble/111711490/,sale,Córdoba,Córdoba,37.8954326,-4.7985058,True,,,Noreña - Figueroa,Tablero,,,,flat,186.0,,,4,2,,False,,False,,,,,good,True,,,,,,,,,,,,,True,,2,
112323108,https://www.idealista.com/inmueble/112323108/,sale,Córdoba,Córdoba,37.8967997,-4.7597397,True,,,Levante - Lepanto - Fátima,Levante,,,,flat,87.0,,,3,1,,False,,False,,,,,good,False,,,,,,,,,,,,,False,,,
111184005,https://www.idealista.com/inmueble/111184005/,sale,Córdoba,Córdoba,37.8928704,-4.7674923,True,,,Levante - Lepanto - Fátima,Levante,,,,flat,64.0,,,3,1,,False,,False,,,,,good,False,,,,,,,,,,,,,False,,3,
111843132,https://www.idealista.com/inmueble/111843132/,sale,Córdoba,Córdoba,37.8923695,-4.7820811,True,,,Centro - Casco Histórico,El Vial - Ronda de Tejares,,,,flat,257.0,,,6,3,,False,,False,,,,,good,True,,,,,,,,,,,,,True,,3,
111914843,https://www.idealista.com/inmueble/111914843/,sale,Córdoba,Córdoba,37.8851195,-4.7957791,True,,,Ciudad Jardín,Ciudad Jardín,,,,flat,59.0,,,2,1,,False,,False,,,,,good,True,,,,,,,,,,,,,False,,5,
111711767,https://www.idealista.com/inmueble/111711767/,sale,Córdoba,Córdoba,37.8838465,-4.7722549,True,,,Centro - Casco Histórico,Casco Histórico - Corredera - Ribera,,,,flat,42.0,,,1,1,,False,,False,,,,,good,False,,,,,,,,,,,,,False,,bj,
111395750,https://www.idealista.com/inmueble/111395750/,sale,Córdoba,Córdoba,37.8896925,-4.7696908,True,,,Centro - Casco Histórico,Casco Histórico - Ollerías - Marrubial,,,,flat,53.0,,,3,1,,False,,False,,,,,good,False,,,,,,,,,,,,,False,,3,
107317574,https://www.idealista.com/inmueble/107317574/,sale,Córdoba,Córdoba,37.8976041,-4.7806555,True,,,Santa Rosa - Valdeolleros,Valdeolleros - Zumbacón - Camping,,,,chalet,103.0,,,3,2,,False,,False,,,,,good,,,,,,,,,,,,,,False,,,
111572232,https://www.idealista.com/inmueble/111572232/,sale,Córdoba,Córdoba,37.8861291,-4.7728685,True,,,Centro - Casco Histórico,Casco Histórico - Corredera - Ribera,,,,flat,117.0,,,3,2,,False,,False,,,,,good,False,,,,,,,,,,,,,True,,,
104631772,https://www.idealista.com/inmueble/104631772/,sale,Córdoba,Córdoba,37.9222012,-4.7953943,True,,,Brillante - Trassierra - Naranjo,Brillante,,,,independantHouse,320.0,,,9,6,,False,,False,,,,,good,,,,,,,,,,,,,,False,,,
111028516,https://www.idealista.com/inmueble/111028516/,sale,Córdoba,Córdoba,37.8942884,-4.7801246,True,,,Santa Rosa - Valdeolleros,Santa Rosa - San José,,,,flat,53.0,,,1,1,,False,,False,,,,,good,True,,,,,,,,,,,,,False,,bj,
108028426,https://www.idealista.com/inmueble/108028426/,sale,Córdoba,Córdoba,37.8983271,-4.774792,True,,,Santa Rosa - Valdeolleros,Valdeolleros - Zumbacón - Camping,,,,chalet,135.0,,,2,1,,False,,False,,,,,good,,,,,,,,,,,,,,True,,,
105430399,https://www.idealista.com/inmueble/105430399/,sale,Córdoba,Córdoba,37.8954386,-4.7837651,True,,,Santa Rosa - Valdeolleros,Huerta de la Reina,,,,flat,80.0,,,3,1,,False,,False,,,,,good,True,,,,,,,,,,,,,False,,bj,
111370361,https://www.idealista.com/inmueble/111370361/,sale,Córdoba,Córdoba,37.8904237,-4.763546,True,,,Levante - Lepanto - Fátima,La Viñuela,,,,flat,100.0,,,3,2,,False,,False,,,,,good,True,,,,,,,,,,,,,False,,2,
111895295,https://www.idealista.com/inmueble/111895295/,sale,Córdoba,Córdoba,37.8904119,-4.7684232,True,,,Centro - Casco Histórico,Casco Histórico - Ollerías - Marrubial,,,,flat,26.0,,,2,1,,False,,False,,,,,good,False,,,,,,,,,,,,,False,,bj,
108544268,https://www.idealista.com/inmueble/108544268/,sale,Córdoba,Córdoba,37.8896939,-4.7740175,True,,,Centro - Casco Histórico,Casco Histórico - Ollerías - Marrubial,,,,flat,97.0,,,3,1,,False,,False,,,,,good,False,,,,,,,,,,,,,False,,1,
108688205,https://www.idealista.com/inmueble/108688205/,sale,Córdoba,Córdoba,37.8846469,-4.7692935,True,,,Centro - Casco Histórico,Casco Histórico - Corredera - Ribera,,,,flat,113.0,,,2,1,,False,,False,,,,,good,False,,,,,,,,,,,,,False,,1,
111453174,https://www.idealista.com/inmueble/111453174/,sale,Córdoba,Córdoba,37.8767918,-4.7925161,True,,,Zoco - Poniente - Vistalegre,Vistalegre - Parque Cruz - Universidades,,,,flat,184.0,,,5,2,,False,,False,,,,,good,True,,,,,,,,,,,,,True,,1,
112041120,https://www.idealista.com/inmueble/112041120/,sale,Córdoba,Córdoba,37.8921378,-4.7686105,True,,,Centro - Casco Histórico,Casco Histórico - Ollerías - Marrubial,,,,flat,45.0,,,1,1,,False,,False,,,,,good,False,,,,,,,,,,,,,False,,bj,
111177868,https://www.idealista.com/inmueble/111177868/,sale,Córdoba,Córdoba,37.8815856,-4.7923959,True,,,Ciudad Jardín,Ciudad Jardín,,,,flat,100.0,,,3,1,,False,,False,,,,,good,False,,,,,,,,,,,,,False,,4,
111473828,https://www.idealista.com/inmueble/111473828/,sale,Córdoba,Córdoba,37.8731776,-4.7953584,True,,,Zoco - Poniente - Vistalegre,Vistalegre - Parque Cruz - Universidades,,,,flat,76.0,,,2,1,,False,,False,,,,,good,True,,,,,,,,,,,,,False,,3,
112012802,https://www.idealista.com/inmueble/112012802/,sale,Córdoba,Córdoba,37.8952136,-4.8113144,True,,,Noreña - Figueroa,Noreña - Turruñuelos,,,,flat,150.0,,,3,2,,False,,False,,,,,good,True,,,,,,,,,,,,,True,,bj,
109280704,https://www.idealista.com/inmueble/109280704/,sale,Córdoba,Córdoba,37.8917159,-4.7628764,True,,,Levante - Lepanto - Fátima,La Viñuela,,,,flat,78.0,,,3,1,,False,,False,,,,,good,False,,,,,,,,,,,,,False,,1,
110857681,https://www.idealista.com/inmueble/110857681/,sale,Córdoba,Córdoba,37.8901489,-4.7605283,True,,,Levante - Lepanto - Fátima,La Viñuela,,,,flat,67.0,,,2,1,,False,,False,,,,,good,False,,,,,,,,,,,,,False,,3,
111764620,https://www.idealista.com/inmueble/111764620/,sale,Córdoba,Córdoba,37.8838575,-4.7696148,True,,,Centro - Casco Histórico,Casco Histórico - Corredera - Ribera,,,,flat,114.0,,,3,2,,False,,False,,,,,good,False,,,,,,,,,,,,,False,,1,
111630413,https://www.idealista.com/inmueble/111630413/,sale,Córdoba,Córdoba,37.8976681,-4.777705,True,,,Santa Rosa - Valdeolleros,Valdeolleros - Zumbacón - Camping,,,,flat,73.0,,,3,1,,False,,False,,,,,good,True,,,,,,,,,,,,,False,,2,
109120469,https://www.idealista.com/inmueble/109120469/,sale,Córdoba,Córdoba,37.8903273,-4.7686962,True,,,Centro - Casco Histórico,Casco Histórico - Ollerías - Marrubial,,,,flat,33.0,,,2,1,,False,,False,,,,,good,False,,,,,,,,,,,,,False,,bj,
111967267,https://www.idealista.com/inmueble/111967267/,sale,Córdoba,Córdoba,37.8978119,-4.778898,True,,,Santa Rosa - Valdeolleros,Valdeolleros - Zumbacón - Camping,,,,flat,61.0,,,2,1,,False,,False,,,,,good,False,,,,,,,,,,,,,False,,3,
112119199,https://www.idealista.com/inmueble/112119199/,sale,Córdoba,Córdoba,37.8867087,-4.7781342,True,,,Centro - Casco Histórico,Centro,,,,independantHouse,137.0,,,3,2,,False,,False,,,,,renew,,,,,,,,,,,,,,False,,,
111245186,https://www.idealista.com/inmueble/111245186/,sale,Córdoba,Córdoba,37.8819772,-4.7927796,True,,,Ciudad Jardín,Ciudad Jardín,,,,flat,70.0,,,3,1,,False,,False,,,,,good,False,,,,,,,,,,,,,False,,4,
111959114,https://www.idealista.com/inmueble/111959114/,sale,Córdoba,Córdoba,37.8877298,-4.7829279,True,,,Centro - Casco Histórico,Centro,,,,flat,290.0,,,4,4,,False,,False,,,,,good,True,,,,,,,,,,,,,True,,4,
111755711,https://www.idealista.com/inmueble/111755711/,sale,Córdoba,Córdoba,37.8882633,-4.76834,True,,,Centro - Casco Histórico,Casco Histórico - Ollerías - Marrubial,,,,flat,53.0,,,3,1,,False,,False,,,,,good,False,,,,,,,,,,,,,False,,3,
110054134,https://www.idealista.com/inmueble/110054134/,sale,Córdoba,Córdoba,37.8804147,-4.7909385,True,,,Ciudad Jardín,Ciudad Jardín,,,,flat,50.0,,,1,1,,False,,False,,,,,good,False,,,,,,,,,,,,,False,,,
110054133,https://www.idealista.com/inmueble/110054133/,sale,Córdoba,Córdoba,37.8824966,-4.7924403,True,,,Ciudad Jardín,Ciudad Jardín,,,,flat,53.0,,,2,1,,False,,False,,,,,good,False,,,,,,,,,,,,,False,,,
110452031,https://www.idealista.com/inmueble/110452031/,sale,Córdoba,Córdoba,37.8807049,-4.7741031,True,,,Centro - Casco Histórico,Casco Histórico - Corredera - Ribera,,,,flat,85.0,,,3,2,,False,,False,,,,,good,False,,,,,,,,,,,,,False,,1,
108888993,https://www.idealista.com/inmueble/108888993/,sale,Córdoba,Córdoba,37.8948812,-4.7592696,True,,,Levante - Lepanto - Fátima,Levante,,,,flat,75.0,,,2,1,,False,,False,,,,,good,False,,,,,,,,,,,,,False,,3,
111917320,https://www.idealista.com/inmueble/111917320/,sale,Córdoba,Córdoba,37.8798485,-4.7839049,True,,,Centro - Casco Histórico,Judería - San Basilio,,,,flat,111.0,,,4,2,,False,,False,,,,,good,True,,,,,,,,,,,,,False,,7,
110054131,https://www.idealista.com/inmueble/110054131/,sale,Córdoba,Córdoba,37.8829432,-4.7757138,True,,,Centro - Casco Histórico,Casco Histórico - Corredera - Ribera,,,,flat,82.0,,,2,1,,False,,False,,,,,good,False,,,,,,,,,,,,,False,,,
109755104,https://www.idealista.com/inmueble/109755104/,sale,Córdoba,Córdoba,37.8833361,-4.7891646,True,,,Ciudad Jardín,Ciudad Jardín,,,,flat,137.0,,,3,2,,False,,False,,,,,good,True,,,,,,,,,,,,,False,,3,
112090788,https://www.idealista.com/inmueble/112090788/,sale,Córdoba,Córdoba,37.8919162,-4.7613013,True,,,Levante - Lepanto - Fátima,La Viñuela,,,,flat,72.0,,,3,1,,False,,False,,,,,good,True,,,,,,,,,,,,,False,,,
111778152,https://www.idealista.com/inmueble/111778152/,sale,Córdoba,Córdoba,37.8922238,-4.7735927,True,,,Centro - Casco Histórico,Casco Histórico - Ollerías - Marrubial,,,,flat,42.0,,,1,1,,False,,False,,,,,good,False,,,,,,,,,,,,,False,,,
94890984,https://www.idealista.com/inmueble/94890984/,sale,Córdoba,Córdoba,37.8907827,-4.7760321,True,,,Centro - Casco Histórico,Casco Histórico - Ollerías - Marrubial,,,,flat,158.0,,,3,2,,False,,False,,,,,good,False,,,,,,,,,,,,,False,,3,
111918843,https://www.idealista.com/inmueble/111918843/,sale,Córdoba,Córdoba,37.8814687,-4.7797875,True,,,Centro - Casco Histórico,Centro,,,,flat,48.0,,,2,1,,False,,False,,,,,good,True,,,,,,,,,,,,,False,,,
110060608,https://www.idealista.com/inmueble/110060608/,sale,Córdoba,Córdoba,37.8901925,-4.795775,True,,,Noreña - Figueroa,Carretera Trassierra - Colonia de la Paz,,,,flat,83.0,,,3,1,,False,,False,,,,,good,False,,,,,,,,,,,,,False,,,
107109164,https://www.idealista.com/inmueble/107109164/,sale,Córdoba,Córdoba,37.8962883,-4.7769046,True,,,Santa Rosa - Valdeolleros,Valdeolleros - Zumbacón - Camping,,,,flat,92.0,,,3,1,,False,,False,,,,,good,False,,,,,,,,,,,,,False,,2,
111968713,https://www.idealista.com/inmueble/111968713/,sale,Córdoba,Córdoba,37.8866584,-4.7741736,True,,,Centro - Casco Histórico,Casco Histórico - Ollerías - Marrubial,,,,flat,49.0,,,2,1,,False,,False,,,,,good,False,,,,,,,,,,,,,False,,2,
109881100,https://www.idealista.com/inmueble/109881100/,sale,Córdoba,Córdoba,37.8876556,-4.7987853,True,,,Noreña - Figueroa,Noreña - Turruñuelos,,,,flat,114.0,,,3,2,,False,,False,,,,,good,True,,,,,,,,,,,,,True,,1,
111706699,https://www.idealista.com/inmueble/111706699/,sale,Córdoba,Córdoba,37.8931678,-4.768879,True,,,Levante - Lepanto - Fátima,Levante,,,,flat,80.0,,,2,1,,False,,False,,,,,good,False,,,,,,,,,,,,,False,,3,
109619519,https://www.idealista.com/inmueble/109619519/,sale,Córdoba,Córdoba,37.908214,-4.7780824,True,,,Brillante - Trassierra - Naranjo,Naranjo - Mirabueno,,,,flat,108.0,,,3,2,,False,,False,,,,,good,True,,,,,,,,,,,,,True,,1,
111539522,https://www.idealista.com/inmueble/111539522/,sale,Córdoba,Córdoba,37.9056016,-4.7845629,True,,,Brillante - Trassierra - Naranjo,Brillante,,,,independantHouse,357.0,,,7,4,,False,,False,,,,,good,,,,,,,,,,,,,,True,,,
110971830,https://www.idealista.com/inmueble/110971830/,sale,Córdoba,Córdoba,37.8875651,-4.7717823,True,,,Centro - Casco Histórico,Casco Histórico - Ollerías - Marrubial,,,,independantHouse,287.0,,,7,5,,False,,False,,,,,good,,,,,,,,,,,,,,False,,,
112026706,https://www.idealista.com/inmueble/112026706/,sale,Córdoba,Córdoba,37.8820629,-4.7891081,True,,,Ciudad Jardín,Ciudad Jardín,,,,flat,148.0,,,5,3,,False,,False,,,,,renew,True,,,,,,,,,,,,,False,,2,
110257278,https://www.idealista.com/inmueble/110257278/,sale,Córdoba,Córdoba,37.8809526,-4.7716052,True,,,Centro - Casco Histórico,Casco Histórico - Corredera - Ribera,,,,independantHouse,350.0,,,5,5,,False,,False,,,,,good,,,,,,,,,,,,,,False,,,
112374786,https://www.idealista.com/inmueble/112374786/,sale,Córdoba,Córdoba,37.8799522,-4.7930665,True,,,Ciudad Jardín,Ciudad Jardín,,,,flat,56.0,,,2,1,,False,,False,,,,,good,False,,,,,,,,,,,,,False,,3,
103451929,https://www.idealista.com/inmueble/103451929/,sale,Córdoba,Córdoba,37.8934652,-4.7737564,True,,,Centro - Casco Histórico,San Cayetano,,,,terracedHouse,117.0,,,4,2,,False,,False,,,,,good,,,,,,,,,,,,,,False,,,
111854816,https://www.idealista.com/inmueble/111854816/,sale,Córdoba,Córdoba,37.8860907,-4.7725217,True,,,Centro - Casco Histórico,Casco Histórico - Corredera - Ribera,,,,penthouse,107.0,,,3,2,,False,,False,,,,,good,False,,,,,,,,,,,,,False,,2,
112375842,https://www.idealista.com/inmueble/112375842/,sale,Córdoba,Córdoba,37.9198333,-4.8004385,True,,,Brillante - Trassierra - Naranjo,Brillante,,,,independantHouse,320.0,,,6,4,,False,,False,,,,,good,,,,,,,,,,,,,,False,,,
111782973,https://www.idealista.com/inmueble/111782973/,sale,Córdoba,Córdoba,37.8985865,-4.77799,True,,,Santa Rosa - Valdeolleros,Santa Rosa - San José,,,,flat,107.0,,,3,1,,False,,False,,,,,good,True,,,,,,,,,,,,,True,,4,
111850165,https://www.idealista.com/inmueble/111850165/,sale,Córdoba,Córdoba,37.8946727,-4.7863311,True,,,Santa Rosa - Valdeolleros,Huerta de la Reina,,,,flat,65.0,,,2,1,,False,,False,,,,,good,False,,,,,,,,,,,,,False,,2,
111399884,https://www.idealista.com/inmueble/111399884/,sale,Córdoba,Córdoba,37.8971809,-4.7736039,True,,,Santa Rosa - Valdeolleros,Valdeolleros - Zumbacón - Camping,,,,flat,101.0,,,2,2,,False,,False,,,,,good,True,,,,,,,,,,,,,False,,1,
111534447,https://www.idealista.com/inmueble/111534447/,sale,Córdoba,Córdoba,37.8975147,-4.7758112,True,,,Santa Rosa - Valdeolleros,Valdeolleros - Zumbacón - Camping,,,,flat,104.0,,,4,1,,False,,False,,,,,good,True,,,,,,,,,,,,,False,,1,
110789933,https://www.idealista.com/inmueble/110789933/,sale,Córdoba,Córdoba,37.8831451,-4.7715699,True,,,Centro - Casco Histórico,Casco Histórico - Corredera - Ribera,,,,terracedHouse,97.0,,,3,2,,False,,False,,,,,good,,,,,,,,,,,,,,True,,,
112376308,https://www.idealista.com/inmueble/112376308/,sale,Córdoba,Córdoba,37.9135015,-4.7936471,True,,,Brillante - Trassierra - Naranjo,Brillante,,,,independantHouse,397.0,,,4,3,,False,,False,,,,,good,,,,,,,,,,,,,,True,,,
109391517,https://www.idealista.com/obra-nueva/109391517/,sale,Córdoba,Córdoba,37.898987,-4.7747271,False,,,Santa Rosa - Valdeolleros,Valdeolleros - Zumbacón - Camping,,,,flat,95.0,,,2,2,,False,,False,,,,,newdevelopment,True,,,,,,,,,,,,,True,,bj,
112370239,https://www.idealista.com/inmueble/112370239/,sale,Córdoba,Córdoba,37.8808354,-4.7934054,True,,,Ciudad Jardín,Ciudad Jardín,,,,flat,54.0,,,2,1,,False,,False,,,,,good,True,,,,,,,,,,,,,False,,6,
109932868,https://www.idealista.com/inmueble/109932868/,sale,Córdoba,Córdoba,37.8801719,-4.7910064,True,,,Ciudad Jardín,Ciudad Jardín,,,,flat,112.0,,,4,1,,False,,False,,,,,good,True,,,,,,,,,,,,,False,,6,
111111682,https://www.idealista.com/inmueble/111111682/,sale,Córdoba,Córdoba,37.8782242,-4.7869478,True,,,Ciudad Jardín,Ciudad Jardín,,,,flat,170.0,,,4,2,,False,,False,,,,,good,True,,,,,,,,,,,,,True,,1,
110387460,https://www.idealista.com/inmueble/110387460/,sale,Córdoba,Córdoba,37.8688963,-4.7743534,True,,,Campo de la Verdad,Campo de la Verdad,,,,independantHouse,73.0,,,3,1,,False,,False,,,,,good,,,,,,,,,,,,,,True,,,
112159386,https://www.idealista.com/inmueble/112159386/,sale,Córdoba,Córdoba,37.890433,-4.7852399,True,,,Centro - Casco Histórico,El Vial - Ronda de Tejares,,,,flat,138.0,,,3,2,,False,,False,,,,,good,True,,,,,,,,,,,,,True,,3,
112367684,https://www.idealista.com/inmueble/112367684/,sale,Córdoba,Córdoba,37.875193,-4.7984365,True,,,Zoco - Poniente - Vistalegre,Vistalegre - Parque Cruz - Universidades,,,,flat,109.0,,,4,2,,False,,False,,,,,renew,True,,,,,,,,,,,,,False,,6,
112338131,https://www.idealista.com/inmueble/112338131/,sale,Córdoba,Córdoba,37.8639126,-4.7704805,False,,,Campo de la Verdad,Campo de la Verdad,,,,independantHouse,73.0,,,3,1,,False,,False,,,,,good,,,,,,,,,,,,,,False,,,
112055196,https://www.idealista.com/inmueble/112055196/,sale,Córdoba,Córdoba,37.8844705,-4.7865619,False,,,Ciudad Jardín,Ciudad Jardín,,,,flat,97.0,,,2,1,,False,,False,,,,,good,True,,,,,,,,,,,,,False,,1,
112378784,https://www.idealista.com/inmueble/112378784/,sale,Córdoba,Córdoba,37.8845229,-4.7919274,True,,,Ciudad Jardín,Ciudad Jardín,,,,flat,108.0,,,3,2,,False,,False,,,,,good,True,,,,,,,,,,,,,False,,2,
110928403,https://www.idealista.com/inmueble/110928403/,sale,Córdoba,Córdoba,37.8796952,-4.75924,True,,,Fuensanta - Zona Arcángel,Fuensanta - Arcángel - Santuario,,,,flat,83.0,,,3,2,,False,,False,,,,,good,False,,,,,,,,,,,,,False,,1,
110926201,https://www.idealista.com/inmueble/110926201/,sale,Córdoba,Córdoba,37.8873515,-4.7578891,True,,,Fuensanta - Zona Arcángel,Fuensanta - Arcángel - Santuario,,,,flat,79.0,,,3,1,,False,,False,,,,,good,False,,,,,,,,,,,,,False,,3,
111072145,https://www.idealista.com/inmueble/111072145/,sale,Córdoba,Córdoba,37.8645099,-4.7780793,True,,,Sector sur - Santa Cruz,Sector sur - Santa Cruz,,,,flat,76.0,,,3,1,,False,,False,,,,,good,False,,,,,,,,,,,,,False,,2,
112369841,https://www.idealista.com/inmueble/112369841/,sale,Córdoba,Córdoba,37.8924196,-4.7721599,True,,,Centro - Casco Histórico,San Cayetano,,,,flat,75.0,,,1,2,,False,,False,,,,,good,False,,,,,,,,,,,,,False,,,
111208073,https://www.idealista.com/inmueble/111208073/,sale,Córdoba,Córdoba,37.8841514,-4.7643798,True,,,Fuensanta - Zona Arcángel,Fuensanta - Arcángel - Santuario,,,,flat,100.0,,,3,2,,False,,False,,,,,good,True,,,,,,,,,,,,,False,,4,
111934883,https://www.idealista.com/inmueble/111934883/,sale,Córdoba,Córdoba,37.8806938,-4.7750014,False,,,Centro - Casco Histórico,Casco Histórico - Corredera - Ribera,,,,flat,80.0,,,2,1,,False,,False,,,,,good,False,,,,,,,,,,,,,False,,2,
112364367,https://www.idealista.com/inmueble/112364367/,sale,Córdoba,Córdoba,37.8941863,-4.7594316,True,,,Levante - Lepanto - Fátima,La Viñuela,,,,flat,70.0,,,3,1,,False,,False,,,,,good,False,,,,,,,,,,,,,False,,1,
112051278,https://www.idealista.com/inmueble/112051278/,sale,Córdoba,Córdoba,37.8874415,-4.7858787,True,,,Centro - Casco Histórico,Cercadilla - Medina Azahara,,,,flat,143.0,,,4,2,,False,,False,,,,,good,True,,,,,,,,,,,,,True,,,
110385703,https://www.idealista.com/inmueble/110385703/,sale,Córdoba,Córdoba,37.8846504,-4.7821533,True,,,Centro - Casco Histórico,Centro,,,,flat,148.0,,,2,2,,False,,False,,,,,good,False,,,,,,,,,,,,,False,,bj,
111302710,https://www.idealista.com/obra-nueva/111302710/,sale,Córdoba,Córdoba,37.9001108,-4.8106198,True,,,Noreña - Figueroa,Tablero,,,,flat,117.0,,,3,2,,False,,False,,,,,newdevelopment,True,,,,,,,,,,,,,False,,,
111985984,https://www.idealista.com/inmueble/111985984/,sale,Córdoba,Córdoba,37.8943492,-4.7618841,False,,,Levante - Lepanto - Fátima,Levante,,,,flat,72.0,,,3,1,,False,,False,,,,,good,True,,,,,,,,,,,,,False,,bj,
112131709,https://www.idealista.com/obra-nueva/112131709/,sale,Córdoba,Córdoba,37.898639,-4.7709979,False,,,Santa Rosa - Valdeolleros,Valdeolleros - Zumbacón - Camping,,,,flat,94.0,,,3,2,,False,,False,,,,,newdevelopment,True,,,,,,,,,,,,,True,,1,
109318207,https://www.idealista.com/inmueble/109318207/,sale,Córdoba,Córdoba,37.8944515,-4.7620129,True,,,Levante - Lepanto - Fátima,Levante,,,,independantHouse,206.0,,,4,2,,False,,False,,,,,good,,,,,,,,,,,,,,False,,,
110901537,https://www.idealista.com/inmueble/110901537/,sale,Córdoba,Córdoba,37.8840713,-4.7763393,False,,,Centro - Casco Histórico,Casco Histórico - Corredera - Ribera,,,,flat,125.0,,,2,2,,False,,False,,,,,good,False,,,,,,,,,,,,,False,,bj,
110935112,https://www.idealista.com/inmueble/110935112/,sale,Córdoba,Córdoba,37.8872793,-4.8066804,False,,,Noreña - Figueroa,Noreña - Turruñuelos,,,,flat,111.0,,,3,2,,False,,False,,,,,good,True,,,,,,,,,,,,,True,,5,
112339070,https://www.idealista.com/inmueble/112339070/,sale,Córdoba,Córdoba,37.8633104,-4.7719098,True,,,Campo de la Verdad,Campo de la Verdad,,,,independantHouse,73.0,,,3,1,,False,,False,,,,,good,,,,,,,,,,,,,,False,,,
111785125,https://www.idealista.com/obra-nueva/111785125/,sale,Córdoba,Córdoba,37.898639,-4.7709979,False,,,Santa Rosa - Valdeolleros,Valdeolleros - Zumbacón - Camping,,,,penthouse,63.0,,,3,2,,False,,False,,,,,newdevelopment,True,,,,,,,,,,,,,True,,9,
111192003,https://www.idealista.com/obra-nueva/111192003/,sale,Córdoba,Córdoba,37.898639,-4.7709979,False,,,Santa Rosa - Valdeolleros,Valdeolleros - Zumbacón - Camping,,,,flat,62.0,,,2,2,,False,,False,,,,,newdevelopment,True,,,,,,,,,,,,,True,,bj,
111314052,https://www.idealista.com/inmueble/111314052/,sale,Córdoba,Córdoba,37.8809341,-4.7815248,False,,,Centro - Casco Histórico,Judería - San Basilio,,,,flat,90.0,,,3,1,,False,,False,,,,,good,False,,,,,,,,,,,,,False,,,
109425520,https://www.idealista.com/inmueble/109425520/,sale,Córdoba,Córdoba,37.8803846,-4.7757757,True,,,Centro - Casco Histórico,Casco Histórico - Corredera - Ribera,,,,independantHouse,122.0,,,4,3,,False,,False,,,,,good,,,,,,,,,,,,,,False,,,
109993086,https://www.idealista.com/inmueble/109993086/,sale,Córdoba,Córdoba,37.8806029,-4.7747589,False,,,Centro - Casco Histórico,Casco Histórico - Corredera - Ribera,,,,independantHouse,122.0,,,4,3,,False,,False,,,,,good,,,,,,,,,,,,,,False,,,
107341489,https://www.idealista.com/inmueble/107341489/,sale,Córdoba,Córdoba,37.8828432,-4.7755924,False,,,Centro - Casco Histórico,Casco Histórico - Corredera - Ribera,,,,independantHouse,442.0,,,10,4,,False,,False,,,,,good,,,,,,,,,,,,,,False,,,
112050415,https://www.idealista.com/inmueble/112050415/,sale,Córdoba,Córdoba,37.8844705,-4.7865619,False,,,Ciudad Jardín,Ciudad Jardín,,,,flat,97.0,,,2,1,,False,,False,,,,,good,True,,,,,,,,,,,,,False,,1,
111833325,https://www.idealista.com/obra-nueva/111833325/,sale,Córdoba,Córdoba,37.9020922,-4.805548,False,,,Noreña - Figueroa,Tablero,,,,flat,153.0,,,4,3,,False,,False,,,,,newdevelopment,True,,,,,,,,,,,,,True,,bj,
112166291,https://www.idealista.com/inmueble/112166291/,sale,Córdoba,Córdoba,37.8844705,-4.7865619,False,,,Ciudad Jardín,Ciudad Jardín,,,,flat,97.0,,,2,1,,False,,False,,,,,good,True,,,,,,,,,,,,,False,,1,
112055181,https://www.idealista.com/inmueble/112055181/,sale,Córdoba,Córdoba,37.8801856,-4.7734489,True,,,Centro - Casco Histórico,Casco Histórico - Corredera - Ribera,,,,flat,43.0,,,1,1,,False,,False,,,,,good,False,,,,,,,,,,,,,False,,bj,
111622044,https://www.idealista.com/inmueble/111622044/,sale,Córdoba,Córdoba,37.893722,-4.8028225,True,,,Noreña - Figueroa,Tablero,,,,flat,238.0,,,3,2,,False,,False,,,,,good,True,,,,,,,,,,,,,True,,bj,
110012771,https://www.idealista.com/inmueble/110012771/,sale,Córdoba,Córdoba,37.8814586,-4.7737802,False,,,Centro - Casco Histórico,Casco Histórico - Corredera - Ribera,,,,terracedHouse,200.0,,,3,2,,False,,False,,,,,good,,,,,,,,,,,,,,False,,,
112166758,https://www.idealista.com/inmueble/112166758/,sale,Córdoba,Córdoba,37.8828287,-4.7904131,False,,,Ciudad Jardín,Ciudad Jardín,,,,flat,60.0,,,2,1,,False,,False,,,,,good,False,,,,,,,,,,,,,False,,3,
111519041,https://www.idealista.com/obra-nueva/111519041/,sale,Córdoba,Córdoba,37.8921371,-4.7810982,True,,,Centro - Casco Histórico,El Vial - Ronda de Tejares,,,,flat,115.0,,,2,2,,False,,False,,,,,newdevelopment,True,,,,,,,,,,,,,False,,,
111373012,https://www.idealista.com/obra-nueva/111373012/,sale,Córdoba,Córdoba,37.8921371,-4.7810982,True,,,Centro - Casco Histórico,El Vial - Ronda de Tejares,,,,flat,138.0,,,3,2,,False,,False,,,,,newdevelopment,True,,,,,,,,,,,,,False,,,
111429967,https://www.idealista.com/obra-nueva/111429967/,sale,Córdoba,Córdoba,37.8921371,-4.7810982,True,,,Centro - Casco Histórico,El Vial - Ronda de Tejares,,,,flat,132.0,,,3,2,,False,,False,,,,,newdevelopment,True,,,,,,,,,,,,,False,,,
112280484,https://www.idealista.com/inmueble/112280484/,sale,Córdoba,Córdoba,37.8860028,-4.7873779,True,,,Ciudad Jardín,Ciudad Jardín,,,,flat,97.0,,,2,1,,False,,False,,,,,good,True,,,,,,,,,,,,,False,,,
111924478,https://www.idealista.com/inmueble/111924478/,sale,Córdoba,Córdoba,37.8806938,-4.7750014,False,,,Centro - Casco Histórico,Casco Histórico - Corredera - Ribera,,,,flat,80.0,,,2,1,,False,,False,,,,,good,False,,,,,,,,,,,,,False,,2,
112339472,https://www.idealista.com/inmueble/112339472/,sale,Córdoba,Córdoba,37.8630695,-4.7714546,True,,,Campo de la Verdad,Campo de la Verdad,,,,independantHouse,73.0,,,3,1,,False,,False,,,,,good,,,,,,,,,,,,,,False,,,
111925975,https://www.idealista.com/inmueble/111925975/,sale,Córdoba,Córdoba,37.8806938,-4.7750014,False,,,Centro - Casco Histórico,Casco Histórico - Corredera - Ribera,,,,flat,80.0,,,2,1,,False,,False,,,,,good,False,,,,,,,,,,,,,False,,2,
110924562,https://www.idealista.com/inmueble/110924562/,sale,Córdoba,Córdoba,37.8894001,-4.7631924,False,,,Levante - Lepanto - Fátima,La Viñuela,,,,flat,77.0,,,3,1,,False,,False,,,,,good,True,,,,,,,,,,,,,False,,3,
112260362,https://www.idealista.com/inmueble/112260362/,sale,Córdoba,Córdoba,37.8827653,-4.791873,True,,,Ciudad Jardín,Ciudad Jardín,,,,flat,60.0,,,2,1,,False,,False,,,,,good,False,,,,,,,,,,,,,False,,,
111197355,https://www.idealista.com/inmueble/111197355/,sale,Córdoba,Córdoba,37.879374,-4.7799056,True,,,Centro - Casco Histórico,Judería - San Basilio,,,,flat,150.0,,,8,8,,False,,False,,,,,renew,False,,,,,,,,,,,,,False,,1,
111924023,https://www.idealista.com/inmueble/111924023/,sale,Córdoba,Córdoba,37.8806938,-4.7750014,False,,,Centro - Casco Histórico,Casco Histórico - Corredera - Ribera,,,,flat,80.0,,,2,1,,False,,False,,,,,good,False,,,,,,,,,,,,,False,,2,
111927889,https://www.idealista.com/inmueble/111927889/,sale,Córdoba,Córdoba,37.8840992,-4.7902545,True,,,Ciudad Jardín,Ciudad Jardín,,,,flat,133.0,,,4,2,,False,,False,,,,,good,True,,,,,,,,,,,,,True,,6,
111489883,https://www.idealista.com/inmueble/111489883/,sale,Córdoba,Córdoba,37.8847141,-4.7705127,True,,,Centro - Casco Histórico,Casco Histórico - Corredera - Ribera,,,,flat,109.0,,,2,2,,False,,False,,,,,good,False,,,,,,,,,,,,,False,,1,
111643858,https://www.idealista.com/inmueble/111643858/,sale,Córdoba,Córdoba,37.900515,-4.7762389,True,,,Santa Rosa - Valdeolleros,Valdeolleros - Zumbacón - Camping,,,,flat,81.0,,,3,1,,False,,False,,,,,good,True,,,,,,,,,,,,,False,,bj,
111934814,https://www.idealista.com/inmueble/111934814/,sale,Córdoba,Córdoba,37.89641,-4.778334,True,,,Santa Rosa - Valdeolleros,Valdeolleros - Zumbacón - Camping,,,,flat,67.0,,,3,1,,False,,False,,,,,good,False,,,,,,,,,,,,,False,,3,
109849263,https://www.idealista.com/inmueble/109849263/,sale,Córdoba,Córdoba,37.891672,-4.7586916,False,,,Levante - Lepanto - Fátima,La Viñuela,,,,flat,50.0,,,1,1,,False,,False,,,,,good,False,,,,,,,,,,,,,False,,bj,
111964872,https://www.idealista.com/inmueble/111964872/,sale,Córdoba,Córdoba,37.8954911,-4.7610948,False,,,Levante - Lepanto - Fátima,Levante,,,,flat,74.0,,,2,1,,False,,False,,,,,good,False,,,,,,,,,,,,,False,,3,
111894817,https://www.idealista.com/inmueble/111894817/,sale,Córdoba,Córdoba,37.8970296,-4.7765832,False,,,Santa Rosa - Valdeolleros,Valdeolleros - Zumbacón - Camping,,,,flat,78.0,,,3,1,,False,,False,,,,,good,False,,,,,,,,,,,,,False,,2,
111732688,https://www.idealista.com/inmueble/111732688/,sale,Córdoba,Córdoba,37.8923026,-4.7596884,False,,,Levante - Lepanto - Fátima,La Viñuela,,,,flat,80.0,,,3,2,,False,,False,,,,,good,True,,,,,,,,,,,,,False,,2,
111846552,https://www.idealista.com/inmueble/111846552/,sale,Córdoba,Córdoba,37.8921561,-4.7851602,True,,,Santa Rosa - Valdeolleros,Huerta de la Reina,,,,flat,80.0,,,3,1,,False,,False,,,,,good,False,,,,,,,,,,,,,False,,3,
112015439,https://www.idealista.com/inmueble/112015439/,sale,Córdoba,Córdoba,37.8941644,-4.7854602,False,,,Santa Rosa - Valdeolleros,Huerta de la Reina,,,,flat,115.0,,,4,2,,False,,False,,,,,good,False,,,,,,,,,,,,,False,,1,
111696410,https://www.idealista.com/inmueble/111696410/,sale,Córdoba,Córdoba,37.8953308,-4.7716732,False,,,Centro - Casco Histórico,San Cayetano,,,,flat,90.0,,,3,1,,False,,False,,,,,good,True,,,,,,,,,,,,,True,,bj,
112262187,https://www.idealista.com/inmueble/112262187/,sale,Córdoba,Córdoba,37.8817512,-4.7881846,False,,,Ciudad Jardín,Ciudad Jardín,,,,flat,60.0,,,1,1,,False,,False,,,,,good,True,,,,,,,,,,,,,False,,4,
109487141,https://www.idealista.com/inmueble/109487141/,sale,Córdoba,Córdoba,37.8888221,-4.7572897,False,,,Fuensanta - Zona Arcángel,Cañero - Fidiana,,,,terracedHouse,144.0,,,3,2,,False,,False,,,,,good,,,,,,,,,,,,,,False,,,
112049119,https://www.idealista.com/inmueble/112049119/,sale,Córdoba,Córdoba,37.8897531,-4.7561072,False,,,Fuensanta - Zona Arcángel,Cañero - Fidiana,,,,terracedHouse,79.0,,,3,0,,False,,False,,,,,renew,,,,,,,,,,,,,,False,,,
111756206,https://www.idealista.com/inmueble/111756206/,sale,Córdoba,Córdoba,37.8836005,-4.7938143,False,,,Ciudad Jardín,Ciudad Jardín,,,,flat,89.0,,,3,1,,False,,False,,,,,good,True,,,,,,,,,,,,,False,,1,
111337204,https://www.idealista.com/inmueble/111337204/,sale,Córdoba,Córdoba,37.8809341,-4.7815248,False,,,Centro - Casco Histórico,Judería - San Basilio,,,,flat,90.0,,,3,1,,False,,False,,,,,good,False,,,,,,,,,,,,,False,,,
112339149,https://www.idealista.com/inmueble/112339149/,sale,Córdoba,Córdoba,37.8950003,-4.759,True,,,Levante - Lepanto - Fátima,Levante,,,,duplex,66.0,,,2,1,,True,,False,,,,,good,False,,,,,,,,,,,,,False,,1,
111645123,https://www.idealista.com/inmueble/111645123/,sale,Córdoba,Córdoba,37.8756414,-4.7926244,False,,,Zoco - Poniente - Vistalegre,Vistalegre - Parque Cruz - Universidades,,,,flat,184.0,,,5,2,,False,,False,,,,,good,True,,,,,,,,,,,,,True,,1,
111845973,https://www.idealista.com/inmueble/111845973/,sale,Córdoba,Córdoba,37.8809314,-4.7783971,True,,,Centro - Casco Histórico,Judería - San Basilio,,,,independantHouse,252.0,,,7,2,,False,,False,,,,,good,,,,,,,,,,,,,,False,,,
99494852,https://www.idealista.com/inmueble/99494852/,sale,Córdoba,Córdoba,37.9172732,-4.8018251,False,,,Brillante - Trassierra - Naranjo,Brillante,,,,independantHouse,554.0,,,6,3,,False,,False,,,,,good,,,,,,,,,,,,,,False,,,
111944691,https://www.idealista.com/inmueble/111944691/,sale,Córdoba,Córdoba,37.8890636,-4.7679571,False,,,Centro - Casco Histórico,Casco Histórico - Ollerías - Marrubial,,,,duplex,110.0,,,3,2,,True,,False,,,,,good,False,,,,,,,,,,,,,True,,,
111666594,https://www.idealista.com/inmueble/111666594/,sale,Córdoba,Córdoba,37.8893979,-4.7743638,False,,,Centro - Casco Histórico,Casco Histórico - Ollerías - Marrubial,,,,flat,57.0,,,2,1,,False,,False,,,,,good,False,,,,,,,,,,,,,True,,1,
111656431,https://www.idealista.com/inmueble/111656431/,sale,Córdoba,Córdoba,37.8802816,-4.7759227,True,,,Centro - Casco Histórico,Judería - San Basilio,,,,independantHouse,252.0,,,7,2,,False,,False,,,,,good,,,,,,,,,,,,,,False,,,
112072853,https://www.idealista.com/inmueble/112072853/,sale,Córdoba,Córdoba,37.881881,-4.7743199,True,,,Centro - Casco Histórico,Casco Histórico - Corredera - Ribera,,,,flat,43.0,,,1,1,,False,,False,,,,,good,False,,,,,,,,,,,,,False,,bj,
111462381,https://www.idealista.com/inmueble/111462381/,sale,Córdoba,Córdoba,37.8918839,-4.7590225,True,,,Levante - Lepanto - Fátima,Levante,,,,duplex,66.0,,,2,1,,True,,False,,,,,good,False,,,,,,,,,,,,,False,,1,
111789565,https://www.idealista.com/inmueble/111789565/,sale,Córdoba,Córdoba,37.8917919,-4.7940643,True,,,Noreña - Figueroa,Carretera Trassierra - Colonia de la Paz,,,,independantHouse,176.0,,,4,2,,False,,False,,,,,good,,,,,,,,,,,,,,False,,,
111503922,https://www.idealista.com/inmueble/111503922/,sale,Córdoba,Córdoba,37.9032524,-4.7577828,True,,,Levante - Lepanto - Fátima,Fátima - Campiñuela,,,,flat,81.0,,,3,2,,False,,False,,,,,good,True,,,,,,,,,,,,,True,,1,
111985882,https://www.idealista.com/inmueble/111985882/,sale,Córdoba,Córdoba,37.8801687,-4.7912102,True,,,Ciudad Jardín,Ciudad Jardín,,,,flat,98.0,,,3,1,,False,,False,,,,,good,True,,,,,,,,,,,,,False,,2,
112106557,https://www.idealista.com/inmueble/112106557/,sale,Córdoba,Córdoba,37.8809879,-4.7924925,False,,,Ciudad Jardín,Ciudad Jardín,,,,flat,55.0,,,2,1,,False,,False,,,,,good,True,,,,,,,,,,,,,False,,1,
111807285,https://www.idealista.com/inmueble/111807285/,sale,Córdoba,Córdoba,37.8873983,-4.7954665,False,,,Noreña - Figueroa,Carretera Trassierra - Colonia de la Paz,,,,flat,129.0,,,4,2,,False,,False,,,,,good,True,,,,,,,,,,,,,True,,2,
112097488,https://www.idealista.com/inmueble/112097488/,sale,Córdoba,Córdoba,37.8972104,-4.7744287,True,,,Santa Rosa - Valdeolleros,Valdeolleros - Zumbacón - Camping,,,,flat,78.0,,,3,1,,False,,False,,,,,good,False,,,,,,,,,,,,,False,,2,
110747386,https://www.idealista.com/inmueble/110747386/,sale,Córdoba,Córdoba,37.8863111,-4.7663852,True,,,Centro - Casco Histórico,Casco Histórico - Corredera - Ribera,,,,flat,115.0,,,4,2,,False,,False,,,,,good,False,,,,,,,,,,,,,False,,1,
111993315,https://www.idealista.com/inmueble/111993315/,sale,Córdoba,Córdoba,37.8921412,-4.7619115,True,,,Levante - Lepanto - Fátima,Levante,,,,flat,70.0,,,3,1,,False,,False,,,,,good,True,,,,,,,,,,,,,False,,1,
112142148,https://www.idealista.com/inmueble/112142148/,sale,Córdoba,Córdoba,37.8800843,-4.7916132,False,,,Ciudad Jardín,Ciudad Jardín,,,,flat,132.0,,,1,2,,False,,False,,,,,good,False,,,,,,,,,,,,,False,,bj,
112097962,https://www.idealista.com/inmueble/112097962/,sale,Córdoba,Córdoba,37.9097331,-4.7924162,True,,,Brillante - Trassierra - Naranjo,Brillante,,,,independantHouse,208.0,,,4,3,,False,,False,,,,,good,,,,,,,,,,,,,,False,,,
112243841,https://www.idealista.com/inmueble/112243841/,sale,Córdoba,Córdoba,37.8947516,-4.7962905,False,,,Noreña - Figueroa,Tablero,,,,flat,120.0,,,3,2,,False,,False,,,,,good,True,,,,,,,,,,,,,True,,4,
112339735,https://www.idealista.com/inmueble/112339735/,sale,Córdoba,Córdoba,37.8969438,-4.7698857,False,,,Santa Rosa - Valdeolleros,Valdeolleros - Zumbacón - Camping,,,,terracedHouse,141.0,,,3,2,,False,,False,,,,,good,,,,,,,,,,,,,,True,,,
111348371,https://www.idealista.com/inmueble/111348371/,sale,Córdoba,Córdoba,37.8845933,-4.7740118,False,,,Centro - Casco Histórico,Casco Histórico - Corredera - Ribera,,,,independantHouse,494.0,,,9,4,,False,,False,,,,,good,,,,,,,,,,,,,,False,,,
111605838,https://www.idealista.com/inmueble/111605838/,sale,Córdoba,Córdoba,37.899638,-4.7728889,True,,,Santa Rosa - Valdeolleros,Valdeolleros - Zumbacón - Camping,,,,flat,86.0,,,3,2,,False,,False,,,,,good,False,,,,,,,,,,,,,False,,4,
112149647,https://www.idealista.com/inmueble/112149647/,sale,Córdoba,Córdoba,37.8888652,-4.7725832,False,,,Centro - Casco Histórico,Casco Histórico - Ollerías - Marrubial,,,,semidetachedHouse,92.0,,,3,2,,False,,False,,,,,renew,,,,,,,,,,,,,,False,,,
112275289,https://www.idealista.com/inmueble/112275289/,sale,Córdoba,Córdoba,37.8815281,-4.7890579,True,,,Ciudad Jardín,Ciudad Jardín,,,,flat,165.0,,,4,2,,False,,False,,,,,good,True,,,,,,,,,,,,,True,,1,
112320101,https://www.idealista.com/inmueble/112320101/,sale,Córdoba,Córdoba,37.894563,-4.7691756,True,,,Centro - Casco Histórico,San Cayetano,,,,independantHouse,150.0,,,3,2,,False,,False,,,,,good,,,,,,,,,,,,,,False,,,
104048081,https://www.idealista.com/inmueble/104048081/,sale,Córdoba,Córdoba,37.8858778,-4.7755073,True,,,Centro - Casco Histórico,Casco Histórico - Corredera - Ribera,,,,flat,135.0,,,3,2,,False,,False,,,,,good,False,,,,,,,,,,,,,False,,2,
106804019,https://www.idealista.com/inmueble/106804019/,sale,Córdoba,Córdoba,37.8889091,-4.7745269,True,,,Centro - Casco Histórico,Casco Histórico - Ollerías - Marrubial,,,,flat,60.0,,,2,1,,False,,False,,,,,good,True,,,,,,,,,,,,,False,,1,
111502575,https://www.idealista.com/inmueble/111502575/,sale,Córdoba,Córdoba,37.9086324,-4.7783592,True,,,Brillante - Trassierra - Naranjo,Naranjo - Mirabueno,,,,independantHouse,279.0,,,5,2,,False,,False,,,,,renew,,,,,,,,,,,,,,False,,,
112154233,https://www.idealista.com/inmueble/112154233/,sale,Córdoba,Córdoba,37.8824976,-4.792805,True,,,Ciudad Jardín,Ciudad Jardín,,,,flat,49.0,,,1,1,,False,,False,,,,,good,True,,,,,,,,,,,,,False,,5,
112053135,https://www.idealista.com/inmueble/112053135/,sale,Córdoba,Córdoba,37.9007801,-4.7778065,True,,,Santa Rosa - Valdeolleros,Valdeolleros - Zumbacón - Camping,,,,studio,35.0,,,0,1,,False,,True,,,,,good,False,,,,,,,,,,,,,False,,,
111876915,https://www.idealista.com/inmueble/111876915/,sale,Córdoba,Córdoba,37.8905856,-4.7627189,True,,,Levante - Lepanto - Fátima,La Viñuela,,,,penthouse,69.0,,,3,1,,False,,False,,,,,good,False,,,,,,,,,,,,,False,,4,
112339877,https://www.idealista.com/inmueble/112339877/,sale,Córdoba,Córdoba,37.8922835,-4.776801,True,,,Centro - Casco Histórico,Casco Histórico - Ollerías - Marrubial,,,,independantHouse,235.0,,,7,3,,False,,False,,,,,good,,,,,,,,,,,,,,False,,,
111644884,https://www.idealista.com/inmueble/111644884/,sale,Córdoba,Córdoba,37.8818086,-4.7777437,True,,,Centro - Casco Histórico,Judería - San Basilio,,,,independantHouse,252.0,,,7,2,,False,,False,,,,,good,,,,,,,,,,,,,,False,,,
111707375,https://www.idealista.com/inmueble/111707375/,sale,Córdoba,Córdoba,37.8954364,-4.76179,True,,,Levante - Lepanto - Fátima,Levante,,,,flat,63.0,,,1,0,,False,,False,,,,,renew,True,,,,,,,,,,,,,True,,5,
110847098,https://www.idealista.com/inmueble/110847098/,sale,Córdoba,Córdoba,37.8856103,-4.805602,True,,,Noreña - Figueroa,Noreña - Turruñuelos,,,,flat,111.0,,,3,2,,False,,False,,,,,good,True,,,,,,,,,,,,,True,,5,
111900527,https://www.idealista.com/inmueble/111900527/,sale,Córdoba,Córdoba,37.8830906,-4.7715047,False,,,Centro - Casco Histórico,Casco Histórico - Corredera - Ribera,,,,flat,114.0,,,3,2,,False,,False,,,,,good,False,,,,,,,,,,,,,False,,1,
111692144,https://www.idealista.com/inmueble/111692144/,sale,Córdoba,Córdoba,37.8756414,-4.7926244,False,,,Zoco - Poniente - Vistalegre,Vistalegre - Parque Cruz - Universidades,,,,flat,184.0,,,5,2,,False,,False,,,,,good,True,,,,,,,,,,,,,True,,1,
110838054,https://www.idealista.com/inmueble/110838054/,sale,Córdoba,Córdoba,37.8931087,-4.7879698,False,,,Santa Rosa - Valdeolleros,Huerta de la Reina,,,,flat,60.0,,,2,1,,False,,False,,,,,good,True,,,,,,,,,,,,,False,,3,
110702737,https://www.idealista.com/inmueble/110702737/,sale,Córdoba,Córdoba,37.8819251,-4.7680693,True,,,Centro - Casco Histórico,Casco Histórico - Corredera - Ribera,,,,flat,103.0,,,4,1,,False,,False,,,,,good,False,,,,,,,,,,,,,False,,2,
112056475,https://www.idealista.com/inmueble/112056475/,sale,Córdoba,Córdoba,37.8791803,-4.7901441,True,,,Ciudad Jardín,Ciudad Jardín,,,,flat,80.0,,,4,1,,False,,False,,,,,good,False,,,,,,,,,,,,,False,,2,
111712452,https://www.idealista.com/inmueble/111712452/,sale,Córdoba,Córdoba,37.8976426,-4.7776669,False,,,Santa Rosa - Valdeolleros,Valdeolleros - Zumbacón - Camping,,,,flat,71.0,,,3,1,,False,,False,,,,,good,False,,,,,,,,,,,,,False,,3,
112029411,https://www.idealista.com/inmueble/112029411/,sale,Córdoba,Córdoba,37.888594,-4.7812944,True,,,Centro - Casco Histórico,Centro,,,,penthouse,61.0,,,1,1,,False,,False,,,,,good,True,,,,,,,,,,,,,False,,,
112056286,https://www.idealista.com/inmueble/112056286/,sale,Córdoba,Córdoba,37.8809899,-4.7898612,True,,,Ciudad Jardín,Ciudad Jardín,,,,flat,107.0,,,3,1,,False,,False,,,,,good,True,,,,,,,,,,,,,False,,4,
111906249,https://www.idealista.com/inmueble/111906249/,sale,Córdoba,Córdoba,37.8794623,-4.7921215,True,,,Ciudad Jardín,Ciudad Jardín,,,,flat,73.0,,,3,1,,False,,False,,,,,good,False,,,,,,,,,,,,,False,,2,
111782213,https://www.idealista.com/inmueble/111782213/,sale,Córdoba,Córdoba,37.8900443,-4.7626562,True,,,Levante - Lepanto - Fátima,La Viñuela,,,,flat,83.0,,,3,1,,False,,False,,,,,good,True,,,,,,,,,,,,,False,,5,
111672989,https://www.idealista.com/inmueble/111672989/,sale,Córdoba,Córdoba,37.8942199,-4.7710817,False,,,Centro - Casco Histórico,San Cayetano,,,,independantHouse,147.0,,,3,2,,False,,False,,,,,good,,,,,,,,,,,,,,False,,,
106348898,https://www.idealista.com/inmueble/106348898/,sale,Córdoba,Córdoba,37.8769506,-4.7921046,True,,,Ciudad Jardín,Ciudad Jardín,,,,flat,78.0,,,3,1,,False,,False,,,,,good,False,,,,,,,,,,,,,False,,5,
111957858,https://www.idealista.com/inmueble/111957858/,sale,Córdoba,Córdoba,37.8957806,-4.7712891,False,,,Santa Rosa - Valdeolleros,Valdeolleros - Zumbacón - Camping,,,,penthouse,126.0,,,4,2,,False,,False,,,,,good,True,,,,,,,,,,,,,True,,3,
106303727,https://www.idealista.com/inmueble/106303727/,sale,Córdoba,Córdoba,37.8858508,-4.769027,False,,,Centro - Casco Histórico,Casco Histórico - Corredera - Ribera,,,,independantHouse,347.0,,,5,3,,False,,False,,,,,good,,,,,,,,,,,,,,True,,,
111190572,https://www.idealista.com/inmueble/111190572/,sale,Córdoba,Córdoba,37.8821116,-4.7900954,True,,,Ciudad Jardín,Ciudad Jardín,,,,flat,90.0,,,3,1,,False,,False,,,,,good,True,,,,,,,,,,,,,False,,5,
112097145,https://www.idealista.com/inmueble/112097145/,sale,Córdoba,Córdoba,37.8799508,-4.7889561,True,,,Ciudad Jardín,Ciudad Jardín,,,,flat,76.0,,,3,1,,False,,False,,,,,good,True,,,,,,,,,,,,,False,,,
111807065,https://www.idealista.com/inmueble/111807065/,sale,Córdoba,Córdoba,37.879961,-4.7906082,True,,,Ciudad Jardín,Ciudad Jardín,,,,flat,64.0,,,3,1,,False,,False,,,,,good,True,,,,,,,,,,,,,False,,4,
111026002,https://www.idealista.com/inmueble/111026002/,sale,Córdoba,Córdoba,37.8863394,-4.7824384,True,,,Centro - Casco Histórico,Centro,,,,flat,324.0,,,7,2,,False,,False,,,,,good,True,,,,,,,,,,,,,False,,1,
110384982,https://www.idealista.com/inmueble/110384982/,sale,Córdoba,Córdoba,37.883774,-4.7686476,True,,,Centro - Casco Histórico,Casco Histórico - Corredera - Ribera,,,,independantHouse,372.0,,,4,3,,False,,False,,,,,good,,,,,,,,,,,,,,False,,,
111975695,https://www.idealista.com/inmueble/111975695/,sale,Córdoba,Córdoba,37.8804629,-4.7899472,True,,,Ciudad Jardín,Ciudad Jardín,,,,flat,66.0,,,2,1,,False,,False,,,,,good,False,,,,,,,,,,,,,False,,,
111744685,https://www.idealista.com/inmueble/111744685/,sale,Córdoba,Córdoba,37.8654446,-4.778428,True,,,Sector sur - Santa Cruz,Sector sur - Santa Cruz,,,,flat,75.0,,,3,1,,False,,False,,,,,good,False,,,,,,,,,,,,,False,,,
111559685,https://www.idealista.com/inmueble/111559685/,sale,Córdoba,Córdoba,37.8819397,-4.7920305,True,,,Ciudad Jardín,Ciudad Jardín,,,,flat,51.0,,,3,1,,False,,False,,,,,good,True,,,,,,,,,,,,,False,,bj,
109930646,https://www.idealista.com/inmueble/109930646/,sale,Córdoba,Córdoba,37.8826662,-4.7943001,True,,,Ciudad Jardín,Ciudad Jardín,,,,flat,61.0,,,3,1,,False,,False,,,,,good,True,,,,,,,,,,,,,False,,3,
111202546,https://www.idealista.com/inmueble/111202546/,sale,Córdoba,Córdoba,37.8887607,-4.7645,True,,,Levante - Lepanto - Fátima,La Viñuela,,,,flat,77.0,,,3,1,,False,,False,,,,,good,False,,,,,,,,,,,,,False,,,
111529457,https://www.idealista.com/inmueble/111529457/,sale,Córdoba,Córdoba,37.9022485,-4.7569243,True,,,Levante - Lepanto - Fátima,Fátima - Campiñuela,,,,flat,81.0,,,3,2,,False,,False,,,,,good,True,,,,,,,,,,,,,True,,,
111416425,https://www.idealista.com/inmueble/111416425/,sale,Córdoba,Córdoba,37.887297,-4.7996395,True,,,Noreña - Figueroa,Noreña - Turruñuelos,,,,flat,111.0,,,3,2,,False,,False,,,,,good,True,,,,,,,,,,,,,True,,,
111191395,https://www.idealista.com/inmueble/111191395/,sale,Córdoba,Córdoba,37.8831958,-4.7888105,True,,,Ciudad Jardín,Ciudad Jardín,,,,flat,104.0,,,4,2,,False,,False,,,,,good,True,,,,,,,,,,,,,False,,1,
111936258,https://www.idealista.com/inmueble/111936258/,sale,Córdoba,Córdoba,37.8863984,-4.7937018,True,,,Ciudad Jardín,Ciudad Jardín,,,,flat,89.0,,,3,1,,False,,False,,,,,good,True,,,,,,,,,,,,,True,,3,
110671972,https://www.idealista.com/inmueble/110671972/,sale,Córdoba,Córdoba,37.8823421,-4.7899994,True,,,Ciudad Jardín,Ciudad Jardín,,,,flat,83.0,,,4,1,,False,,False,,,,,good,True,,,,,,,,,,,,,False,,5,
111889784,https://www.idealista.com/inmueble/111889784/,sale,Córdoba,Córdoba,37.8938749,-4.7925076,True,,,Noreña - Figueroa,Carretera Trassierra - Colonia de la Paz,,,,independantHouse,176.0,,,4,2,,False,,False,,,,,good,,,,,,,,,,,,,,False,,,
111802750,https://www.idealista.com/inmueble/111802750/,sale,Córdoba,Córdoba,37.8839077,-4.7820716,True,,,Centro - Casco Histórico,Centro,,,,flat,74.0,,,2,1,,False,,False,,,,,good,False,,,,,,,,,,,,,True,,bj,
108954642,https://www.idealista.com/inmueble/108954642/,sale,Córdoba,Córdoba,37.8787468,-4.7937131,True,,,Ciudad Jardín,Ciudad Jardín,,,,flat,84.0,,,3,1,,False,,False,,,,,good,True,,,,,,,,,,,,,False,,,
112214333,https://www.idealista.com/inmueble/112214333/,sale,Córdoba,Córdoba,37.9074666,-4.7780965,True,,,Brillante - Trassierra - Naranjo,Naranjo - Mirabueno,,,,flat,185.0,,,3,2,,False,,False,,,,,good,True,,,,,,,,,,,,,True,,1,
111741261,https://www.idealista.com/inmueble/111741261/,sale,Córdoba,Córdoba,37.888741,-4.7700488,False,,,Centro - Casco Histórico,Casco Histórico - Ollerías - Marrubial,,,,flat,53.0,,,3,1,,False,,False,,,,,good,False,,,,,,,,,,,,,False,,3,
111395963,https://www.idealista.com/inmueble/111395963/,sale,Córdoba,Córdoba,37.8779001,-4.7734779,True,,,Campo de la Verdad,Campo de la Verdad,,,,independantHouse,120.0,,,3,2,,False,,False,,,,,good,,,,,,,,,,,,,,True,,,
111976779,https://www.idealista.com/inmueble/111976779/,sale,Córdoba,Córdoba,37.8932967,-4.7703031,True,,,Centro - Casco Histórico,San Cayetano,,,,independantHouse,150.0,,,3,2,,False,,False,,,,,good,,,,,,,,,,,,,,False,,,
111980645,https://www.idealista.com/inmueble/111980645/,sale,Córdoba,Córdoba,37.8884938,-4.7522616,False,,,Fuensanta - Zona Arcángel,Cañero - Fidiana,,,,independantHouse,97.0,,,3,1,,False,,False,,,,,renew,,,,,,,,,,,,,,False,,,
111763527,https://www.idealista.com/inmueble/111763527/,sale,Córdoba,Córdoba,37.8839092,-4.771125,False,,,Centro - Casco Histórico,Casco Histórico - Corredera - Ribera,,,,flat,109.0,,,2,2,,False,,False,,,,,good,False,,,,,,,,,,,,,False,,1,
112213503,https://www.idealista.com/inmueble/112213503/,sale,Córdoba,Córdoba,37.8984127,-4.775744,True,,,Santa Rosa - Valdeolleros,Valdeolleros - Zumbacón - Camping,,,,flat,101.0,,,2,2,,False,,False,,,,,good,True,,,,,,,,,,,,,False,,1,
110432212,https://www.idealista.com/inmueble/110432212/,sale,Córdoba,Córdoba,37.8909309,-4.7751732,False,,,Centro - Casco Histórico,Casco Histórico - Ollerías - Marrubial,,,,independantHouse,235.0,,,7,3,,False,,False,,,,,good,,,,,,,,,,,,,,False,,,
111763184,https://www.idealista.com/inmueble/111763184/,sale,Córdoba,Córdoba,37.8836005,-4.7938143,False,,,Ciudad Jardín,Ciudad Jardín,,,,flat,73.0,,,3,1,,False,,False,,,,,good,True,,,,,,,,,,,,,False,,1,
110166923,https://www.idealista.com/inmueble/110166923/,sale,Córdoba,Córdoba,37.8835599,-4.7805855,False,,,Centro - Casco Histórico,Centro,,,,flat,189.0,,,6,3,,False,,False,,,,,good,True,,,,,,,,,,,,,True,,2,
112297681,https://www.idealista.com/inmueble/112297681/,sale,Córdoba,Córdoba,37.8788381,-4.7750108,True,,,Centro - Casco Histórico,Casco Histórico - Corredera - Ribera,,,,flat,123.0,,,4,2,,False,,False,,,,,good,False,,,,,,,,,,,,,False,,1,
111768670,https://www.idealista.com/inmueble/111768670/,sale,Córdoba,Córdoba,37.8893979,-4.7743638,False,,,Centro - Casco Histórico,Casco Histórico - Ollerías - Marrubial,,,,flat,57.0,,,2,1,,False,,False,,,,,good,False,,,,,,,,,,,,,True,,1,
112097479,https://www.idealista.com/inmueble/112097479/,sale,Córdoba,Córdoba,37.8810687,-4.7936662,True,,,Ciudad Jardín,Ciudad Jardín,,,,flat,55.0,,,2,1,,False,,False,,,,,good,True,,,,,,,,,,,,,False,,1,
111972384,https://www.idealista.com/inmueble/111972384/,sale,Córdoba,Córdoba,37.8813926,-4.7890974,True,,,Ciudad Jardín,Ciudad Jardín,,,,flat,125.0,,,5,2,,False,,False,,,,,good,True,,,,,,,,,,,,,False,,3,
110102385,https://www.idealista.com/inmueble/110102385/,sale,Córdoba,Córdoba,37.8975381,-4.8098365,False,,,Noreña - Figueroa,Tablero,,,,terracedHouse,88.0,,,4,2,,False,,False,,,,,renew,,,,,,,,,,,,,,False,,,
111931262,https://www.idealista.com/inmueble/111931262/,sale,Córdoba,Córdoba,37.8958506,-4.7790951,True,,,Santa Rosa - Valdeolleros,Santa Rosa - San José,,,,flat,67.0,,,3,1,,False,,False,,,,,good,False,,,,,,,,,,,,,False,,3,
109898185,https://www.idealista.com/inmueble/109898185/,sale,Córdoba,Córdoba,37.8851997,-4.7945853,True,,,Ciudad Jardín,Ciudad Jardín,,,,flat,105.0,,,3,1,,False,,False,,,,,good,True,,,,,,,,,,,,,False,,bj,
112327164,https://www.idealista.com/inmueble/112327164/,sale,Córdoba,Córdoba,37.8635691,-4.7783582,False,,,Sector sur - Santa Cruz,Sector sur - Santa Cruz,,,,flat,116.0,,,4,2,,False,,False,,,,,good,True,,,,,,,,,,,,,False,,4,
111365968,https://www.idealista.com/inmueble/111365968/,sale,Córdoba,Córdoba,37.8798182,-4.7744571,True,,,Centro - Casco Histórico,Casco Histórico - Corredera - Ribera,,,,independantHouse,200.0,,,4,2,,False,,False,,,,,good,,,,,,,,,,,,,,True,,,
111492897,https://www.idealista.com/inmueble/111492897/,sale,Córdoba,Córdoba,37.8977885,-4.7610429,True,,,Levante - Lepanto - Fátima,Levante,,,,flat,119.0,,,4,2,,False,,False,,,,,good,True,,,,,,,,,,,,,False,,1,
112330748,https://www.idealista.com/inmueble/112330748/,sale,Córdoba,Córdoba,37.8897867,-4.7709234,True,,,Centro - Casco Histórico,Casco Histórico - Ollerías - Marrubial,,,,independantHouse,520.0,,,8,1,,False,,False,,,,,renew,,,,,,,,,,,,,,False,,,
111427682,https://www.idealista.com/inmueble/111427682/,sale,Córdoba,Córdoba,37.8957806,-4.7712891,False,,,Santa Rosa - Valdeolleros,Valdeolleros - Zumbacón - Camping,,,,penthouse,126.0,,,4,2,,False,,False,,,,,good,True,,,,,,,,,,,,,True,,3,
111206594,https://www.idealista.com/inmueble/111206594/,sale,Córdoba,Córdoba,37.8963987,-4.8006819,True,,,Noreña - Figueroa,Tablero,,,,flat,134.0,,,3,2,,False,,False,,,,,good,True,,,,,,,,,,,,,True,,2,
111694532,https://www.idealista.com/inmueble/111694532/,sale,Córdoba,Córdoba,37.8946136,-4.7952516,True,,,Noreña - Figueroa,Tablero,,,,flat,156.0,,,4,2,,False,,False,,,,,good,True,,,,,,,,,,,,,True,,1,
111908497,https://www.idealista.com/inmueble/111908497/,sale,Córdoba,Córdoba,37.8962158,-4.7853741,True,,,Santa Rosa - Valdeolleros,Huerta de la Reina,,,,flat,90.0,,,3,1,,False,,False,,,,,good,False,,,,,,,,,,,,,False,,bj,
111083429,https://www.idealista.com/inmueble/111083429/,sale,Córdoba,Córdoba,37.8982116,-4.7791356,True,,,Santa Rosa - Valdeolleros,Santa Rosa - San José,,,,flat,59.0,,,2,1,,False,,False,,,,,good,False,,,,,,,,,,,,,False,,3,
111909101,https://www.idealista.com/inmueble/111909101/,sale,Córdoba,Córdoba,37.8939089,-4.7866304,True,,,Santa Rosa - Valdeolleros,Huerta de la Reina,,,,terracedHouse,242.0,,,8,3,,False,,False,,,,,renew,,,,,,,,,,,,,,False,,,
112110015,https://www.idealista.com/inmueble/112110015/,sale,Córdoba,Córdoba,37.8822005,-4.8036634,True,,,Noreña - Figueroa,Noreña - Turruñuelos,,,,flat,134.0,,,4,2,,False,,False,,,,,good,True,,,,,,,,,,,,,True,,2,
111856905,https://www.idealista.com/inmueble/111856905/,sale,Córdoba,Córdoba,37.8976502,-4.7761147,True,,,Santa Rosa - Valdeolleros,Valdeolleros - Zumbacón - Camping,,,,flat,81.0,,,4,1,,False,,False,,,,,good,False,,,,,,,,,,,,,False,,2,
111789876,https://www.idealista.com/inmueble/111789876/,sale,Córdoba,Córdoba,37.8973218,-4.7957909,False,,,Noreña - Figueroa,Tablero,,,,flat,110.0,,,3,2,,False,,False,,,,,good,True,,,,,,,,,,,,,True,,1,
112161836,https://www.idealista.com/inmueble/112161836/,sale,Córdoba,Córdoba,37.9002754,-4.7760465,True,,,Santa Rosa - Valdeolleros,Valdeolleros - Zumbacón - Camping,,,,independantHouse,108.0,,,1,2,,False,,False,,,,,renew,,,,,,,,,,,,,,False,,,
111178796,https://www.idealista.com/inmueble/111178796/,sale,Córdoba,Córdoba,37.8982599,-4.7734628,True,,,Santa Rosa - Valdeolleros,Valdeolleros - Zumbacón - Camping,,,,flat,140.0,,,4,2,,False,,False,,,,,good,True,,,,,,,,,,,,,True,,2,
109531642,https://www.idealista.com/inmueble/109531642/,sale,Córdoba,Córdoba,37.884481,-4.7718638,True,,,Centro - Casco Histórico,Casco Histórico - Corredera - Ribera,,,,flat,85.0,,,2,2,,False,,False,,,,,good,False,,,,,,,,,,,,,False,,1,
110937435,https://www.idealista.com/inmueble/110937435/,sale,Córdoba,Córdoba,37.9023729,-4.7832791,True,,,Brillante - Trassierra - Naranjo,Brillante,,,,flat,172.0,,,4,2,,False,,False,,,,,good,True,,,,,,,,,,,,,True,,3,
111737386,https://www.idealista.com/inmueble/111737386/,sale,Córdoba,Córdoba,37.8924345,-4.7865471,True,,,Santa Rosa - Valdeolleros,Huerta de la Reina,,,,independantHouse,220.0,,,5,3,,False,,False,,,,,good,,,,,,,,,,,,,,False,,,
111441226,https://www.idealista.com/inmueble/111441226/,sale,Córdoba,Córdoba,37.8903958,-4.7621465,True,,,Levante - Lepanto - Fátima,La Viñuela,,,,penthouse,69.0,,,3,1,,False,,False,,,,,good,False,,,,,,,,,,,,,False,,4,
111950034,https://www.idealista.com/inmueble/111950034/,sale,Córdoba,Córdoba,37.8951398,-4.7875393,True,,,Santa Rosa - Valdeolleros,Huerta de la Reina,,,,studio,55.0,,,0,1,,False,,True,,,,,good,False,,,,,,,,,,,,,False,,1,
110858665,https://www.idealista.com/inmueble/110858665/,sale,Córdoba,Córdoba,37.895325,-4.7783086,True,,,Santa Rosa - Valdeolleros,Santa Rosa - San José,,,,flat,67.0,,,2,2,,False,,False,,,,,good,True,,,,,,,,,,,,,False,,bj,
112153001,https://www.idealista.com/inmueble/112153001/,sale,Córdoba,Córdoba,37.8811889,-4.793242,True,,,Ciudad Jardín,Ciudad Jardín,,,,flat,183.0,,,4,2,,False,,False,,,,,renew,True,,,,,,,,,,,,,False,,1,
112246514,https://www.idealista.com/inmueble/112246514/,sale,Córdoba,Córdoba,37.870421,-4.7913359,False,,,Zoco - Poniente - Vistalegre,Vistalegre - Parque Cruz - Universidades,,,,flat,98.0,,,4,1,,False,,False,,,,,good,True,,,,,,,,,,,,,False,,2,
112107464,https://www.idealista.com/inmueble/112107464/,sale,Córdoba,Córdoba,37.8919441,-4.7717387,False,,,Centro - Casco Histórico,Casco Histórico - Ollerías - Marrubial,,,,flat,80.0,,,3,1,,False,,False,,,,,renew,False,,,,,,,,,,,,,False,,2,
111279295,https://www.idealista.com/inmueble/111279295/,sale,Córdoba,Córdoba,37.8902434,-4.7729307,True,,,Centro - Casco Histórico,Casco Histórico - Ollerías - Marrubial,,,,independantHouse,288.0,,,5,4,,False,,False,,,,,good,,,,,,,,,,,,,,False,,,
111818287,https://www.idealista.com/inmueble/111818287/,sale,Córdoba,Córdoba,37.8963921,-4.7628381,True,,,Levante - Lepanto - Fátima,Levante,,,,flat,63.0,,,1,0,,False,,False,,,,,renew,True,,,,,,,,,,,,,True,,5,
112019166,https://www.idealista.com/inmueble/112019166/,sale,Córdoba,Córdoba,37.8879768,-4.7640848,True,,,Levante - Lepanto - Fátima,La Viñuela,,,,flat,105.0,,,3,2,,False,,False,,,,,good,True,,,,,,,,,,,,,True,,2,
111499081,https://www.idealista.com/inmueble/111499081/,sale,Córdoba,Córdoba,37.8940212,-4.7975226,False,,,Noreña - Figueroa,Tablero,,,,flat,40.0,,,1,1,,False,,False,,,,,good,True,,,,,,,,,,,,,False,,bj,
107628067,https://www.idealista.com/inmueble/107628067/,sale,Córdoba,Córdoba,37.8974803,-4.8107396,True,,,Noreña - Figueroa,Tablero,,,,independantHouse,188.0,,,5,3,,False,,False,,,,,good,,,,,,,,,,,,,,True,,,
110012016,https://www.idealista.com/inmueble/110012016/,sale,Córdoba,Córdoba,37.8964482,-4.7636385,True,,,Levante - Lepanto - Fátima,Levante,,,,flat,89.0,,,3,1,,False,,False,,,,,good,True,,,,,,,,,,,,,False,,2,
110034346,https://www.idealista.com/inmueble/110034346/,sale,Córdoba,Córdoba,37.8810617,-4.7761009,True,,,Centro - Casco Histórico,Casco Histórico - Corredera - Ribera,,,,flat,58.0,,,1,1,,False,,False,,,,,good,False,,,,,,,,,,,,,False,,1,
112313099,https://www.idealista.com/inmueble/112313099/,sale,Córdoba,Córdoba,37.8679445,-4.7699319,False,,,Campo de la Verdad,Campo de la Verdad,,,,duplex,94.0,,,3,2,,True,,False,,,,,good,True,,,,,,,,,,,,,True,,2,
111383028,https://www.idealista.com/inmueble/111383028/,sale,Córdoba,Córdoba,37.8727402,-4.7773134,False,,,Sector sur - Santa Cruz,Sector sur - Santa Cruz,,,,flat,77.0,,,3,1,,False,,False,,,,,good,False,,,,,,,,,,,,,False,,bj,
111390910,https://www.idealista.com/inmueble/111390910/,sale,Córdoba,Córdoba,37.8953673,-4.7913123,True,,,Noreña - Figueroa,Tablero,,,,duplex,189.0,,,4,3,,True,,False,,,,,good,True,,,,,,,,,,,,,True,,3,
110356777,https://www.idealista.com/inmueble/110356777/,sale,Córdoba,Córdoba,37.8865215,-4.7575091,True,,,Fuensanta - Zona Arcángel,Cañero - Fidiana,,,,independantHouse,58.0,,,2,1,,False,,False,,,,,good,,,,,,,,,,,,,,False,,,
112181670,https://www.idealista.com/inmueble/112181670/,sale,Córdoba,Córdoba,37.868925,-4.779769,False,,,Sector sur - Santa Cruz,Sector sur - Santa Cruz,,,,flat,92.0,,,3,1,,False,,False,,,,,good,True,,,,,,,,,,,,,False,,6,
111979582,https://www.idealista.com/inmueble/111979582/,sale,Córdoba,Córdoba,37.8919541,-4.790813,True,,,Noreña - Figueroa,Carretera Trassierra - Colonia de la Paz,,,,flat,88.0,,,3,1,,False,,False,,,,,good,True,,,,,,,,,,,,,False,,3,
111722383,https://www.idealista.com/inmueble/111722383/,sale,Córdoba,Córdoba,37.882775,-4.7755259,True,,,Centro - Casco Histórico,Casco Histórico - Corredera - Ribera,,,,independantHouse,364.0,,,7,4,,False,,False,,,,,good,,,,,,,,,,,,,,False,,,
111431950,https://www.idealista.com/inmueble/111431950/,sale,Córdoba,Córdoba,37.8826521,-4.7727614,True,,,Centro - Casco Histórico,Casco Histórico - Corredera - Ribera,,,,flat,109.0,,,2,2,,False,,False,,,,,good,False,,,,,,,,,,,,,False,,1,
111718776,https://www.idealista.com/inmueble/111718776/,sale,Córdoba,Córdoba,37.8953402,-4.7712777,True,,,Centro - Casco Histórico,San Cayetano,,,,independantHouse,200.0,,,3,2,,False,,False,,,,,good,,,,,,,,,,,,,,False,,,
111923545,https://www.idealista.com/inmueble/111923545/,sale,Córdoba,Córdoba,37.89971,-4.7791342,True,,,Santa Rosa - Valdeolleros,Valdeolleros - Zumbacón - Camping,,,,flat,67.0,,,3,1,,False,,False,,,,,good,False,,,,,,,,,,,,,False,,3,
111645514,https://www.idealista.com/inmueble/111645514/,sale,Córdoba,Córdoba,37.8991655,-4.7760701,True,,,Santa Rosa - Valdeolleros,Valdeolleros - Zumbacón - Camping,,,,flat,81.0,,,3,1,,False,,False,,,,,good,True,,,,,,,,,,,,,False,,bj,
111435507,https://www.idealista.com/inmueble/111435507/,sale,Córdoba,Córdoba,37.8969605,-4.7770819,True,,,Santa Rosa - Valdeolleros,Valdeolleros - Zumbacón - Camping,,,,flat,108.0,,,3,2,,False,,False,,,,,good,True,,,,,,,,,,,,,False,,bj,
111690460,https://www.idealista.com/inmueble/111690460/,sale,Córdoba,Córdoba,37.9188243,-4.7980072,True,,,Brillante - Trassierra - Naranjo,Brillante,,,,terracedHouse,287.0,,,3,3,,False,,False,,,,,good,,,,,,,,,,,,,,True,,,
110891036,https://www.idealista.com/inmueble/110891036/,sale,Córdoba,Córdoba,37.8970227,-4.7743277,True,,,Santa Rosa - Valdeolleros,Valdeolleros - Zumbacón - Camping,,,,flat,130.0,,,4,2,,False,,False,,,,,good,True,,,,,,,,,,,,,True,,2,
112017673,https://www.idealista.com/inmueble/112017673/,sale,Córdoba,Córdoba,37.8829948,-4.7701958,True,,,Centro - Casco Histórico,Casco Histórico - Corredera - Ribera,,,,flat,109.0,,,2,2,,False,,False,,,,,good,False,,,,,,,,,,,,,False,,1,
111780667,https://www.idealista.com/inmueble/111780667/,sale,Córdoba,Córdoba,37.8882225,-4.7625421,True,,,Levante - Lepanto - Fátima,La Viñuela,,,,flat,62.0,,,3,1,,False,,False,,,,,good,True,,,,,,,,,,,,,False,,1,
111665539,https://www.idealista.com/inmueble/111665539/,sale,Córdoba,Córdoba,37.8971035,-4.7729865,True,,,Santa Rosa - Valdeolleros,Valdeolleros - Zumbacón - Camping,,,,flat,90.0,,,4,2,,False,,False,,,,,good,False,,,,,,,,,,,,,False,,2,
109805358,https://www.idealista.com/inmueble/109805358/,sale,Córdoba,Córdoba,37.8905856,-4.7630054,True,,,Levante - Lepanto - Fátima,La Viñuela,,,,flat,90.0,,,2,1,,False,,False,,,,,good,False,,,,,,,,,,,,,False,,2,
112016104,https://www.idealista.com/inmueble/112016104/,sale,Córdoba,Córdoba,37.8784642,-4.7760652,True,,,Centro - Casco Histórico,Casco Histórico - Corredera - Ribera,,,,flat,123.0,,,3,2,,False,,False,,,,,good,False,,,,,,,,,,,,,False,,1,
111785627,https://www.idealista.com/inmueble/111785627/,sale,Córdoba,Córdoba,37.8877321,-4.761672,True,,,Levante - Lepanto - Fátima,La Viñuela,,,,flat,83.0,,,3,1,,False,,False,,,,,good,True,,,,,,,,,,,,,False,,6,
111718122,https://www.idealista.com/inmueble/111718122/,sale,Córdoba,Córdoba,37.9037887,-4.7820492,True,,,Brillante - Trassierra - Naranjo,Brillante,,,,independantHouse,205.0,,,4,3,,False,,False,,,,,good,,,,,,,,,,,,,,True,,,
110962511,https://www.idealista.com/inmueble/110962511/,sale,Córdoba,Córdoba,37.8844678,-4.7817492,True,,,Centro - Casco Histórico,Centro,,,,flat,162.0,,,4,3,,False,,False,,,,,good,True,,,,,,,,,,,,,False,,,
111857488,https://www.idealista.com/inmueble/111857488/,sale,Córdoba,Córdoba,37.8906502,-4.7551669,False,,,Fuensanta - Zona Arcángel,Cañero - Fidiana,,,,terracedHouse,175.0,,,5,3,,False,,False,,,,,good,,,,,,,,,,,,,,False,,,
110402190,https://www.idealista.com/inmueble/110402190/,sale,Córdoba,Córdoba,37.8842607,-4.7838782,True,,,Centro - Casco Histórico,Centro,,,,flat,77.0,,,2,1,,False,,False,,,,,good,True,,,,,,,,,,,,,False,,2,
112086707,https://www.idealista.com/inmueble/112086707/,sale,Córdoba,Córdoba,37.8791472,-4.7841733,False,,,Centro - Casco Histórico,Judería - San Basilio,,,,flat,86.0,,,3,1,,False,,False,,,,,good,False,,,,,,,,,,,,,False,,2,
111016490,https://www.idealista.com/inmueble/111016490/,sale,Córdoba,Córdoba,37.9092867,-4.8060404,True,,,Brillante - Trassierra - Naranjo,Brillante,,,,independantHouse,587.0,,,6,4,,False,,False,,,,,good,,,,,,,,,,,,,,True,,,
112097086,https://www.idealista.com/inmueble/112097086/,sale,Córdoba,Córdoba,37.8850917,-4.7774069,True,,,Centro - Casco Histórico,Centro,,,,flat,55.0,,,1,1,,False,,False,,,,,good,True,,,,,,,,,,,,,True,,3,
111913023,https://www.idealista.com/inmueble/111913023/,sale,Córdoba,Córdoba,37.8937592,-4.7644091,True,,,Levante - Lepanto - Fátima,Levante,,,,flat,87.0,,,3,1,,False,,False,,,,,good,True,,,,,,,,,,,,,False,,1,
112196928,https://www.idealista.com/inmueble/112196928/,sale,Córdoba,Córdoba,37.8822588,-4.7843067,True,,,Centro - Casco Histórico,Centro,,,,flat,77.0,,,2,1,,False,,False,,,,,good,True,,,,,,,,,,,,,False,,2,
111737890,https://www.idealista.com/inmueble/111737890/,sale,Córdoba,Córdoba,37.8810451,-4.7664657,True,,,Fuensanta - Zona Arcángel,Fuensanta - Arcángel - Santuario,,,,flat,80.0,,,3,1,,False,,False,,,,,good,True,,,,,,,,,,,,,True,,bj,
111689780,https://www.idealista.com/inmueble/111689780/,sale,Córdoba,Córdoba,37.8861477,-4.7730512,True,,,Centro - Casco Histórico,Casco Histórico - Ollerías - Marrubial,,,,flat,110.0,,,3,2,,False,,False,,,,,good,False,,,,,,,,,,,,,False,,3,
112174561,https://www.idealista.com/inmueble/112174561/,sale,Córdoba,Córdoba,37.8891444,-4.764394,True,,,Levante - Lepanto - Fátima,La Viñuela,,,,flat,54.0,,,2,1,,False,,False,,,,,good,False,,,,,,,,,,,,,False,,3,
110460541,https://www.idealista.com/inmueble/110460541/,sale,Córdoba,Córdoba,37.8642793,-4.7705662,True,,,Campo de la Verdad,Campo de la Verdad,,,,semidetachedHouse,197.0,,,3,3,,False,,False,,,,,good,,,,,,,,,,,,,,True,,,
112244509,https://www.idealista.com/inmueble/112244509/,sale,Córdoba,Córdoba,37.8794651,-4.7909198,True,,,Ciudad Jardín,Ciudad Jardín,,,,flat,62.0,,,3,1,,False,,False,,,,,good,False,,,,,,,,,,,,,False,,,
111265391,https://www.idealista.com/inmueble/111265391/,sale,Córdoba,Córdoba,37.8925696,-4.757215,True,,,Levante - Lepanto - Fátima,El Cairo,,,,flat,125.0,,,4,2,,False,,False,,,,,good,False,,,,,,,,,,,,,True,,2,
110627363,https://www.idealista.com/inmueble/110627363/,sale,Córdoba,Córdoba,37.8958712,-4.7601334,True,,,Levante - Lepanto - Fátima,Levante,,,,semidetachedHouse,178.0,,,3,3,,False,,False,,,,,good,,,,,,,,,,,,,,False,,,
111724296,https://www.idealista.com/inmueble/111724296/,sale,Córdoba,Córdoba,37.8710007,-4.7805884,True,,,Sector sur - Santa Cruz,Sector sur - Santa Cruz,,,,flat,110.0,,,3,1,,False,,False,,,,,good,True,,,,,,,,,,,,,False,,3,
112301188,https://www.idealista.com/inmueble/112301188/,sale,Córdoba,Córdoba,37.8952958,-4.787945,True,,,Santa Rosa - Valdeolleros,Huerta de la Reina,,,,flat,104.0,,,4,1,,False,,False,,,,,good,False,,,,,,,,,,,,,False,,,
105596959,https://www.idealista.com/inmueble/105596959/,sale,Córdoba,Córdoba,37.8758732,-4.7850051,True,,,Centro - Casco Histórico,Judería - San Basilio,,,,flat,65.0,,,2,1,,False,,False,,,,,good,False,,,,,,,,,,,,,False,,1,
110153816,https://www.idealista.com/inmueble/110153816/,sale,Córdoba,Córdoba,37.8722337,-4.7724622,True,,,Campo de la Verdad,Campo de la Verdad,,,,flat,109.0,,,3,2,,False,,False,,,,,good,True,,,,,,,,,,,,,False,,2,
112261725,https://www.idealista.com/inmueble/112261725/,sale,Córdoba,Córdoba,37.886549,-4.7901081,True,,,Ciudad Jardín,Ciudad Jardín,,,,flat,77.0,,,2,1,,False,,False,,,,,good,True,,,,,,,,,,,,,False,,,
110750447,https://www.idealista.com/inmueble/110750447/,sale,Córdoba,Córdoba,37.9024444,-4.7870524,True,,,Brillante - Trassierra - Naranjo,Brillante,,,,independantHouse,566.0,,,7,5,,False,,False,,,,,good,,,,,,,,,,,,,,True,,,
111654390,https://www.idealista.com/inmueble/111654390/,sale,Córdoba,Córdoba,37.8892781,-4.7575133,True,,,Fuensanta - Zona Arcángel,Cañero - Fidiana,,,,independantHouse,160.0,,,3,3,,False,,False,,,,,good,,,,,,,,,,,,,,False,,,
110875176,https://www.idealista.com/inmueble/110875176/,sale,Córdoba,Córdoba,37.880415,-4.7876355,True,,,Ciudad Jardín,Ciudad Jardín,,,,flat,61.0,,,2,1,,False,,False,,,,,good,False,,,,,,,,,,,,,False,,1,
111121112,https://www.idealista.com/inmueble/111121112/,sale,Córdoba,Córdoba,37.8823323,-4.7910177,True,,,Ciudad Jardín,Ciudad Jardín,,,,flat,125.0,,,4,2,,False,,False,,,,,good,True,,,,,,,,,,,,,False,,3,
111387069,https://www.idealista.com/inmueble/111387069/,sale,Córdoba,Córdoba,37.8842393,-4.792063,True,,,Ciudad Jardín,Ciudad Jardín,,,,penthouse,79.0,,,2,1,,False,,False,,,,,good,True,,,,,,,,,,,,,False,,5,
111524972,https://www.idealista.com/inmueble/111524972/,sale,Córdoba,Córdoba,37.8741577,-4.7931218,True,,,Zoco - Poniente - Vistalegre,Vistalegre - Parque Cruz - Universidades,,,,flat,184.0,,,5,2,,False,,False,,,,,good,True,,,,,,,,,,,,,True,,1,
112105920,https://www.idealista.com/inmueble/112105920/,sale,Córdoba,Córdoba,37.8797473,-4.7892786,True,,,Ciudad Jardín,Ciudad Jardín,,,,flat,76.0,,,2,1,,False,,False,,,,,good,True,,,,,,,,,,,,,False,,,
111003869,https://www.idealista.com/inmueble/111003869/,sale,Córdoba,Córdoba,37.8903408,-4.7732034,True,,,Centro - Casco Histórico,Casco Histórico - Ollerías - Marrubial,,,,independantHouse,246.0,,,8,3,,False,,False,,,,,renew,,,,,,,,,,,,,,False,,,
111711729,https://www.idealista.com/inmueble/111711729/,sale,Córdoba,Córdoba,37.8892522,-4.7688294,True,,,Centro - Casco Histórico,Casco Histórico - Ollerías - Marrubial,,,,independantHouse,152.0,,,3,2,,False,,False,,,,,good,,,,,,,,,,,,,,False,,,
111851671,https://www.idealista.com/inmueble/111851671/,sale,Córdoba,Córdoba,37.8891648,-4.7798902,True,,,Centro - Casco Histórico,El Vial - Ronda de Tejares,,,,flat,55.0,,,1,1,,False,,False,,,,,renew,True,,,,,,,,,,,,,True,,3,
111471502,https://www.idealista.com/inmueble/111471502/,sale,Córdoba,Córdoba,37.8849798,-4.7738694,True,,,Centro - Casco Histórico,Casco Histórico - Corredera - Ribera,,,,flat,73.0,,,2,1,,False,,False,,,,,good,False,,,,,,,,,,,,,False,,bj,
112205074,https://www.idealista.com/inmueble/112205074/,sale,Córdoba,Córdoba,37.8809611,-4.7732561,True,,,Centro - Casco Histórico,Casco Histórico - Corredera - Ribera,,,,flat,123.0,,,4,2,,False,,False,,,,,good,False,,,,,,,,,,,,,False,,1,
111214997,https://www.idealista.com/inmueble/111214997/,sale,Córdoba,Córdoba,37.9111156,-4.7812795,True,,,Brillante - Trassierra - Naranjo,Naranjo - Mirabueno,,,,flat,100.0,,,3,2,,False,,False,,,,,good,False,,,,,,,,,,,,,False,,ss,
106300872,https://www.idealista.com/inmueble/106300872/,sale,Córdoba,Córdoba,37.8919158,-4.7769971,True,,,Centro - Casco Histórico,Casco Histórico - Ollerías - Marrubial,,,,independantHouse,235.0,,,7,3,,False,,False,,,,,good,,,,,,,,,,,,,,False,,,
112231499,https://www.idealista.com/inmueble/112231499/,sale,Córdoba,Córdoba,37.8856516,-4.7600599,False,,,Fuensanta - Zona Arcángel,Fuensanta - Arcángel - Santuario,,,,flat,79.0,,,3,1,,False,,False,,,,,good,True,,,,,,,,,,,,,False,,4,
109904378,https://www.idealista.com/inmueble/109904378/,sale,Córdoba,Córdoba,37.884862,-4.768399,True,,,Centro - Casco Histórico,Casco Histórico - Corredera - Ribera,,,,flat,45.0,,,1,1,,False,,False,,,,,good,False,,,,,,,,,,,,,False,,bj,
112097273,https://www.idealista.com/inmueble/112097273/,sale,Córdoba,Córdoba,37.893427,-4.7871709,True,,,Santa Rosa - Valdeolleros,Huerta de la Reina,,,,flat,65.0,,,2,1,,False,,False,,,,,good,False,,,,,,,,,,,,,False,,2,
110561792,https://www.idealista.com/inmueble/110561792/,sale,Córdoba,Córdoba,37.8809391,-4.7884309,True,,,Ciudad Jardín,Ciudad Jardín,,,,flat,48.0,,,2,1,,False,,False,,,,,good,True,,,,,,,,,,,,,False,,1,
111976568,https://www.idealista.com/inmueble/111976568/,sale,Córdoba,Córdoba,37.894729,-4.7610711,True,,,Levante - Lepanto - Fátima,Levante,,,,flat,72.0,,,3,1,,False,,False,,,,,good,True,,,,,,,,,,,,,False,,,
110816879,https://www.idealista.com/inmueble/110816879/,sale,Córdoba,Córdoba,37.8768358,-4.7965874,True,,,Zoco - Poniente - Vistalegre,Vistalegre - Parque Cruz - Universidades,,,,flat,111.0,,,4,2,,False,,False,,,,,good,True,,,,,,,,,,,,,False,,2,
111965605,https://www.idealista.com/inmueble/111965605/,sale,Córdoba,Córdoba,37.8912089,-4.7819392,True,,,Centro - Casco Histórico,El Vial - Ronda de Tejares,,,,flat,565.0,,,6,5,,False,,False,,,,,good,True,,,,,,,,,,,,,True,,3,
111203601,https://www.idealista.com/inmueble/111203601/,sale,Córdoba,Córdoba,37.8946157,-4.8099072,True,,,Noreña - Figueroa,Tablero,,,,terracedHouse,257.0,,,6,4,,False,,False,,,,,good,,,,,,,,,,,,,,True,,,
110303550,https://www.idealista.com/inmueble/110303550/,sale,Córdoba,Córdoba,37.8814245,-4.780599,True,,,Centro - Casco Histórico,Judería - San Basilio,,,,flat,164.0,,,3,2,,False,,False,,,,,good,False,,,,,,,,,,,,,False,,,
107922546,https://www.idealista.com/inmueble/107922546/,sale,Córdoba,Córdoba,37.8825738,-4.7794339,True,,,Centro - Casco Histórico,Centro,,,,flat,77.0,,,2,1,,False,,False,,,,,good,False,,,,,,,,,,,,,False,,,
110187535,https://www.idealista.com/inmueble/110187535/,sale,Córdoba,Córdoba,37.88288,-4.7920909,True,,,Ciudad Jardín,Ciudad Jardín,,,,flat,60.0,,,2,1,,False,,False,,,,,good,True,,,,,,,,,,,,,False,,,
112032520,https://www.idealista.com/inmueble/112032520/,sale,Córdoba,Córdoba,37.9147116,-4.8052914,True,,,Brillante - Trassierra - Naranjo,Brillante,,,,independantHouse,184.0,,,5,2,,False,,False,,,,,good,,,,,,,,,,,,,,True,,,
111114281,https://www.idealista.com/inmueble/111114281/,sale,Córdoba,Córdoba,37.8762953,-4.7977013,True,,,Zoco - Poniente - Vistalegre,Vistalegre - Parque Cruz - Universidades,,,,flat,112.0,,,4,2,,False,,False,,,,,good,True,,,,,,,,,,,,,False,,,
110477238,https://www.idealista.com/inmueble/110477238/,sale,Córdoba,Córdoba,37.9095427,-4.7784022,True,,,Brillante - Trassierra - Naranjo,Naranjo - Mirabueno,,,,flat,68.0,,,2,2,,False,,False,,,,,good,False,,,,,,,,,,,,,False,,,
110875235,https://www.idealista.com/inmueble/110875235/,sale,Córdoba,Córdoba,37.8857526,-4.7933875,True,,,Ciudad Jardín,Ciudad Jardín,,,,flat,96.0,,,3,2,,False,,False,,,,,good,True,,,,,,,,,,,,,False,,,
111441204,https://www.idealista.com/inmueble/111441204/,sale,Córdoba,Córdoba,37.8818055,-4.7646042,True,,,Fuensanta - Zona Arcángel,Fuensanta - Arcángel - Santuario,,,,flat,68.0,,,3,1,,False,,False,,,,,good,False,,,,,,,,,,,,,False,,3,
111248036,https://www.idealista.com/inmueble/111248036/,sale,Córdoba,Córdoba,37.8801267,-4.7929898,True,,,Ciudad Jardín,Ciudad Jardín,,,,flat,129.0,,,4,2,,False,,False,,,,,good,True,,,,,,,,,,,,,False,,,
111372872,https://www.idealista.com/inmueble/111372872/,sale,Córdoba,Córdoba,37.8811795,-4.7714609,True,,,Centro - Casco Histórico,Casco Histórico - Corredera - Ribera,,,,flat,95.0,,,4,2,,False,,False,,,,,good,False,,,,,,,,,,,,,False,,2,
111622863,https://www.idealista.com/inmueble/111622863/,sale,Córdoba,Córdoba,37.8906758,-4.813709,True,,,Noreña - Figueroa,Noreña - Turruñuelos,,,,flat,151.0,,,3,2,,False,,False,,,,,good,True,,,,,,,,,,,,,True,,,
111539758,https://www.idealista.com/inmueble/111539758/,sale,Córdoba,Córdoba,37.8863618,-4.7796637,True,,,Centro - Casco Histórico,Centro,,,,flat,190.0,,,6,3,,False,,False,,,,,good,True,,,,,,,,,,,,,True,,4,
111054753,https://www.idealista.com/inmueble/111054753/,sale,Córdoba,Córdoba,37.8889773,-4.7677877,True,,,Levante - Lepanto - Fátima,La Viñuela,,,,penthouse,75.0,,,3,1,,False,,False,,,,,good,False,,,,,,,,,,,,,False,,,
111895693,https://www.idealista.com/inmueble/111895693/,sale,Córdoba,Córdoba,37.890635,-4.7591964,True,,,Levante - Lepanto - Fátima,La Viñuela,,,,flat,100.0,,,3,1,,False,,False,,,,,good,True,,,,,,,,,,,,,False,,1,
111703689,https://www.idealista.com/inmueble/111703689/,sale,Córdoba,Córdoba,37.8839783,-4.7886238,True,,,Ciudad Jardín,Ciudad Jardín,,,,flat,60.0,,,2,1,,False,,False,,,,,good,True,,,,,,,,,,,,,False,,,
111723671,https://www.idealista.com/inmueble/111723671/,sale,Córdoba,Córdoba,37.8939635,-4.7628007,True,,,Levante - Lepanto - Fátima,Levante,,,,flat,76.0,,,3,1,,False,,False,,,,,good,True,,,,,,,,,,,,,False,,,
110789474,https://www.idealista.com/inmueble/110789474/,sale,Córdoba,Córdoba,37.8784381,-4.7882582,True,,,Ciudad Jardín,Ciudad Jardín,,,,flat,120.0,,,3,2,,False,,False,,,,,good,True,,,,,,,,,,,,,False,,,
110973411,https://www.idealista.com/inmueble/110973411/,sale,Córdoba,Córdoba,37.8839348,-4.7763952,True,,,Centro - Casco Histórico,Casco Histórico - Corredera - Ribera,,,,independantHouse,500.0,,,10,4,,False,,False,,,,,good,,,,,,,,,,,,,,True,,,
110616246,https://www.idealista.com/inmueble/110616246/,sale,Córdoba,Córdoba,37.8895741,-4.7827612,True,,,Centro - Casco Histórico,El Vial - Ronda de Tejares,,,,flat,176.0,,,4,3,,False,,False,,,,,renew,True,,,,,,,,,,,,,True,,7,
103303180,https://www.idealista.com/inmueble/103303180/,sale,Córdoba,Córdoba,37.896954,-4.7620436,True,,,Levante - Lepanto - Fátima,Levante,,,,flat,40.0,,,1,1,,False,,False,,,,,good,False,,,,,,,,,,,,,False,,bj,
111782053,https://www.idealista.com/inmueble/111782053/,sale,Córdoba,Córdoba,37.8816195,-4.7906293,True,,,Ciudad Jardín,Ciudad Jardín,,,,flat,82.0,,,4,2,,False,,False,,,,,good,True,,,,,,,,,,,,,False,,,
110256998,https://www.idealista.com/inmueble/110256998/,sale,Córdoba,Córdoba,37.8810096,-4.7802353,True,,,Centro - Casco Histórico,Judería - San Basilio,,,,independantHouse,417.0,,,13,13,,False,,False,,,,,good,,,,,,,,,,,,,,True,,,
111455624,https://www.idealista.com/inmueble/111455624/,sale,Córdoba,Córdoba,37.8895311,-4.7648623,True,,,Levante - Lepanto - Fátima,La Viñuela,,,,penthouse,69.0,,,3,1,,False,,False,,,,,good,False,,,,,,,,,,,,,False,,4,
111325567,https://www.idealista.com/inmueble/111325567/,sale,Córdoba,Córdoba,37.8863138,-4.7719327,True,,,Centro - Casco Histórico,Casco Histórico - Corredera - Ribera,,,,flat,106.0,,,3,2,,False,,False,,,,,good,True,,,,,,,,,,,,,True,,1,
111730415,https://www.idealista.com/inmueble/111730415/,sale,Córdoba,Córdoba,37.8962636,-4.7924891,True,,,Noreña - Figueroa,Tablero,,,,flat,138.0,,,4,2,,False,,False,,,,,good,True,,,,,,,,,,,,,True,,4,
110232302,https://www.idealista.com/inmueble/110232302/,sale,Córdoba,Córdoba,37.8851037,-4.7815234,True,,,Centro - Casco Histórico,Centro,,,,flat,189.0,,,6,3,,False,,False,,,,,good,True,,,,,,,,,,,,,True,,2,
111328288,https://www.idealista.com/inmueble/111328288/,sale,Córdoba,Córdoba,37.8910368,-4.7650819,True,,,Levante - Lepanto - Fátima,La Viñuela,,,,penthouse,80.0,,,3,1,,False,,False,,,,,good,False,,,,,,,,,,,,,False,,4,
107691198,https://www.idealista.com/inmueble/107691198/,sale,Córdoba,Córdoba,37.8889355,-4.7777703,True,,,Centro - Casco Histórico,Centro,,,,independantHouse,425.0,,,4,5,,False,,False,,,,,good,,,,,,,,,,,,,,True,,,
111674132,https://www.idealista.com/inmueble/111674132/,sale,Córdoba,Córdoba,37.8944427,-4.7798086,True,,,Santa Rosa - Valdeolleros,Santa Rosa - San José,,,,semidetachedHouse,244.0,,,3,2,,False,,False,,,,,good,,,,,,,,,,,,,,False,,,
111972078,https://www.idealista.com/inmueble/111972078/,sale,Córdoba,Córdoba,37.8867485,-4.785259,True,,,Centro - Casco Histórico,Centro,,,,flat,126.0,,,3,2,,False,,False,,,,,good,True,,,,,,,,,,,,,False,,2,
112013039,https://www.idealista.com/inmueble/112013039/,sale,Córdoba,Córdoba,37.8821884,-4.7696667,True,,,Centro - Casco Histórico,Casco Histórico - Corredera - Ribera,,,,flat,114.0,,,3,2,,False,,False,,,,,good,False,,,,,,,,,,,,,False,,1,
111539863,https://www.idealista.com/inmueble/111539863/,sale,Córdoba,Córdoba,37.8891202,-4.7723274,True,,,Centro - Casco Histórico,Casco Histórico - Ollerías - Marrubial,,,,flat,57.0,,,2,1,,False,,False,,,,,good,False,,,,,,,,,,,,,True,,1,
112076745,https://www.idealista.com/inmueble/112076745/,sale,Córdoba,Córdoba,37.897755,-4.7797529,True,,,Santa Rosa - Valdeolleros,Santa Rosa - San José,,,,flat,79.0,,,3,1,,False,,False,,,,,renew,False,,,,,,,,,,,,,False,,bj,
111743296,https://www.idealista.com/inmueble/111743296/,sale,Córdoba,Córdoba,37.8832712,-4.7674316,False,,,Centro - Casco Histórico,Casco Histórico - Corredera - Ribera,,,,flat,50.0,,,1,1,,False,,False,,,,,good,True,,,,,,,,,,,,,False,,bj,
111898275,https://www.idealista.com/inmueble/111898275/,sale,Córdoba,Córdoba,37.8937223,-4.7559719,False,,,Levante - Lepanto - Fátima,El Cairo,,,,flat,40.0,,,1,1,,False,,False,,,,,good,True,,,,,,,,,,,,,False,,bj,
111316219,https://www.idealista.com/inmueble/111316219/,sale,Córdoba,Córdoba,37.8881526,-4.7719147,True,,,Centro - Casco Histórico,Casco Histórico - Ollerías - Marrubial,,,,independantHouse,181.0,,,3,1,,False,,False,,,,,good,,,,,,,,,,,,,,True,,,
111996021,https://www.idealista.com/inmueble/111996021/,sale,Córdoba,Córdoba,37.8850288,-4.7951202,False,,,Ciudad Jardín,Ciudad Jardín,,,,flat,145.0,,,4,2,,False,,False,,,,,good,True,,,,,,,,,,,,,False,,3,
111806992,https://www.idealista.com/inmueble/111806992/,sale,Córdoba,Córdoba,37.8941297,-4.7537146,False,,,Levante - Lepanto - Fátima,El Cairo,,,,flat,85.0,,,3,1,,False,,False,,,,,good,False,,,,,,,,,,,,,False,,2,
111635819,https://www.idealista.com/inmueble/111635819/,sale,Córdoba,Córdoba,37.8920394,-4.7627648,True,,,Levante - Lepanto - Fátima,La Viñuela,,,,flat,62.0,,,3,1,,False,,False,,,,,good,True,,,,,,,,,,,,,False,,1,
111786773,https://www.idealista.com/inmueble/111786773/,sale,Córdoba,Córdoba,37.8925786,-4.7617094,True,,,Levante - Lepanto - Fátima,Levante,,,,flat,80.0,,,4,1,,False,,False,,,,,renew,False,,,,,,,,,,,,,False,,3,
109616694,https://www.idealista.com/inmueble/109616694/,sale,Córdoba,Córdoba,37.9036428,-4.7845211,True,,,Brillante - Trassierra - Naranjo,Brillante,,,,independantHouse,792.0,,,9,7,,False,,False,,,,,good,,,,,,,,,,,,,,True,,,
109330357,https://www.idealista.com/inmueble/109330357/,sale,Córdoba,Córdoba,37.892487,-4.7543557,True,,,Fuensanta - Zona Arcángel,Cañero - Fidiana,,,,semidetachedHouse,97.0,,,0,0,,False,,False,,,,,renew,,,,,,,,,,,,,,False,,,
111373324,https://www.idealista.com/inmueble/111373324/,sale,Córdoba,Córdoba,37.8655802,-4.7781776,True,,,Sector sur - Santa Cruz,Sector sur - Santa Cruz,,,,flat,50.0,,,3,1,,False,,False,,,,,good,False,,,,,,,,,,,,,False,,1,
111980048,https://www.idealista.com/inmueble/111980048/,sale,Córdoba,Córdoba,37.8650607,-4.7765257,False,,,Sector sur - Santa Cruz,Sector sur - Santa Cruz,,,,flat,58.0,,,2,1,,False,,False,,,,,good,True,,,,,,,,,,,,,False,,4,
109849783,https://www.idealista.com/inmueble/109849783/,sale,Córdoba,Córdoba,37.8966485,-4.775939,True,,,Santa Rosa - Valdeolleros,Valdeolleros - Zumbacón - Camping,,,,terracedHouse,135.0,,,2,1,,False,,False,,,,,renew,,,,,,,,,,,,,,False,,,
111570361,https://www.idealista.com/inmueble/111570361/,sale,Córdoba,Córdoba,37.8963559,-4.7984533,True,,,Noreña - Figueroa,Tablero,,,,flat,120.0,,,3,2,,False,,False,,,,,good,True,,,,,,,,,,,,,True,,4,
112047078,https://www.idealista.com/inmueble/112047078/,sale,Córdoba,Córdoba,37.8937662,-4.7764116,True,,,Santa Rosa - Valdeolleros,Santa Rosa - San José,,,,flat,89.0,,,2,2,,False,,False,,,,,good,True,,,,,,,,,,,,,True,,,
112008995,https://www.idealista.com/inmueble/112008995/,sale,Córdoba,Córdoba,37.9087639,-4.7795318,True,,,Brillante - Trassierra - Naranjo,Naranjo - Mirabueno,,,,terracedHouse,145.0,,,5,1,,False,,False,,,,,good,,,,,,,,,,,,,,True,,,
111691979,https://www.idealista.com/inmueble/111691979/,sale,Córdoba,Córdoba,37.8945636,-4.7938401,True,,,Noreña - Figueroa,Tablero,,,,flat,100.0,,,2,2,,False,,False,,,,,good,True,,,,,,,,,,,,,True,,,
111523491,https://www.idealista.com/inmueble/111523491/,sale,Córdoba,Córdoba,37.8764961,-4.7835484,True,,,Centro - Casco Histórico,Judería - San Basilio,,,,flat,55.0,,,2,1,,False,,False,,,,,good,False,,,,,,,,,,,,,False,,1,
111210961,https://www.idealista.com/inmueble/111210961/,sale,Córdoba,Córdoba,37.880103,-4.7685554,True,,,Fuensanta - Zona Arcángel,Fuensanta - Arcángel - Santuario,,,,flat,97.0,,,3,2,,False,,False,,,,,good,False,,,,,,,,,,,,,False,,2,
112211211,https://www.idealista.com/inmueble/112211211/,sale,Córdoba,Córdoba,37.8846067,-4.794644,True,,,Ciudad Jardín,Ciudad Jardín,,,,flat,78.0,,,3,1,,False,,False,,,,,good,False,,,,,,,,,,,,,False,,2,
111246175,https://www.idealista.com/inmueble/111246175/,sale,Córdoba,Córdoba,37.8869856,-4.7551793,True,,,Fuensanta - Zona Arcángel,Cañero - Fidiana,,,,independantHouse,104.0,,,4,2,,False,,False,,,,,good,,,,,,,,,,,,,,False,,,
110430848,https://www.idealista.com/inmueble/110430848/,sale,Córdoba,Córdoba,37.8922366,-4.7751144,True,,,Centro - Casco Histórico,Casco Histórico - Ollerías - Marrubial,,,,independantHouse,235.0,,,7,3,,False,,False,,,,,good,,,,,,,,,,,,,,False,,,
104081567,https://www.idealista.com/inmueble/104081567/,sale,Córdoba,Córdoba,37.8808119,-4.780773,True,,,Centro - Casco Histórico,Judería - San Basilio,,,,flat,166.0,,,5,2,,False,,False,,,,,renew,False,,,,,,,,,,,,,False,,1,
107301451,https://www.idealista.com/inmueble/107301451/,sale,Córdoba,Córdoba,37.8827969,-4.7721339,True,,,Centro - Casco Histórico,Casco Histórico - Corredera - Ribera,,,,duplex,55.0,,,1,1,,True,,False,,,,,good,False,,,,,,,,,,,,,False,,1,
103275435,https://www.idealista.com/inmueble/103275435/,sale,Córdoba,Córdoba,37.8917324,-4.7718967,True,,,Centro - Casco Histórico,Casco Histórico - Ollerías - Marrubial,,,,terracedHouse,301.0,,,7,4,,False,,False,,,,,good,,,,,,,,,,,,,,True,,,
109151176,https://www.idealista.com/inmueble/109151176/,sale,Córdoba,Córdoba,37.8921809,-4.7686328,True,,,Centro - Casco Histórico,Casco Histórico - Ollerías - Marrubial,,,,independantHouse,520.0,,,9,1,,False,,False,,,,,renew,,,,,,,,,,,,,,True,,,
103229025,https://www.idealista.com/inmueble/103229025/,sale,Córdoba,Córdoba,37.8985142,-4.7506825,True,,,Levante - Lepanto - Fátima,Fátima - Campiñuela,,,,independantHouse,453.0,,,6,5,,False,,False,,,,,good,,,,,,,,,,,,,,True,,,
111339406,https://www.idealista.com/inmueble/111339406/,sale,Córdoba,Córdoba,37.8907048,-4.7878311,True,,,Noreña - Figueroa,Carretera Trassierra - Colonia de la Paz,,,,flat,50.0,,,1,1,,False,,False,,,,,good,True,,,,,,,,,,,,,False,,bj,
108460948,https://www.idealista.com/inmueble/108460948/,sale,Córdoba,Córdoba,37.8968961,-4.7776848,True,,,Santa Rosa - Valdeolleros,Valdeolleros - Zumbacón - Camping,,,,flat,92.0,,,3,1,,False,,False,,,,,good,False,,,,,,,,,,,,,False,,2,
109864936,https://www.idealista.com/inmueble/109864936/,sale,Córdoba,Córdoba,37.8907724,-4.762062,True,,,Levante - Lepanto - Fátima,La Viñuela,,,,flat,87.0,,,2,1,,False,,False,,,,,good,False,,,,,,,,,,,,,False,,2,
112029409,https://www.idealista.com/inmueble/112029409/,sale,Córdoba,Córdoba,37.8793667,-4.7928468,True,,,Ciudad Jardín,Ciudad Jardín,,,,flat,58.0,,,1,1,,False,,False,,,,,good,False,,,,,,,,,,,,,False,,,
112278170,https://www.idealista.com/inmueble/112278170/,sale,Córdoba,Córdoba,37.9080207,-4.780091,True,,,Brillante - Trassierra - Naranjo,Naranjo - Mirabueno,,,,flat,58.0,,,2,1,,False,,False,,,,,good,False,,,,,,,,,,,,,False,,,
112058883,https://www.idealista.com/inmueble/112058883/,sale,Córdoba,Córdoba,37.8719319,-4.7913242,True,,,Zoco - Poniente - Vistalegre,Vistalegre - Parque Cruz - Universidades,,,,flat,89.0,,,3,1,,False,,False,,,,,good,True,,,,,,,,,,,,,False,,2,
111877624,https://www.idealista.com/inmueble/111877624/,sale,Córdoba,Córdoba,37.8650607,-4.7765257,False,,,Sector sur - Santa Cruz,Sector sur - Santa Cruz,,,,flat,60.0,,,3,1,,False,,False,,,,,good,True,,,,,,,,,,,,,False,,3,
110507606,https://www.idealista.com/inmueble/110507606/,sale,Córdoba,Córdoba,37.8924254,-4.7613531,True,,,Levante - Lepanto - Fátima,La Viñuela,,,,penthouse,90.0,,,3,2,,False,,False,,,,,good,True,,,,,,,,,,,,,True,,3,
111220503,https://www.idealista.com/inmueble/111220503/,sale,Córdoba,Córdoba,37.9169389,-4.7897357,True,,,Brillante - Trassierra - Naranjo,Brillante,,,,independantHouse,594.0,,,5,4,,False,,False,,,,,good,,,,,,,,,,,,,,True,,,
110539295,https://www.idealista.com/inmueble/110539295/,sale,Córdoba,Córdoba,37.8830977,-4.7816554,True,,,Centro - Casco Histórico,Centro,,,,duplex,50.0,,,1,1,,True,,False,,,,,good,False,,,,,,,,,,,,,False,,bj,
111770497,https://www.idealista.com/inmueble/111770497/,sale,Córdoba,Córdoba,37.8953279,-4.7613256,True,,,Levante - Lepanto - Fátima,Levante,,,,flat,66.0,,,3,1,,False,,False,,,,,good,False,,,,,,,,,,,,,False,,,
111951888,https://www.idealista.com/inmueble/111951888/,sale,Córdoba,Córdoba,37.8810231,-4.7907738,True,,,Ciudad Jardín,Ciudad Jardín,,,,flat,55.0,,,2,1,,False,,False,,,,,good,True,,,,,,,,,,,,,False,,,
111832790,https://www.idealista.com/inmueble/111832790/,sale,Córdoba,Córdoba,37.8862482,-4.774462,True,,,Centro - Casco Histórico,Casco Histórico - Ollerías - Marrubial,,,,terracedHouse,118.0,,,4,2,,False,,False,,,,,good,,,,,,,,,,,,,,False,,,
111223346,https://www.idealista.com/inmueble/111223346/,sale,Córdoba,Córdoba,37.8846962,-4.7798828,True,,,Centro - Casco Histórico,Centro,,,,penthouse,272.0,,,5,4,,False,,False,,,,,good,True,,,,,,,,,,,,,True,,4,
111451991,https://www.idealista.com/inmueble/111451991/,sale,Córdoba,Córdoba,37.8950388,-4.7943889,True,,,Noreña - Figueroa,Tablero,,,,duplex,183.0,,,4,3,,True,,False,,,,,good,True,,,,,,,,,,,,,True,,3,
110458840,https://www.idealista.com/inmueble/110458840/,sale,Córdoba,Córdoba,37.8862216,-4.7683715,True,,,Centro - Casco Histórico,Casco Histórico - Corredera - Ribera,,,,independantHouse,347.0,,,5,3,,False,,False,,,,,good,,,,,,,,,,,,,,True,,,
107184647,https://www.idealista.com/inmueble/107184647/,sale,Córdoba,Córdoba,37.8641277,-4.7764943,True,,,Sector sur - Santa Cruz,Sector sur - Santa Cruz,,,,flat,57.0,,,3,1,,False,,False,,,,,good,True,,,,,,,,,,,,,False,,,
111344436,https://www.idealista.com/inmueble/111344436/,sale,Córdoba,Córdoba,37.9146059,-4.8025433,True,,,Brillante - Trassierra - Naranjo,Brillante,,,,independantHouse,440.0,,,6,4,,False,,False,,,,,good,,,,,,,,,,,,,,True,,,
108828034,https://www.idealista.com/inmueble/108828034/,sale,Córdoba,Córdoba,37.8990027,-4.7780596,True,,,Santa Rosa - Valdeolleros,Valdeolleros - Zumbacón - Camping,,,,independantHouse,108.0,,,3,2,,False,,False,,,,,renew,,,,,,,,,,,,,,False,,,
111878943,https://www.idealista.com/inmueble/111878943/,sale,Córdoba,Córdoba,37.8969234,-4.7878992,True,,,Santa Rosa - Valdeolleros,Huerta de la Reina,,,,flat,65.0,,,2,1,,False,,False,,,,,good,False,,,,,,,,,,,,,False,,2,
111914820,https://www.idealista.com/inmueble/111914820/,sale,Córdoba,Córdoba,37.8793076,-4.79239,True,,,Ciudad Jardín,Ciudad Jardín,,,,penthouse,129.0,,,4,2,,False,,False,,,,,good,True,,,,,,,,,,,,,False,,,
111977761,https://www.idealista.com/inmueble/111977761/,sale,Córdoba,Córdoba,37.8867489,-4.7511515,True,,,Fuensanta - Zona Arcángel,Cañero - Fidiana,,,,independantHouse,97.0,,,3,1,,False,,False,,,,,renew,,,,,,,,,,,,,,False,,,
112222499,https://www.idealista.com/inmueble/112222499/,sale,Córdoba,Córdoba,37.8828817,-4.7738997,True,,,Centro - Casco Histórico,Casco Histórico - Corredera - Ribera,,,,flat,90.0,,,2,2,,False,,False,,,,,good,False,,,,,,,,,,,,,False,,1,
112170044,https://www.idealista.com/inmueble/112170044/,sale,Córdoba,Córdoba,37.8911646,-4.7703099,True,,,Centro - Casco Histórico,Casco Histórico - Ollerías - Marrubial,,,,flat,46.0,,,1,1,,False,,False,,,,,good,False,,,,,,,,,,,,,False,,,
112210259,https://www.idealista.com/inmueble/112210259/,sale,Córdoba,Córdoba,37.8829037,-4.8160724,True,,,Noreña - Figueroa,Miralbaida - Parque Azahara,,,,flat,135.0,,,3,2,,False,,False,,,,,good,True,,,,,,,,,,,,,True,,1,
109707951,https://www.idealista.com/inmueble/109707951/,sale,Córdoba,Córdoba,37.9217241,-4.7969064,True,,,Brillante - Trassierra - Naranjo,Brillante,,,,independantHouse,307.0,,,4,3,,False,,False,,,,,good,,,,,,,,,,,,,,True,,,
84545480,https://www.idealista.com/inmueble/84545480/,sale,Córdoba,Córdoba,37.8819562,-4.7835383,True,,,Centro - Casco Histórico,Judería - San Basilio,,,,independantHouse,246.0,,,4,2,,False,,False,,,,,renew,,,,,,,,,,,,,,False,,,
111525464,https://www.idealista.com/inmueble/111525464/,sale,Córdoba,Córdoba,37.861548,-4.7748186,True,,,Sector sur - Santa Cruz,Sector sur - Santa Cruz,,,,flat,58.0,,,3,1,,False,,False,,,,,good,True,,,,,,,,,,,,,False,,bj,
88651870,https://www.idealista.com/inmueble/88651870/,sale,Córdoba,Córdoba,37.8884503,-4.7692956,True,,,Centro - Casco Histórico,Casco Histórico - Corredera - Ribera,,,,independantHouse,397.0,,,8,1,,False,,False,,,,,good,,,,,,,,,,,,,,False,,,
111755866,https://www.idealista.com/inmueble/111755866/,sale,Córdoba,Córdoba,37.8876526,-4.7691438,True,,,Centro - Casco Histórico,Casco Histórico - Ollerías - Marrubial,,,,flat,53.0,,,3,1,,False,,False,,,,,good,False,,,,,,,,,,,,,False,,3,
112020205,https://www.idealista.com/inmueble/112020205/,sale,Córdoba,Córdoba,37.865266,-4.7719774,True,,,Campo de la Verdad,Campo de la Verdad,,,,independantHouse,83.0,,,3,1,,False,,False,,,,,renew,,,,,,,,,,,,,,False,,,
112131853,https://www.idealista.com/inmueble/112131853/,sale,Córdoba,Córdoba,37.8817842,-4.7719612,True,,,Centro - Casco Histórico,Casco Histórico - Corredera - Ribera,,,,independantHouse,200.0,,,3,2,,False,,False,,,,,good,,,,,,,,,,,,,,False,,,
109428309,https://www.idealista.com/inmueble/109428309/,sale,Córdoba,Córdoba,37.9108526,-4.779671,True,,,Brillante - Trassierra - Naranjo,Naranjo - Mirabueno,,,,chalet,279.0,,,4,2,,False,,False,,,,,good,,,,,,,,,,,,,,True,,,
112248044,https://www.idealista.com/inmueble/112248044/,sale,Córdoba,Córdoba,37.9100067,-4.7808477,True,,,Brillante - Trassierra - Naranjo,Naranjo - Mirabueno,,,,flat,65.0,,,3,1,,False,,False,,,,,good,False,,,,,,,,,,,,,False,,1,
111877062,https://www.idealista.com/inmueble/111877062/,sale,Córdoba,Córdoba,37.9079816,-4.7798713,True,,,Brillante - Trassierra - Naranjo,Naranjo - Mirabueno,,,,flat,105.0,,,4,2,,False,,False,,,,,good,False,,,,,,,,,,,,,False,,1,
110695005,https://www.idealista.com/inmueble/110695005/,sale,Córdoba,Córdoba,37.86585,-4.7728286,True,,,Campo de la Verdad,Campo de la Verdad,,,,semidetachedHouse,60.0,,,0,0,,False,,False,,,,,renew,,,,,,,,,,,,,,False,,,
111899907,https://www.idealista.com/inmueble/111899907/,sale,Córdoba,Córdoba,37.8902812,-4.7704321,True,,,Centro - Casco Histórico,Casco Histórico - Ollerías - Marrubial,,,,studio,40.0,,,0,1,,False,,True,,,,,good,False,,,,,,,,,,,,,False,,,
111406589,https://www.idealista.com/inmueble/111406589/,sale,Córdoba,Córdoba,37.8642923,-4.772319,True,,,Campo de la Verdad,Campo de la Verdad,,,,semidetachedHouse,72.0,,,3,1,,False,,False,,,,,renew,,,,,,,,,,,,,,False,,,
110685572,https://www.idealista.com/inmueble/110685572/,sale,Córdoba,Córdoba,37.8706976,-4.7773129,True,,,Sector sur - Santa Cruz,Sector sur - Santa Cruz,,,,flat,45.0,,,1,1,,False,,False,,,,,good,False,,,,,,,,,,,,,False,,,
111715266,https://www.idealista.com/inmueble/111715266/,sale,Córdoba,Córdoba,37.8699753,-4.7804983,True,,,Sector sur - Santa Cruz,Sector sur - Santa Cruz,,,,flat,80.0,,,3,1,,False,,False,,,,,renew,True,,,,,,,,,,,,,False,,4,
111249118,https://www.idealista.com/inmueble/111249118/,sale,Córdoba,Córdoba,37.9000649,-4.7571482,True,,,Levante - Lepanto - Fátima,Fátima - Campiñuela,,,,flat,80.0,,,2,1,,False,,False,,,,,good,True,,,,,,,,,,,,,False,,,
111371837,https://www.idealista.com/inmueble/111371837/,sale,Córdoba,Córdoba,37.895818,-4.7734806,True,,,Centro - Casco Histórico,San Cayetano,,,,flat,90.0,,,3,2,,False,,False,,,,,good,True,,,,,,,,,,,,,False,,bj,
107472771,https://www.idealista.com/inmueble/107472771/,sale,Córdoba,Córdoba,37.8900871,-4.7707157,True,,,Centro - Casco Histórico,Casco Histórico - Ollerías - Marrubial,,,,independantHouse,520.0,,,8,1,,False,,False,,,,,renew,,,,,,,,,,,,,,False,,,
112364862,https://www.idealista.com/obra-nueva/112364862/,sale,Córdoba,Córdoba,37.8886476,-4.8157869,False,,,Noreña - Figueroa,Noreña - Turruñuelos,,,,flat,90.0,,,2,2,,False,,False,,,,,newdevelopment,True,,,,,,,,,,,,,True,,1,
112364778,https://www.idealista.com/obra-nueva/112364778/,sale,Córdoba,Córdoba,37.8885293,-4.8157691,False,,,Noreña - Figueroa,Noreña - Turruñuelos,,,,penthouse,124.0,,,4,2,,False,,False,,,,,newdevelopment,True,,,,,,,,,,,,,True,,6,
112364668,https://www.idealista.com/obra-nueva/112364668/,sale,Córdoba,Córdoba,37.8885293,-4.8157691,False,,,Noreña - Figueroa,Noreña - Turruñuelos,,,,flat,119.0,,,3,2,,False,,False,,,,,newdevelopment,True,,,,,,,,,,,,,True,,bj,
111842109,https://www.idealista.com/inmueble/111842109/,sale,Córdoba,Córdoba,37.8957351,-4.7713596,True,,,Centro - Casco Histórico,San Cayetano,,,,independantHouse,150.0,,,3,2,,False,,False,,,,,good,,,,,,,,,,,,,,False,,,
112000333,https://www.idealista.com/inmueble/112000333/,sale,Córdoba,Córdoba,37.8960096,-4.7772858,True,,,Santa Rosa - Valdeolleros,Valdeolleros - Zumbacón - Camping,,,,flat,71.0,,,3,1,,False,,False,,,,,good,False,,,,,,,,,,,,,False,,4,
111532214,https://www.idealista.com/inmueble/111532214/,sale,Córdoba,Córdoba,37.9016458,-4.7597366,True,,,Levante - Lepanto - Fátima,Fátima - Campiñuela,,,,flat,81.0,,,3,2,,False,,False,,,,,good,True,,,,,,,,,,,,,True,,1,
110375577,https://www.idealista.com/obra-nueva/110375577/,sale,Córdoba,Córdoba,37.868662,-4.7944257,False,,,Zoco - Poniente - Vistalegre,Vistalegre - Parque Cruz - Universidades,,,,flat,98.0,,,2,2,,False,,False,,,,,newdevelopment,True,,,,,,,,,,,,,True,,1,
109756565,https://www.idealista.com/obra-nueva/109756565/,sale,Córdoba,Córdoba,37.868662,-4.7944257,False,,,Zoco - Poniente - Vistalegre,Vistalegre - Parque Cruz - Universidades,,,,penthouse,93.0,,,2,2,,False,,False,,,,,newdevelopment,True,,,,,,,,,,,,,True,,5,
110375565,https://www.idealista.com/obra-nueva/110375565/,sale,Córdoba,Córdoba,37.868662,-4.7944257,False,,,Zoco - Poniente - Vistalegre,Vistalegre - Parque Cruz - Universidades,,,,flat,90.0,,,2,2,,False,,False,,,,,newdevelopment,True,,,,,,,,,,,,,True,,1,
109756545,https://www.idealista.com/obra-nueva/109756545/,sale,Córdoba,Córdoba,37.868662,-4.7944257,False,,,Zoco - Poniente - Vistalegre,Vistalegre - Parque Cruz - Universidades,,,,flat,97.0,,,2,2,,False,,False,,,,,newdevelopment,True,,,,,,,,,,,,,True,,3,
109756525,https://www.idealista.com/obra-nueva/109756525/,sale,Córdoba,Córdoba,37.868662,-4.7944257,False,,,Zoco - Poniente - Vistalegre,Vistalegre - Parque Cruz - Universidades,,,,flat,98.0,,,2,2,,False,,False,,,,,newdevelopment,True,,,,,,,,,,,,,True,,2,
109756524,https://www.idealista.com/obra-nueva/109756524/,sale,Córdoba,Córdoba,37.868662,-4.7944257,False,,,Zoco - Poniente - Vistalegre,Vistalegre - Parque Cruz - Universidades,,,,flat,90.0,,,2,2,,False,,False,,,,,newdevelopment,True,,,,,,,,,,,,,True,,2,
109756523,https://www.idealista.com/obra-nueva/109756523/,sale,Córdoba,Córdoba,37.868662,-4.7944257,False,,,Zoco - Poniente - Vistalegre,Vistalegre - Parque Cruz - Universidades,,,,flat,97.0,,,2,2,,False,,False,,,,,newdevelopment,True,,,,,,,,,,,,,True,,2,
110375433,https://www.idealista.com/obra-nueva/110375433/,sale,Córdoba,Córdoba,37.868662,-4.7944257,False,,,Zoco - Poniente - Vistalegre,Vistalegre - Parque Cruz - Universidades,,,,flat,97.0,,,2,2,,False,,False,,,,,newdevelopment,True,,,,,,,,,,,,,True,,1,
112272359,https://www.idealista.com/inmueble/112272359/,sale,Córdoba,Córdoba,37.8874492,-4.7691211,True,,,Centro - Casco Histórico,Casco Histórico - Ollerías - Marrubial,,,,semidetachedHouse,520.0,,,12,5,,False,,False,,,,,good,,,,,,,,,,,,,,False,,,
110906839,https://www.idealista.com/inmueble/110906839/,sale,Córdoba,Córdoba,37.8893859,-4.7691154,True,,,Centro - Casco Histórico,Casco Histórico - Ollerías - Marrubial,,,,chalet,215.0,,,3,3,,False,,False,,,,,good,,,,,,,,,,,,,,False,,,
111610562,https://www.idealista.com/inmueble/111610562/,sale,Córdoba,Córdoba,37.8749282,-4.788959,True,,,Zoco - Poniente - Vistalegre,Vistalegre - Parque Cruz - Universidades,,,,flat,165.0,,,5,3,,False,,False,,,,,good,True,,,,,,,,,,,,,True,,6,
111895431,https://www.idealista.com/inmueble/111895431/,sale,Córdoba,Córdoba,37.8975591,-4.7713514,True,,,Santa Rosa - Valdeolleros,Valdeolleros - Zumbacón - Camping,,,,flat,108.0,,,3,2,,False,,False,,,,,good,True,,,,,,,,,,,,,True,,3,
111817218,https://www.idealista.com/inmueble/111817218/,sale,Córdoba,Córdoba,37.8774055,-4.7893037,True,,,Zoco - Poniente - Vistalegre,Vistalegre - Parque Cruz - Universidades,,,,flat,123.0,,,4,2,,False,,False,,,,,good,True,,,,,,,,,,,,,True,,4,
111728052,https://www.idealista.com/inmueble/111728052/,sale,Córdoba,Córdoba,37.8739267,-4.7839323,True,,,Centro - Casco Histórico,Judería - San Basilio,,,,terracedHouse,157.0,,,5,3,,False,,False,,,,,good,,,,,,,,,,,,,,True,,,
95637767,https://www.idealista.com/inmueble/95637767/,sale,Córdoba,Córdoba,37.8781381,-4.7815217,True,,,Centro - Casco Histórico,Judería - San Basilio,,,,independantHouse,350.0,,,9,4,,False,,False,,,,,good,,,,,,,,,,,,,,True,,,
112363247,https://www.idealista.com/inmueble/112363247/,sale,Córdoba,Córdoba,37.8864127,-4.767991,True,,,Centro - Casco Histórico,Casco Histórico - Corredera - Ribera,,,,independantHouse,982.0,,,11,5,,False,,False,,,,,renew,,,,,,,,,,,,,,False,,,
110899376,https://www.idealista.com/inmueble/110899376/,sale,Córdoba,Córdoba,37.9116338,-4.7951194,True,,,Brillante - Trassierra - Naranjo,Brillante,,,,independantHouse,295.0,,,3,3,,False,,False,,,,,good,,,,,,,,,,,,,,True,,,
110655584,https://www.idealista.com/inmueble/110655584/,sale,Córdoba,Córdoba,37.9148234,-4.7905727,True,,,Brillante - Trassierra - Naranjo,Brillante,,,,independantHouse,594.0,,,5,4,,False,,False,,,,,good,,,,,,,,,,,,,,True,,,
111337558,https://www.idealista.com/inmueble/111337558/,sale,Córdoba,Córdoba,37.8841909,-4.7920213,True,,,Ciudad Jardín,Ciudad Jardín,,,,flat,90.0,,,3,1,,False,,False,,,,,good,True,,,,,,,,,,,,,False,,1,
110737917,https://www.idealista.com/inmueble/110737917/,sale,Córdoba,Córdoba,37.8847137,-4.7846649,True,,,Centro - Casco Histórico,Centro,,,,flat,130.0,,,3,2,,False,,False,,,,,good,True,,,,,,,,,,,,,True,,4,
111803813,https://www.idealista.com/inmueble/111803813/,sale,Córdoba,Córdoba,37.8836896,-4.7743934,True,,,Centro - Casco Histórico,Casco Histórico - Corredera - Ribera,,,,independantHouse,310.0,,,5,3,,False,,False,,,,,good,,,,,,,,,,,,,,False,,,
109874190,https://www.idealista.com/inmueble/109874190/,sale,Córdoba,Córdoba,37.8898601,-4.7751311,True,,,Centro - Casco Histórico,Casco Histórico - Ollerías - Marrubial,,,,terracedHouse,129.0,,,3,2,,False,,False,,,,,good,,,,,,,,,,,,,,False,,,
112363533,https://www.idealista.com/inmueble/112363533/,sale,Córdoba,Córdoba,37.8894001,-4.7631924,False,,,Levante - Lepanto - Fátima,La Viñuela,,,,flat,77.0,,,3,1,,False,,False,,,,,good,True,,,,,,,,,,,,,False,,3,
109756582,https://www.idealista.com/obra-nueva/109756582/,sale,Córdoba,Córdoba,37.868662,-4.7944257,False,,,Zoco - Poniente - Vistalegre,Vistalegre - Parque Cruz - Universidades,,,,penthouse,128.0,,,3,2,,False,,False,,,,,newdevelopment,True,,,,,,,,,,,,,True,,5,
109756583,https://www.idealista.com/obra-nueva/109756583/,sale,Córdoba,Córdoba,37.868662,-4.7944257,False,,,Zoco - Poniente - Vistalegre,Vistalegre - Parque Cruz - Universidades,,,,penthouse,153.0,,,4,2,,False,,False,,,,,newdevelopment,True,,,,,,,,,,,,,True,,6,
110375557,https://www.idealista.com/obra-nueva/110375557/,sale,Córdoba,Córdoba,37.868662,-4.7944257,False,,,Zoco - Poniente - Vistalegre,Vistalegre - Parque Cruz - Universidades,,,,flat,118.0,,,3,2,,False,,False,,,,,newdevelopment,True,,,,,,,,,,,,,True,,2,
109756502,https://www.idealista.com/obra-nueva/109756502/,sale,Córdoba,Córdoba,37.868662,-4.7944257,False,,,Zoco - Poniente - Vistalegre,Vistalegre - Parque Cruz - Universidades,,,,flat,118.0,,,3,2,,False,,False,,,,,newdevelopment,True,,,,,,,,,,,,,True,,3,
109756442,https://www.idealista.com/obra-nueva/109756442/,sale,Córdoba,Córdoba,37.868662,-4.7944257,False,,,Zoco - Poniente - Vistalegre,Vistalegre - Parque Cruz - Universidades,,,,flat,118.0,,,3,2,,False,,False,,,,,newdevelopment,True,,,,,,,,,,,,,True,,1,
112054026,https://www.idealista.com/inmueble/112054026/,sale,Córdoba,Córdoba,37.8659944,-4.7769866,True,,,Sector sur - Santa Cruz,Sector sur - Santa Cruz,,,,flat,54.0,,,3,1,,False,,False,,,,,good,True,,,,,,,,,,,,,False,,,
109756591,https://www.idealista.com/obra-nueva/109756591/,sale,Córdoba,Córdoba,37.868662,-4.7944257,False,,,Zoco - Poniente - Vistalegre,Vistalegre - Parque Cruz - Universidades,,,,penthouse,128.0,,,3,2,,False,,False,,,,,newdevelopment,True,,,,,,,,,,,,,True,,5,
109433748,https://www.idealista.com/inmueble/109433748/,sale,Córdoba,Córdoba,37.892417,-4.7772133,True,,,Centro - Casco Histórico,Casco Histórico - Ollerías - Marrubial,,,,terracedHouse,143.0,,,5,4,,False,,False,,,,,good,,,,,,,,,,,,,,False,,,
110629179,https://www.idealista.com/inmueble/110629179/,sale,Córdoba,Córdoba,37.884414,-4.7803355,True,,,Centro - Casco Histórico,Centro,,,,flat,273.0,,,5,4,,False,,False,,,,,good,True,,,,,,,,,,,,,True,,4,
111073383,https://www.idealista.com/inmueble/111073383/,sale,Córdoba,Córdoba,37.8844029,-4.7711341,True,,,Centro - Casco Histórico,Casco Histórico - Corredera - Ribera,,,,flat,99.0,,,3,1,,False,,False,,,,,good,False,,,,,,,,,,,,,True,,2,
110878219,https://www.idealista.com/inmueble/110878219/,sale,Córdoba,Córdoba,37.8992259,-4.7576295,True,,,Levante - Lepanto - Fátima,Fátima - Campiñuela,,,,flat,82.0,,,3,1,,False,,False,,,,,renew,False,,,,,,,,,,,,,False,,3,
111974255,https://www.idealista.com/inmueble/111974255/,sale,Córdoba,Córdoba,37.890343,-4.7596134,True,,,Levante - Lepanto - Fátima,La Viñuela,,,,flat,60.0,,,3,1,,False,,False,,,,,good,False,,,,,,,,,,,,,False,,3,
112374431,https://www.idealista.com/inmueble/112374431/,sale,Córdoba,Córdoba,37.883054,-4.7747243,True,,,Centro - Casco Histórico,Casco Histórico - Corredera - Ribera,,,,penthouse,106.0,,,3,2,,False,,False,,,,,good,False,,,,,,,,,,,,,True,,2,
111651917,https://www.idealista.com/inmueble/111651917/,sale,Córdoba,Córdoba,37.8621625,-4.7742648,True,,,Sector sur - Santa Cruz,Sector sur - Santa Cruz,,,,flat,110.0,,,4,1,,False,,False,,,,,good,False,,,,,,,,,,,,,False,,,
109436943,https://www.idealista.com/inmueble/109436943/,sale,Córdoba,Córdoba,37.8858974,-4.7831985,True,,,Centro - Casco Histórico,Centro,,,,flat,77.0,,,2,1,,False,,False,,,,,good,True,,,,,,,,,,,,,True,,,
112377621,https://www.idealista.com/inmueble/112377621/,sale,Córdoba,Córdoba,37.9022277,-4.8093481,True,,,Noreña - Figueroa,Tablero,,,,penthouse,114.0,,,3,2,,False,,False,,,,,good,True,,,,,,,,,,,,,True,,2,
110925979,https://www.idealista.com/inmueble/110925979/,sale,Córdoba,Córdoba,37.8863995,-4.7702128,True,,,Centro - Casco Histórico,Casco Histórico - Corredera - Ribera,,,,independantHouse,223.0,,,5,3,,False,,False,,,,,good,,,,,,,,,,,,,,True,,,
111557713,https://www.idealista.com/inmueble/111557713/,sale,Córdoba,Córdoba,37.9146278,-4.8092101,True,,,Brillante - Trassierra - Naranjo,Brillante,,,,independantHouse,474.0,,,5,4,,False,,False,,,,,renew,,,,,,,,,,,,,,True,,,
108108230,https://www.idealista.com/inmueble/108108230/,sale,Córdoba,Córdoba,37.8799754,-4.7780405,True,,,Centro - Casco Histórico,Judería - San Basilio,,,,independantHouse,244.0,,,8,2,,False,,False,,,,,renew,,,,,,,,,,,,,,False,,,
108107987,https://www.idealista.com/inmueble/108107987/,sale,Córdoba,Córdoba,37.8819651,-4.7782049,True,,,Centro - Casco Histórico,Judería - San Basilio,,,,independantHouse,292.0,,,5,2,,False,,False,,,,,renew,,,,,,,,,,,,,,False,,,
112375722,https://www.idealista.com/inmueble/112375722/,sale,Córdoba,Córdoba,37.8948803,-4.756367,True,,,Levante - Lepanto - Fátima,Fátima - Campiñuela,,,,studio,42.0,,,0,1,,False,,True,,,,,good,False,,,,,,,,,,,,,False,,bj,
112203410,https://www.idealista.com/inmueble/112203410/,sale,Córdoba,Córdoba,37.8780353,-4.7917755,True,,,Ciudad Jardín,Ciudad Jardín,,,,flat,52.0,,,2,1,,False,,False,,,,,good,False,,,,,,,,,,,,,False,,,
112206019,https://www.idealista.com/inmueble/112206019/,sale,Córdoba,Córdoba,37.879495,-4.7904749,True,,,Ciudad Jardín,Ciudad Jardín,,,,flat,84.0,,,3,1,,False,,False,,,,,good,True,,,,,,,,,,,,,False,,3,
112374495,https://www.idealista.com/inmueble/112374495/,sale,Córdoba,Córdoba,37.8749976,-4.7774495,True,,,Campo de la Verdad,Campo de la Verdad,,,,terracedHouse,136.0,,,3,2,,False,,False,,,,,good,,,,,,,,,,,,,,False,,,
112363634,https://www.idealista.com/inmueble/112363634/,sale,Córdoba,Córdoba,37.8802431,-4.7679294,True,,,Centro - Casco Histórico,Casco Histórico - Corredera - Ribera,,,,terracedHouse,111.0,,,4,2,,False,,False,,,,,good,,,,,,,,,,,,,,True,,,
112301252,https://www.idealista.com/inmueble/112301252/,sale,Córdoba,Córdoba,37.8877968,-4.780039,True,,,Centro - Casco Histórico,Centro,,,,flat,141.0,,,4,2,,False,,False,,,,,good,True,,,,,,,,,,,,,True,,4,
112374319,https://www.idealista.com/inmueble/112374319/,sale,Córdoba,Córdoba,37.8829464,-4.7780191,True,,,Centro - Casco Histórico,Casco Histórico - Corredera - Ribera,,,,penthouse,67.0,,,1,1,,False,,False,,,,,good,False,,,,,,,,,,,,,True,,2,
112366243,https://www.idealista.com/inmueble/112366243/,sale,Córdoba,Córdoba,37.8878565,-4.7836242,True,,,Centro - Casco Histórico,El Vial - Ronda de Tejares,,,,flat,115.0,,,3,2,,False,,False,,,,,good,True,,,,,,,,,,,,,False,,7,
110375323,https://www.idealista.com/obra-nueva/110375323/,sale,Córdoba,Córdoba,37.868662,-4.7944257,False,,,Zoco - Poniente - Vistalegre,Vistalegre - Parque Cruz - Universidades,,,,flat,118.0,,,3,2,,False,,False,,,,,newdevelopment,True,,,,,,,,,,,,,True,,1,
111541967,https://www.idealista.com/inmueble/111541967/,sale,Córdoba,Córdoba,37.8994088,-4.7583781,True,,,Levante - Lepanto - Fátima,Fátima - Campiñuela,,,,flat,85.0,,,4,1,,False,,False,,,,,renew,False,,,,,,,,,,,,,False,,2,
111729926,https://www.idealista.com/inmueble/111729926/,sale,Córdoba,Córdoba,37.8916816,-4.7565735,True,,,Levante - Lepanto - Fátima,La Viñuela,,,,flat,75.0,,,2,1,,False,,False,,,,,good,False,,,,,,,,,,,,,False,,2,
112363477,https://www.idealista.com/inmueble/112363477/,sale,Córdoba,Córdoba,37.8820666,-4.7711377,True,,,Centro - Casco Histórico,Casco Histórico - Corredera - Ribera,,,,flat,109.0,,,2,2,,False,,False,,,,,good,False,,,,,,,,,,,,,False,,1,
110377989,https://www.idealista.com/inmueble/110377989/,sale,Córdoba,Córdoba,37.8843799,-4.7794319,True,,,Centro - Casco Histórico,Centro,,,,flat,165.0,,,7,2,,False,,False,,,,,good,True,,,,,,,,,,,,,False,,2,
111378243,https://www.idealista.com/obra-nueva/111378243/,sale,Córdoba,Córdoba,37.8886476,-4.8157869,False,,,Noreña - Figueroa,Noreña - Turruñuelos,,,,flat,108.0,,,3,2,,False,,False,,,,,newdevelopment,True,,,,,,,,,,,,,True,,1,
107747678,https://www.idealista.com/inmueble/107747678/,sale,Córdoba,Córdoba,37.890704,-4.769821,True,,,Centro - Casco Histórico,Casco Histórico - Ollerías - Marrubial,,,,independantHouse,520.0,,,8,1,,False,,False,,,,,renew,,,,,,,,,,,,,,False,,,
111368210,https://www.idealista.com/inmueble/111368210/,sale,Córdoba,Córdoba,37.8659367,-4.7780566,True,,,Sector sur - Santa Cruz,Sector sur - Santa Cruz,,,,flat,60.0,,,3,1,,False,,False,,,,,good,False,,,,,,,,,,,,,False,,1,
112366161,https://www.idealista.com/inmueble/112366161/,sale,Córdoba,Córdoba,37.8857605,-4.8103024,True,,,Noreña - Figueroa,Noreña - Turruñuelos,,,,flat,89.0,,,3,2,,False,,False,,,,,good,True,,,,,,,,,,,,,True,,4,
112359932,https://www.idealista.com/inmueble/112359932/,sale,Córdoba,Córdoba,37.885807,-4.7817952,True,,,Centro - Casco Histórico,Centro,,,,flat,65.0,,,1,1,,False,,False,,,,,good,True,,,,,,,,,,,,,True,,4,
111543882,https://www.idealista.com/inmueble/111543882/,sale,Córdoba,Córdoba,37.8673064,-4.7766839,True,,,Sector sur - Santa Cruz,Sector sur - Santa Cruz,,,,flat,77.0,,,3,1,,False,,False,,,,,good,True,,,,,,,,,,,,,False,,2,
111832706,https://www.idealista.com/inmueble/111832706/,sale,Córdoba,Córdoba,37.8698588,-4.7777881,True,,,Sector sur - Santa Cruz,Sector sur - Santa Cruz,,,,flat,76.0,,,3,1,,False,,False,,,,,good,False,,,,,,,,,,,,,False,,3,
112371639,https://www.idealista.com/inmueble/112371639/,sale,Córdoba,Córdoba,37.8976332,-4.7610361,True,,,Levante - Lepanto - Fátima,Levante,,,,flat,63.0,,,1,0,,False,,False,,,,,renew,True,,,,,,,,,,,,,True,,5,
108469427,https://www.idealista.com/inmueble/108469427/,sale,Córdoba,Córdoba,37.8584677,-4.7820612,True,,,Sector sur - Santa Cruz,Sector sur - Santa Cruz,,,,flat,115.0,,,3,2,,False,,False,,,,,good,,,,,,,,,,,,,,False,,,
107434266,https://www.idealista.com/inmueble/107434266/,sale,Córdoba,Córdoba,37.8905728,-4.7703841,True,,,Centro - Casco Histórico,Casco Histórico - Ollerías - Marrubial,,,,independantHouse,520.0,,,8,1,,False,,False,,,,,renew,,,,,,,,,,,,,,False,,,
112376608,https://www.idealista.com/inmueble/112376608/,sale,Córdoba,Córdoba,37.8574703,-4.7813434,True,,,Sector sur - Santa Cruz,Sector sur - Santa Cruz,,,,flat,74.0,,,3,1,,False,,False,,,,,good,False,,,,,,,,,,,,,False,,3,
109619589,https://www.idealista.com/inmueble/109619589/,sale,Córdoba,Córdoba,37.8919678,-4.7857376,True,,,Centro - Casco Histórico,El Vial - Ronda de Tejares,,,,flat,97.0,,,2,2,,False,,False,,,,,good,True,,,,,,,,,,,,,True,,1,
108044022,https://www.idealista.com/inmueble/108044022/,sale,Córdoba,Córdoba,37.864027,-4.7710988,True,,,Campo de la Verdad,Campo de la Verdad,,,,flat,62.0,,,2,1,,False,,False,,,,,good,False,,,,,,,,,,,,,False,,,
112365641,https://www.idealista.com/inmueble/112365641/,sale,Córdoba,Córdoba,37.8765467,-4.7714597,True,,,Campo de la Verdad,Campo de la Verdad,,,,terracedHouse,162.0,,,2,3,,False,,False,,,,,good,,,,,,,,,,,,,,True,,,
111780066,https://www.idealista.com/obra-nueva/111780066/,sale,Córdoba,Córdoba,37.8870778,-4.8142354,False,,,Noreña - Figueroa,Noreña - Turruñuelos,,,,flat,106.0,,,3,2,,False,,False,,,,,newdevelopment,True,,,,,,,,,,,,,True,,4,
111780045,https://www.idealista.com/obra-nueva/111780045/,sale,Córdoba,Córdoba,37.8870778,-4.8142354,False,,,Noreña - Figueroa,Noreña - Turruñuelos,,,,flat,106.0,,,3,2,,False,,False,,,,,newdevelopment,True,,,,,,,,,,,,,True,,5,
112025994,https://www.idealista.com/inmueble/112025994/,sale,Córdoba,Córdoba,37.8844705,-4.7865619,False,,,Ciudad Jardín,Ciudad Jardín,,,,flat,97.0,,,2,1,,False,,False,,,,,good,True,,,,,,,,,,,,,False,,1,
106884891,https://www.idealista.com/inmueble/106884891/,sale,Córdoba,Córdoba,37.8637965,-4.770727,True,,,Campo de la Verdad,Campo de la Verdad,,,,independantHouse,67.0,,,2,1,,False,,False,,,,,renew,,,,,,,,,,,,,,False,,,
110755326,https://www.idealista.com/obra-nueva/110755326/,sale,Córdoba,Córdoba,37.8961619,-4.8073571,False,,,Noreña - Figueroa,Tablero,,,,semidetachedHouse,146.0,,,3,3,,False,,False,,,,,newdevelopment,,,,,,,,,,,,,,True,,,
110755302,https://www.idealista.com/obra-nueva/110755302/,sale,Córdoba,Córdoba,37.8961619,-4.8073571,False,,,Noreña - Figueroa,Tablero,,,,semidetachedHouse,142.0,,,3,3,,False,,False,,,,,newdevelopment,,,,,,,,,,,,,,True,,,
112363197,https://www.idealista.com/inmueble/112363197/,sale,Córdoba,Córdoba,37.8817283,-4.7748948,True,,,Centro - Casco Histórico,Casco Histórico - Corredera - Ribera,,,,flat,123.0,,,4,2,,False,,False,,,,,good,False,,,,,,,,,,,,,False,,1,
112131003,https://www.idealista.com/obra-nueva/112131003/,sale,Córdoba,Córdoba,37.8915758,-4.8121706,False,,,Noreña - Figueroa,Noreña - Turruñuelos,,,,flat,80.0,,,2,2,,False,,False,,,,,newdevelopment,True,,,,,,,,,,,,,True,,4,
112371339,https://www.idealista.com/inmueble/112371339/,sale,Córdoba,Córdoba,37.8982907,-4.8108565,True,,,Noreña - Figueroa,Tablero,,,,terracedHouse,215.0,,,6,4,,False,,False,,,,,good,,,,,,,,,,,,,,False,,,
112367206,https://www.idealista.com/inmueble/112367206/,sale,Córdoba,Córdoba,37.8638943,-4.7816853,True,,,Sector sur - Santa Cruz,Sector sur - Santa Cruz,,,,semidetachedHouse,82.0,,,3,1,,False,,False,,,,,good,,,,,,,,,,,,,,False,,,
111496011,https://www.idealista.com/obra-nueva/111496011/,sale,Córdoba,Córdoba,37.8905976,-4.7729627,False,,,Centro - Casco Histórico,Casco Histórico - Ollerías - Marrubial,,,,duplex,92.0,,,2,2,,True,,False,,,,,newdevelopment,True,,,,,,,,,,,,,False,,bj,
109686837,https://www.idealista.com/obra-nueva/109686837/,sale,Córdoba,Córdoba,37.8905976,-4.7729627,False,,,Centro - Casco Histórico,Casco Histórico - Ollerías - Marrubial,,,,flat,89.0,,,2,2,,False,,False,,,,,,True,,,,,,,,,,,,,False,,1,
109768729,https://www.idealista.com/inmueble/109768729/,sale,Córdoba,Córdoba,37.8820397,-4.774962,True,,,Centro - Casco Histórico,Casco Histórico - Corredera - Ribera,,,,independantHouse,122.0,,,4,3,,False,,False,,,,,good,,,,,,,,,,,,,,False,,,
112131710,https://www.idealista.com/obra-nueva/112131710/,sale,Córdoba,Córdoba,37.8987178,-4.7712085,False,,,Santa Rosa - Valdeolleros,Valdeolleros - Zumbacón - Camping,,,,flat,87.0,,,3,2,,False,,False,,,,,newdevelopment,True,,,,,,,,,,,,,True,,8,
112330485,https://www.idealista.com/inmueble/112330485/,sale,Córdoba,Córdoba,37.8946993,-4.7730207,True,,,Centro - Casco Histórico,San Cayetano,,,,independantHouse,150.0,,,3,2,,False,,False,,,,,good,,,,,,,,,,,,,,False,,,
112363350,https://www.idealista.com/inmueble/112363350/,sale,Córdoba,Córdoba,37.8961637,-4.7948402,True,,,Noreña - Figueroa,Tablero,,,,duplex,153.0,,,4,3,,True,,False,,,,,good,True,,,,,,,,,,,,,True,,3,
112363204,https://www.idealista.com/inmueble/112363204/,sale,Córdoba,Córdoba,37.8988571,-4.7821252,True,,,Santa Rosa - Valdeolleros,Santa Rosa - San José,,,,flat,110.0,,,3,2,,False,,False,,,,,good,True,,,,,,,,,,,,,False,,2,
112271657,https://www.idealista.com/inmueble/112271657/,sale,Córdoba,Córdoba,37.8859359,-4.7635396,False,,,Fuensanta - Zona Arcángel,Fuensanta - Arcángel - Santuario,,,,flat,70.0,,,3,1,,False,,False,,,,,good,True,,,,,,,,,,,,,False,,6,
112363642,https://www.idealista.com/inmueble/112363642/,sale,Córdoba,Córdoba,37.8909562,-4.7858276,True,,,Centro - Casco Histórico,El Vial - Ronda de Tejares,,,,flat,289.0,,,6,3,,False,,False,,,,,good,True,,,,,,,,,,,,,True,,3,
112153037,https://www.idealista.com/inmueble/112153037/,sale,Córdoba,Córdoba,37.8844705,-4.7865619,False,,,Ciudad Jardín,Ciudad Jardín,,,,flat,97.0,,,2,1,,False,,False,,,,,good,True,,,,,,,,,,,,,False,,1,
107721911,https://www.idealista.com/inmueble/107721911/,sale,Córdoba,Córdoba,37.8632166,-4.78144,True,,,Sector sur - Santa Cruz,Sector sur - Santa Cruz,,,,flat,99.0,,,3,2,,False,,False,,,,,renew,True,,,,,,,,,,,,,False,,3,
112354814,https://www.idealista.com/inmueble/112354814/,sale,Córdoba,Córdoba,37.8809438,-4.7896648,True,,,Ciudad Jardín,Ciudad Jardín,,,,flat,215.0,,,5,3,,False,,False,,,,,good,True,,,,,,,,,,,,,True,,6,
112329781,https://www.idealista.com/inmueble/112329781/,sale,Córdoba,Córdoba,37.8849317,-4.7876816,True,,,Ciudad Jardín,Ciudad Jardín,,,,flat,97.0,,,2,1,,False,,False,,,,,good,True,,,,,,,,,,,,,False,,1,
112363648,https://www.idealista.com/inmueble/112363648/,sale,Córdoba,Córdoba,37.874037,-4.7736648,True,,,Campo de la Verdad,Campo de la Verdad,,,,independantHouse,65.0,,,2,1,,False,,False,,,,,renew,,,,,,,,,,,,,,False,,,
112340516,https://www.idealista.com/inmueble/112340516/,sale,Córdoba,Córdoba,37.8649471,-4.7717803,True,,,Campo de la Verdad,Campo de la Verdad,,,,independantHouse,73.0,,,3,1,,False,,False,,,,,good,,,,,,,,,,,,,,False,,,
111496030,https://www.idealista.com/obra-nueva/111496030/,sale,Córdoba,Córdoba,37.8905976,-4.7729627,False,,,Centro - Casco Histórico,Casco Histórico - Ollerías - Marrubial,,,,duplex,120.0,,,3,2,,True,,False,,,,,newdevelopment,True,,,,,,,,,,,,,False,,bj,
111990016,https://www.idealista.com/obra-nueva/111990016/,sale,Córdoba,Córdoba,37.891588,-4.8145145,False,,,Noreña - Figueroa,Noreña - Turruñuelos,,,,flat,126.0,,,4,2,,False,,False,,,,,newdevelopment,True,,,,,,,,,,,,,True,,1,
108318019,https://www.idealista.com/obra-nueva/108318019/,sale,Córdoba,Córdoba,37.8915758,-4.8121706,False,,,Noreña - Figueroa,Noreña - Turruñuelos,,,,penthouse,134.0,,,4,2,,False,,False,,,,,newdevelopment,True,,,,,,,,,,,,,True,,6,
112141820,https://www.idealista.com/obra-nueva/112141820/,sale,Córdoba,Córdoba,37.9028104,-4.808208,False,,,Noreña - Figueroa,Tablero,,,,flat,134.0,,,4,3,,False,,False,,,,,newdevelopment,True,,,,,,,,,,,,,True,,bj,
110852711,https://www.idealista.com/obra-nueva/110852711/,sale,Córdoba,Córdoba,37.8915758,-4.8121706,False,,,Noreña - Figueroa,Noreña - Turruñuelos,,,,flat,70.0,,,2,1,,False,,False,,,,,newdevelopment,True,,,,,,,,,,,,,True,,4,
106160357,https://www.idealista.com/obra-nueva/106160357/,sale,Córdoba,Córdoba,37.899967,-4.7730542,False,,,Santa Rosa - Valdeolleros,Valdeolleros - Zumbacón - Camping,,,,flat,104.0,,,3,2,,False,,False,,,,,newdevelopment,True,,,,,,,,,,,,,True,,2,
107017308,https://www.idealista.com/obra-nueva/107017308/,sale,Córdoba,Córdoba,37.899967,-4.7730542,False,,,Santa Rosa - Valdeolleros,Valdeolleros - Zumbacón - Camping,,,,flat,104.0,,,3,2,,False,,False,,,,,newdevelopment,True,,,,,,,,,,,,,True,,8,
109309905,https://www.idealista.com/obra-nueva/109309905/,sale,Córdoba,Córdoba,37.899967,-4.7730542,False,,,Santa Rosa - Valdeolleros,Valdeolleros - Zumbacón - Camping,,,,flat,112.0,,,3,2,,False,,False,,,,,newdevelopment,True,,,,,,,,,,,,,True,,2,
111990489,https://www.idealista.com/inmueble/111990489/,sale,Córdoba,Córdoba,37.8877767,-4.7554658,True,,,Fuensanta - Zona Arcángel,Cañero - Fidiana,,,,independantHouse,58.0,,,2,1,,False,,False,,,,,good,,,,,,,,,,,,,,False,,,
112038202,https://www.idealista.com/inmueble/112038202/,sale,Córdoba,Córdoba,37.8844705,-4.7865619,False,,,Ciudad Jardín,Ciudad Jardín,,,,flat,97.0,,,2,1,,False,,False,,,,,good,True,,,,,,,,,,,,,False,,1,
103063903,https://www.idealista.com/inmueble/103063903/,sale,Córdoba,Córdoba,37.8862387,-4.7790091,False,,,Centro - Casco Histórico,Centro,,,,duplex,68.0,,,1,1,,True,,False,,,,,good,True,,,,,,,,,,,,,False,,1,
111038845,https://www.idealista.com/inmueble/111038845/,sale,Córdoba,Córdoba,37.9155423,-4.8165668,False,,,Brillante - Trassierra - Naranjo,Brillante,,,,independantHouse,239.0,,,4,2,,False,,False,,,,,good,,,,,,,,,,,,,,True,,,
110842633,https://www.idealista.com/inmueble/110842633/,sale,Córdoba,Córdoba,37.8866686,-4.7805369,False,,,Centro - Casco Histórico,Centro,,,,flat,65.0,,,1,1,,False,,False,,,,,good,True,,,,,,,,,,,,,False,,2,
111926996,https://www.idealista.com/inmueble/111926996/,sale,Córdoba,Córdoba,37.8801386,-4.7764083,True,,,Centro - Casco Histórico,Casco Histórico - Corredera - Ribera,,,,flat,80.0,,,2,1,,False,,False,,,,,good,False,,,,,,,,,,,,,False,,2,
112366951,https://www.idealista.com/inmueble/112366951/,sale,Córdoba,Córdoba,37.8920301,-4.7732271,True,,,Centro - Casco Histórico,San Cayetano,,,,flat,115.0,,,3,1,,False,,False,,,,,renew,True,,,,,,,,,,,,,True,,3,
111987687,https://www.idealista.com/inmueble/111987687/,sale,Córdoba,Córdoba,37.8948142,-4.7720029,True,,,Centro - Casco Histórico,San Cayetano,,,,independantHouse,150.0,,,3,2,,False,,False,,,,,good,,,,,,,,,,,,,,False,,,
107234539,https://www.idealista.com/obra-nueva/107234539/,sale,Córdoba,Córdoba,37.9157179,-4.7992335,False,,,Brillante - Trassierra - Naranjo,Brillante,,,,flat,49.0,,,1,1,,False,,False,,,,,newdevelopment,False,,,,,,,,,,,,,True,,bj,
107234535,https://www.idealista.com/obra-nueva/107234535/,sale,Córdoba,Córdoba,37.9157179,-4.7992335,False,,,Brillante - Trassierra - Naranjo,Brillante,,,,flat,62.0,,,2,2,,False,,False,,,,,newdevelopment,False,,,,,,,,,,,,,True,,bj,
111506528,https://www.idealista.com/inmueble/111506528/,sale,Córdoba,Córdoba,37.9025914,-4.7585389,True,,,Levante - Lepanto - Fátima,Fátima - Campiñuela,,,,flat,81.0,,,3,2,,False,,False,,,,,good,True,,,,,,,,,,,,,True,,1,
112334415,https://www.idealista.com/inmueble/112334415/,sale,Córdoba,Córdoba,37.8847998,-4.7829583,True,,,Centro - Casco Histórico,Centro,,,,flat,65.0,,,1,1,,False,,False,,,,,good,True,,,,,,,,,,,,,True,,3,
111648042,https://www.idealista.com/inmueble/111648042/,sale,Córdoba,Córdoba,37.8816577,-4.7758479,True,,,Centro - Casco Histórico,Judería - San Basilio,,,,independantHouse,252.0,,,7,2,,False,,False,,,,,good,,,,,,,,,,,,,,False,,,
111666941,https://www.idealista.com/obra-nueva/111666941/,sale,Córdoba,Córdoba,37.9030709,-4.8041091,False,,,Noreña - Figueroa,Tablero,,,,terracedHouse,178.0,,,4,3,,False,,False,,,,,newdevelopment,,,,,,,,,,,,,,True,,,
111621831,https://www.idealista.com/obra-nueva/111621831/,sale,Córdoba,Córdoba,37.9030709,-4.8041091,False,,,Noreña - Figueroa,Tablero,,,,terracedHouse,178.0,,,4,3,,False,,False,,,,,newdevelopment,,,,,,,,,,,,,,True,,,
107234602,https://www.idealista.com/obra-nueva/107234602/,sale,Córdoba,Córdoba,37.9157179,-4.7992335,False,,,Brillante - Trassierra - Naranjo,Brillante,,,,flat,75.0,,,2,2,,False,,False,,,,,newdevelopment,False,,,,,,,,,,,,,True,,bj,
111652611,https://www.idealista.com/obra-nueva/111652611/,sale,Córdoba,Córdoba,37.8944617,-4.7849233,False,,,Santa Rosa - Valdeolleros,Huerta de la Reina,,,,flat,45.0,,,1,1,,False,,False,,,,,newdevelopment,True,,,,,,,,,,,,,False,,bj,
112367167,https://www.idealista.com/inmueble/112367167/,sale,Córdoba,Córdoba,37.8656978,-4.7827832,True,,,Sector sur - Santa Cruz,Sector sur - Santa Cruz,,,,flat,91.0,,,3,1,,False,,False,,,,,good,True,,,,,,,,,,,,,False,,4,
112292275,https://www.idealista.com/inmueble/112292275/,sale,Córdoba,Córdoba,37.8814126,-4.7907272,False,,,Ciudad Jardín,Ciudad Jardín,,,,flat,215.0,,,5,3,,False,,False,,,,,good,True,,,,,,,,,,,,,True,,6,
112263187,https://www.idealista.com/inmueble/112263187/,sale,Córdoba,Córdoba,37.8784035,-4.8148329,True,,,Noreña - Figueroa,Miralbaida - Parque Azahara,,,,flat,94.0,,,3,2,,False,,False,,,,,good,,,,,,,,,,,,,,False,,,
111705148,https://www.idealista.com/inmueble/111705148/,sale,Córdoba,Córdoba,37.8760703,-4.7743634,False,,,Campo de la Verdad,Campo de la Verdad,,,,independantHouse,120.0,,,3,2,,False,,False,,,,,good,,,,,,,,,,,,,,True,,,
110930860,https://www.idealista.com/inmueble/110930860/,sale,Córdoba,Córdoba,37.8894001,-4.7631924,False,,,Levante - Lepanto - Fátima,La Viñuela,,,,flat,77.0,,,3,1,,False,,False,,,,,good,True,,,,,,,,,,,,,False,,3,
112028773,https://www.idealista.com/inmueble/112028773/,sale,Córdoba,Córdoba,37.8844705,-4.7865619,False,,,Ciudad Jardín,Ciudad Jardín,,,,flat,97.0,,,2,1,,False,,False,,,,,good,True,,,,,,,,,,,,,False,,1,
112363761,https://www.idealista.com/inmueble/112363761/,sale,Córdoba,Córdoba,37.8899646,-4.7685484,True,,,Centro - Casco Histórico,Casco Histórico - Ollerías - Marrubial,,,,flat,53.0,,,3,1,,False,,False,,,,,good,False,,,,,,,,,,,,,False,,3,
112362705,https://www.idealista.com/inmueble/112362705/,sale,Córdoba,Córdoba,37.8899547,-4.7952195,True,,,Noreña - Figueroa,Carretera Trassierra - Colonia de la Paz,,,,flat,86.0,,,3,1,,False,,False,,,,,good,True,,,,,,,,,,,,,False,,,
111302698,https://www.idealista.com/obra-nueva/111302698/,sale,Córdoba,Córdoba,37.9001108,-4.8106198,True,,,Noreña - Figueroa,Tablero,,,,flat,131.0,,,4,2,,False,,False,,,,,newdevelopment,True,,,,,,,,,,,,,False,,,
112155537,https://www.idealista.com/obra-nueva/112155537/,sale,Córdoba,Córdoba,37.9001108,-4.8106198,True,,,Noreña - Figueroa,Tablero,,,,flat,115.0,,,3,2,,False,,False,,,,,newdevelopment,True,,,,,,,,,,,,,False,,,
112155480,https://www.idealista.com/obra-nueva/112155480/,sale,Córdoba,Córdoba,37.9001108,-4.8106198,True,,,Noreña - Figueroa,Tablero,,,,flat,119.0,,,3,2,,False,,False,,,,,newdevelopment,True,,,,,,,,,,,,,False,,,
111572116,https://www.idealista.com/obra-nueva/111572116/,sale,Córdoba,Córdoba,37.8921371,-4.7810982,True,,,Centro - Casco Histórico,El Vial - Ronda de Tejares,,,,flat,138.0,,,3,2,,False,,False,,,,,newdevelopment,True,,,,,,,,,,,,,False,,,
111373030,https://www.idealista.com/obra-nueva/111373030/,sale,Córdoba,Córdoba,37.8921371,-4.7810982,True,,,Centro - Casco Histórico,El Vial - Ronda de Tejares,,,,flat,138.0,,,3,2,,False,,False,,,,,newdevelopment,True,,,,,,,,,,,,,False,,,
111328021,https://www.idealista.com/inmueble/111328021/,sale,Córdoba,Córdoba,37.8797161,-4.7734893,True,,,Centro - Casco Histórico,Casco Histórico - Corredera - Ribera,,,,independantHouse,122.0,,,4,3,,False,,False,,,,,good,,,,,,,,,,,,,,False,,,
109376757,https://www.idealista.com/inmueble/109376757/,sale,Córdoba,Córdoba,37.8800645,-4.7727951,True,,,Centro - Casco Histórico,Casco Histórico - Corredera - Ribera,,,,independantHouse,122.0,,,4,3,,False,,False,,,,,good,,,,,,,,,,,,,,False,,,
111924404,https://www.idealista.com/inmueble/111924404/,sale,Córdoba,Córdoba,37.8806938,-4.7750014,False,,,Centro - Casco Histórico,Casco Histórico - Corredera - Ribera,,,,flat,80.0,,,2,1,,False,,False,,,,,good,False,,,,,,,,,,,,,False,,2,
112338170,https://www.idealista.com/inmueble/112338170/,sale,Córdoba,Córdoba,37.8628271,-4.7696276,True,,,Campo de la Verdad,Campo de la Verdad,,,,independantHouse,73.0,,,3,1,,False,,False,,,,,good,,,,,,,,,,,,,,False,,,
109379860,https://www.idealista.com/inmueble/109379860/,sale,Córdoba,Córdoba,37.8824221,-4.7737336,True,,,Centro - Casco Histórico,Casco Histórico - Corredera - Ribera,,,,independantHouse,122.0,,,4,3,,False,,False,,,,,good,,,,,,,,,,,,,,False,,,
112021363,https://www.idealista.com/inmueble/112021363/,sale,Córdoba,Córdoba,37.8844705,-4.7865619,False,,,Ciudad Jardín,Ciudad Jardín,,,,flat,97.0,,,2,1,,False,,False,,,,,good,True,,,,,,,,,,,,,False,,1,
112009307,https://www.idealista.com/inmueble/112009307/,sale,Córdoba,Córdoba,37.8870547,-4.7833043,True,,,Centro - Casco Histórico,Centro,,,,flat,126.0,,,3,2,,False,,False,,,,,good,True,,,,,,,,,,,,,False,,2,
111518013,https://www.idealista.com/inmueble/111518013/,sale,Córdoba,Córdoba,37.8814126,-4.7907272,False,,,Ciudad Jardín,Ciudad Jardín,,,,flat,215.0,,,5,3,,False,,False,,,,,good,True,,,,,,,,,,,,,True,,6,
111824590,https://www.idealista.com/inmueble/111824590/,sale,Córdoba,Córdoba,37.8827286,-4.7928092,True,,,Ciudad Jardín,Ciudad Jardín,,,,flat,55.0,,,2,1,,False,,False,,,,,good,True,,,,,,,,,,,,,False,,1,
112019365,https://www.idealista.com/inmueble/112019365/,sale,Córdoba,Córdoba,37.8867798,-4.7786042,False,,,Centro - Casco Histórico,Centro,,,,flat,110.0,,,5,2,,False,,False,,,,,good,False,,,,,,,,,,,,,True,,1,
111925325,https://www.idealista.com/inmueble/111925325/,sale,Córdoba,Córdoba,37.8806938,-4.7750014,False,,,Centro - Casco Histórico,Casco Histórico - Corredera - Ribera,,,,flat,80.0,,,2,1,,False,,False,,,,,good,False,,,,,,,,,,,,,False,,2,
110922106,https://www.idealista.com/inmueble/110922106/,sale,Córdoba,Córdoba,37.8894001,-4.7631924,False,,,Levante - Lepanto - Fátima,La Viñuela,,,,flat,77.0,,,3,1,,False,,False,,,,,good,True,,,,,,,,,,,,,False,,3,
110922015,https://www.idealista.com/inmueble/110922015/,sale,Córdoba,Córdoba,37.8894001,-4.7631924,False,,,Levante - Lepanto - Fátima,La Viñuela,,,,flat,77.0,,,3,1,,False,,False,,,,,good,True,,,,,,,,,,,,,False,,3,
112056987,https://www.idealista.com/inmueble/112056987/,sale,Córdoba,Córdoba,37.8827241,-4.7912928,False,,,Ciudad Jardín,Ciudad Jardín,,,,flat,127.0,,,4,2,,False,,False,,,,,good,True,,,,,,,,,,,,,False,,1,
112142979,https://www.idealista.com/inmueble/112142979/,sale,Córdoba,Córdoba,37.881233,-4.7761411,True,,,Centro - Casco Histórico,Casco Histórico - Corredera - Ribera,,,,flat,80.0,,,2,1,,False,,False,,,,,good,False,,,,,,,,,,,,,False,,2,
112066961,https://www.idealista.com/inmueble/112066961/,sale,Córdoba,Córdoba,37.8811112,-4.7895881,True,,,Ciudad Jardín,Ciudad Jardín,,,,flat,215.0,,,5,3,,False,,False,,,,,good,True,,,,,,,,,,,,,True,,6,
112022910,https://www.idealista.com/inmueble/112022910/,sale,Córdoba,Córdoba,37.8831979,-4.7850306,True,,,Ciudad Jardín,Ciudad Jardín,,,,flat,97.0,,,2,1,,False,,False,,,,,good,True,,,,,,,,,,,,,False,,1,
111677761,https://www.idealista.com/inmueble/111677761/,sale,Córdoba,Córdoba,37.8820604,-4.7820679,False,,,Centro - Casco Histórico,Centro,,,,flat,84.0,,,3,2,,False,,False,,,,,good,False,,,,,,,,,,,,,True,,3,
112025748,https://www.idealista.com/inmueble/112025748/,sale,Córdoba,Córdoba,37.8827623,-4.786539,True,,,Ciudad Jardín,Ciudad Jardín,,,,flat,97.0,,,2,1,,False,,False,,,,,good,True,,,,,,,,,,,,,False,,1,
109194680,https://www.idealista.com/inmueble/109194680/,sale,Córdoba,Córdoba,37.8649266,-4.7745167,True,,,Sector sur - Santa Cruz,Sector sur - Santa Cruz,,,,flat,54.0,,,2,1,,False,,False,,,,,renew,True,,,,,,,,,,,,,False,,4,
112354749,https://www.idealista.com/inmueble/112354749/,sale,Córdoba,Córdoba,37.8856516,-4.7600599,False,,,Fuensanta - Zona Arcángel,Fuensanta - Arcángel - Santuario,,,,flat,89.0,,,3,2,,False,,False,,,,,good,True,,,,,,,,,,,,,False,,7,
109968566,https://www.idealista.com/inmueble/109968566/,sale,Córdoba,Córdoba,37.862611,-4.7740996,True,,,Sector sur - Santa Cruz,Sector sur - Santa Cruz,,,,flat,57.0,,,3,1,,False,,False,,,,,renew,True,,,,,,,,,,,,,False,,bj,
111542233,https://www.idealista.com/inmueble/111542233/,sale,Córdoba,Córdoba,37.879549,-4.772943,True,,,Centro - Casco Histórico,Casco Histórico - Corredera - Ribera,,,,independantHouse,122.0,,,4,3,,False,,False,,,,,good,,,,,,,,,,,,,,False,,,
112361226,https://www.idealista.com/inmueble/112361226/,sale,Córdoba,Córdoba,37.8800877,-4.7877098,False,,,Ciudad Jardín,Ciudad Jardín,,,,flat,76.0,,,3,1,,False,,False,,,,,good,True,,,,,,,,,,,,,False,,4,
111877077,https://www.idealista.com/inmueble/111877077/,sale,Córdoba,Córdoba,37.8921475,-4.7640686,True,,,Levante - Lepanto - Fátima,La Viñuela,,,,penthouse,69.0,,,3,1,,False,,False,,,,,good,False,,,,,,,,,,,,,False,,4,
112198973,https://www.idealista.com/inmueble/112198973/,sale,Córdoba,Córdoba,37.8943343,-4.7707817,True,,,Santa Rosa - Valdeolleros,Valdeolleros - Zumbacón - Camping,,,,flat,45.0,,,1,1,,False,,False,,,,,good,False,,,,,,,,,,,,,False,,bj,
110062807,https://www.idealista.com/inmueble/110062807/,sale,Córdoba,Córdoba,37.8796394,-4.7733595,True,,,Centro - Casco Histórico,Casco Histórico - Corredera - Ribera,,,,independantHouse,122.0,,,4,3,,False,,False,,,,,good,,,,,,,,,,,,,,False,,,
109928714,https://www.idealista.com/inmueble/109928714/,sale,Córdoba,Córdoba,37.8800611,-4.776715,True,,,Centro - Casco Histórico,Casco Histórico - Corredera - Ribera,,,,independantHouse,122.0,,,4,3,,False,,False,,,,,good,,,,,,,,,,,,,,False,,,
112338312,https://www.idealista.com/inmueble/112338312/,sale,Córdoba,Córdoba,37.8647428,-4.7719682,True,,,Campo de la Verdad,Campo de la Verdad,,,,independantHouse,73.0,,,3,1,,False,,False,,,,,good,,,,,,,,,,,,,,False,,,
111938136,https://www.idealista.com/inmueble/111938136/,sale,Córdoba,Córdoba,37.8806938,-4.7750014,False,,,Centro - Casco Histórico,Casco Histórico - Corredera - Ribera,,,,flat,80.0,,,2,1,,False,,False,,,,,good,False,,,,,,,,,,,,,False,,2,
112339068,https://www.idealista.com/inmueble/112339068/,sale,Córdoba,Córdoba,37.8623972,-4.7713335,True,,,Campo de la Verdad,Campo de la Verdad,,,,independantHouse,73.0,,,3,1,,False,,False,,,,,good,,,,,,,,,,,,,,False,,,
110983940,https://www.idealista.com/inmueble/110983940/,sale,Córdoba,Córdoba,37.8894001,-4.7631924,False,,,Levante - Lepanto - Fátima,La Viñuela,,,,flat,77.0,,,3,1,,False,,False,,,,,good,True,,,,,,,,,,,,,False,,3,
110971874,https://www.idealista.com/inmueble/110971874/,sale,Córdoba,Córdoba,37.8894001,-4.7631924,False,,,Levante - Lepanto - Fátima,La Viñuela,,,,flat,77.0,,,3,1,,False,,False,,,,,good,True,,,,,,,,,,,,,False,,3,
112180818,https://www.idealista.com/inmueble/112180818/,sale,Córdoba,Córdoba,37.9075003,-4.7765478,False,,,Brillante - Trassierra - Naranjo,Naranjo - Mirabueno,,,,flat,115.0,,,3,2,,False,,False,,,,,good,True,,,,,,,,,,,,,True,,2,
111374572,https://www.idealista.com/inmueble/111374572/,sale,Córdoba,Córdoba,37.883016,-4.7679922,True,,,Centro - Casco Histórico,Casco Histórico - Corredera - Ribera,,,,flat,100.0,,,2,2,,False,,False,,,,,good,False,,,,,,,,,,,,,False,,bj,
112355527,https://www.idealista.com/inmueble/112355527/,sale,Córdoba,Córdoba,37.8871605,-4.7764166,True,,,Centro - Casco Histórico,Casco Histórico - Ollerías - Marrubial,,,,independantHouse,118.0,,,4,2,,False,,False,,,,,good,,,,,,,,,,,,,,True,,,
111771530,https://www.idealista.com/inmueble/111771530/,sale,Córdoba,Córdoba,37.8808629,-4.8157622,True,,,Noreña - Figueroa,Miralbaida - Parque Azahara,,,,flat,90.0,,,3,1,,False,,False,,,,,good,False,,,,,,,,,,,,,False,,4,
111523487,https://www.idealista.com/inmueble/111523487/,sale,Córdoba,Córdoba,37.8805517,-4.7912998,True,,,Ciudad Jardín,Ciudad Jardín,,,,flat,215.0,,,5,3,,False,,False,,,,,good,True,,,,,,,,,,,,,True,,6,
110037399,https://www.idealista.com/inmueble/110037399/,sale,Córdoba,Córdoba,37.9146399,-4.8151887,True,,,Brillante - Trassierra - Naranjo,Brillante,,,,independantHouse,239.0,,,4,2,,False,,False,,,,,good,,,,,,,,,,,,,,True,,,
108048383,https://www.idealista.com/inmueble/108048383/,sale,Córdoba,Córdoba,37.8610069,-4.7762449,True,,,Sector sur - Santa Cruz,Sector sur - Santa Cruz,,,,flat,62.0,,,3,1,,False,,False,,,,,good,,,,,,,,,,,,,,False,,,
111973376,https://www.idealista.com/inmueble/111973376/,sale,Córdoba,Córdoba,37.8867958,-4.7762708,True,,,Centro - Casco Histórico,Centro,,,,independantHouse,186.0,,,3,2,,False,,False,,,,,good,,,,,,,,,,,,,,True,,,
111084372,https://www.idealista.com/inmueble/111084372/,sale,Córdoba,Córdoba,37.8823248,-4.7742682,True,,,Centro - Casco Histórico,Casco Histórico - Corredera - Ribera,,,,independantHouse,145.0,,,4,2,,False,,False,,,,,good,,,,,,,,,,,,,,False,,,
111664124,https://www.idealista.com/inmueble/111664124/,sale,Córdoba,Córdoba,37.8845185,-4.7896727,True,,,Ciudad Jardín,Ciudad Jardín,,,,flat,60.0,,,2,1,,False,,False,,,,,good,False,,,,,,,,,,,,,False,,3,
111924046,https://www.idealista.com/inmueble/111924046/,sale,Córdoba,Córdoba,37.8806938,-4.7750014,False,,,Centro - Casco Histórico,Casco Histórico - Corredera - Ribera,,,,flat,80.0,,,2,1,,False,,False,,,,,good,False,,,,,,,,,,,,,False,,2,
112355017,https://www.idealista.com/inmueble/112355017/,sale,Córdoba,Córdoba,37.8986302,-4.7786988,True,,,Santa Rosa - Valdeolleros,Valdeolleros - Zumbacón - Camping,,,,flat,81.0,,,3,1,,False,,False,,,,,good,True,,,,,,,,,,,,,False,,bj,
112065993,https://www.idealista.com/inmueble/112065993/,sale,Córdoba,Córdoba,37.8811257,-4.7747884,True,,,Centro - Casco Histórico,Judería - San Basilio,,,,independantHouse,252.0,,,7,2,,False,,False,,,,,good,,,,,,,,,,,,,,False,,,
111453976,https://www.idealista.com/inmueble/111453976/,sale,Córdoba,Córdoba,37.8910978,-4.7630336,True,,,Levante - Lepanto - Fátima,La Viñuela,,,,flat,77.0,,,3,1,,False,,False,,,,,good,True,,,,,,,,,,,,,False,,3,
111736916,https://www.idealista.com/inmueble/111736916/,sale,Córdoba,Córdoba,37.8885813,-4.7646523,False,,,Levante - Lepanto - Fátima,La Viñuela,,,,flat,108.0,,,4,2,,False,,False,,,,,renew,True,,,,,,,,,,,,,True,,2,
111943870,https://www.idealista.com/inmueble/111943870/,sale,Córdoba,Córdoba,37.8797179,-4.7746446,True,,,Centro - Casco Histórico,Casco Histórico - Corredera - Ribera,,,,flat,80.0,,,2,1,,False,,False,,,,,good,False,,,,,,,,,,,,,False,,2,
111642830,https://www.idealista.com/inmueble/111642830/,sale,Córdoba,Córdoba,37.8821986,-4.7756996,True,,,Centro - Casco Histórico,Judería - San Basilio,,,,independantHouse,252.0,,,7,2,,False,,False,,,,,good,,,,,,,,,,,,,,False,,,
111454789,https://www.idealista.com/inmueble/111454789/,sale,Córdoba,Córdoba,37.8948916,-4.7577487,True,,,Levante - Lepanto - Fátima,Levante,,,,duplex,66.0,,,2,1,,True,,False,,,,,good,False,,,,,,,,,,,,,False,,1,
110925786,https://www.idealista.com/inmueble/110925786/,sale,Córdoba,Córdoba,37.9143027,-4.8178503,True,,,Brillante - Trassierra - Naranjo,Brillante,,,,independantHouse,239.0,,,4,2,,False,,False,,,,,good,,,,,,,,,,,,,,True,,,
109491758,https://www.idealista.com/inmueble/109491758/,sale,Córdoba,Córdoba,37.9252625,-4.7518924,False,,,Brillante - Trassierra - Naranjo,Paraíso Arenal - La Colina,,,,independantHouse,733.0,,,10,7,,False,,False,,,,,good,,,,,,,,,,,,,,True,,,
111924735,https://www.idealista.com/inmueble/111924735/,sale,Córdoba,Córdoba,37.8806938,-4.7750014,False,,,Centro - Casco Histórico,Casco Histórico - Corredera - Ribera,,,,flat,80.0,,,2,1,,False,,False,,,,,good,False,,,,,,,,,,,,,False,,2,
111333738,https://www.idealista.com/obra-nueva/111333738/,sale,Córdoba,Córdoba,37.9169619,-4.80915,False,,,Brillante - Trassierra - Naranjo,Brillante,,,,independantHouse,230.0,,,4,3,,False,,False,,,,,newdevelopment,,,,,,,,,,,,,,False,,,
108923738,https://www.idealista.com/inmueble/108923738/,sale,Córdoba,Córdoba,37.878162,-4.7940792,True,,,Zoco - Poniente - Vistalegre,Vistalegre - Parque Cruz - Universidades,,,,flat,198.0,,,5,3,,False,,False,,,,,good,True,,,,,,,,,,,,,True,,2,
110925682,https://www.idealista.com/inmueble/110925682/,sale,Córdoba,Córdoba,37.8894001,-4.7631924,False,,,Levante - Lepanto - Fátima,La Viñuela,,,,flat,77.0,,,3,1,,False,,False,,,,,good,True,,,,,,,,,,,,,False,,3,
112312563,https://www.idealista.com/inmueble/112312563/,sale,Córdoba,Córdoba,37.8915283,-4.7811187,True,,,Centro - Casco Histórico,El Vial - Ronda de Tejares,,,,flat,114.0,,,3,2,,False,,False,,,,,good,True,,,,,,,,,,,,,False,,4,
112026533,https://www.idealista.com/inmueble/112026533/,sale,Córdoba,Córdoba,37.9007304,-4.7576928,True,,,Levante - Lepanto - Fátima,Fátima - Campiñuela,,,,flat,81.0,,,3,2,,False,,False,,,,,good,True,,,,,,,,,,,,,True,,1,
111972539,https://www.idealista.com/inmueble/111972539/,sale,Córdoba,Córdoba,37.8795683,-4.7740704,True,,,Centro - Casco Histórico,Casco Histórico - Corredera - Ribera,,,,flat,106.0,,,3,2,,False,,False,,,,,good,False,,,,,,,,,,,,,False,,bj,
111645512,https://www.idealista.com/inmueble/111645512/,sale,Córdoba,Córdoba,37.8819157,-4.775613,True,,,Centro - Casco Histórico,Judería - San Basilio,,,,independantHouse,252.0,,,7,2,,False,,False,,,,,good,,,,,,,,,,,,,,False,,,
111663469,https://www.idealista.com/obra-nueva/111663469/,sale,Córdoba,Córdoba,37.8944617,-4.7849233,False,,,Santa Rosa - Valdeolleros,Huerta de la Reina,,,,flat,91.0,,,3,2,,False,,False,,,,,newdevelopment,True,,,,,,,,,,,,,False,,1,
110855321,https://www.idealista.com/inmueble/110855321/,sale,Córdoba,Córdoba,37.8875952,-4.8080186,True,,,Noreña - Figueroa,Noreña - Turruñuelos,,,,flat,111.0,,,3,2,,False,,False,,,,,good,True,,,,,,,,,,,,,True,,5,
111499236,https://www.idealista.com/inmueble/111499236/,sale,Córdoba,Córdoba,37.8996066,-4.7582112,True,,,Levante - Lepanto - Fátima,Fátima - Campiñuela,,,,flat,81.0,,,3,2,,False,,False,,,,,good,True,,,,,,,,,,,,,True,,1,
111517207,https://www.idealista.com/inmueble/111517207/,sale,Córdoba,Córdoba,37.9025507,-4.7577459,True,,,Levante - Lepanto - Fátima,Fátima - Campiñuela,,,,flat,81.0,,,3,2,,False,,False,,,,,good,True,,,,,,,,,,,,,True,,1,
109454177,https://www.idealista.com/inmueble/109454177/,sale,Córdoba,Córdoba,37.890689,-4.7586922,True,,,Levante - Lepanto - Fátima,La Viñuela,,,,independantHouse,491.0,,,6,5,,False,,False,,,,,good,,,,,,,,,,,,,,True,,,
112123149,https://www.idealista.com/inmueble/112123149/,sale,Córdoba,Córdoba,37.8816132,-4.7892489,True,,,Ciudad Jardín,Ciudad Jardín,,,,flat,60.0,,,2,1,,False,,False,,,,,good,False,,,,,,,,,,,,,False,,3,
110055968,https://www.idealista.com/inmueble/110055968/,sale,Córdoba,Córdoba,37.919214,-4.7968181,True,,,Brillante - Trassierra - Naranjo,Brillante,,,,independantHouse,197.0,,,4,3,,False,,False,,,,,good,,,,,,,,,,,,,,True,,,
112371949,https://www.idealista.com/inmueble/112371949/,sale,Córdoba,Córdoba,37.8872945,-4.7527737,True,,,Fuensanta - Zona Arcángel,Fuensanta - Arcángel - Santuario,,,,flat,72.0,,,3,1,,False,,False,,,,,good,False,,,,,,,,,,,,,False,,3,
111160758,https://www.idealista.com/inmueble/111160758/,sale,Córdoba,Córdoba,37.8830324,-4.7793399,True,,,Centro - Casco Histórico,Centro,,,,flat,129.0,,,2,1,,False,,False,,,,,good,True,,,,,,,,,,,,,False,,2,
112296670,https://www.idealista.com/inmueble/112296670/,sale,Córdoba,Córdoba,37.8854124,-4.7870224,True,,,Ciudad Jardín,Ciudad Jardín,,,,flat,97.0,,,2,1,,False,,False,,,,,good,True,,,,,,,,,,,,,False,,1,
111525382,https://www.idealista.com/inmueble/111525382/,sale,Córdoba,Córdoba,37.9016406,-4.7570118,True,,,Levante - Lepanto - Fátima,Fátima - Campiñuela,,,,flat,81.0,,,3,2,,False,,False,,,,,good,True,,,,,,,,,,,,,True,,1,
111654303,https://www.idealista.com/inmueble/111654303/,sale,Córdoba,Córdoba,37.8811167,-4.7749891,True,,,Centro - Casco Histórico,Judería - San Basilio,,,,independantHouse,252.0,,,7,2,,False,,False,,,,,good,,,,,,,,,,,,,,False,,,
111408809,https://www.idealista.com/inmueble/111408809/,sale,Córdoba,Córdoba,37.8973946,-4.7726132,True,,,Santa Rosa - Valdeolleros,Valdeolleros - Zumbacón - Camping,,,,penthouse,126.0,,,4,2,,False,,False,,,,,good,True,,,,,,,,,,,,,True,,3,
112278627,https://www.idealista.com/inmueble/112278627/,sale,Córdoba,Córdoba,37.8832613,-4.7852721,True,,,Centro - Casco Histórico,Centro,,,,flat,97.0,,,2,1,,False,,False,,,,,good,True,,,,,,,,,,,,,False,,1,
111946612,https://www.idealista.com/inmueble/111946612/,sale,Córdoba,Córdoba,37.9019438,-4.7565976,True,,,Levante - Lepanto - Fátima,Fátima - Campiñuela,,,,flat,81.0,,,3,2,,False,,False,,,,,good,True,,,,,,,,,,,,,True,,1,
111712275,https://www.idealista.com/inmueble/111712275/,sale,Córdoba,Córdoba,37.8984465,-4.7546523,False,,,Levante - Lepanto - Fátima,Fátima - Campiñuela,,,,flat,75.0,,,3,1,,False,,False,,,,,good,True,,,,,,,,,,,,,False,,2,
111215247,https://www.idealista.com/inmueble/111215247/,sale,Córdoba,Córdoba,37.8950791,-4.7810175,True,,,Santa Rosa - Valdeolleros,Santa Rosa - San José,,,,flat,108.0,,,4,1,,False,,False,,,,,good,False,,,,,,,,,,,,,True,,2,
112045197,https://www.idealista.com/inmueble/112045197/,sale,Córdoba,Córdoba,37.8781826,-4.7916132,False,,,Ciudad Jardín,Ciudad Jardín,,,,penthouse,105.0,,,3,1,,False,,False,,,,,good,True,,,,,,,,,,,,,False,,6,
111256990,https://www.idealista.com/inmueble/111256990/,sale,Córdoba,Córdoba,37.8824236,-4.7677356,True,,,Centro - Casco Histórico,Casco Histórico - Corredera - Ribera,,,,flat,48.0,,,1,1,,False,,False,,,,,good,False,,,,,,,,,,,,,False,,bj,
104365572,https://www.idealista.com/inmueble/104365572/,sale,Córdoba,Córdoba,37.8809056,-4.774792,True,,,Centro - Casco Histórico,Casco Histórico - Corredera - Ribera,,,,independantHouse,547.0,,,10,4,,False,,False,,,,,good,,,,,,,,,,,,,,True,,,
112311529,https://www.idealista.com/inmueble/112311529/,sale,Córdoba,Córdoba,37.8950582,-4.7665721,True,,,Levante - Lepanto - Fátima,Levante,,,,flat,113.0,,,3,2,,False,,False,,,,,good,True,,,,,,,,,,,,,False,,3,
112062430,https://www.idealista.com/inmueble/112062430/,sale,Córdoba,Córdoba,37.8949222,-4.7660239,True,,,Levante - Lepanto - Fátima,Levante,,,,flat,72.0,,,3,1,,False,,False,,,,,good,True,,,,,,,,,,,,,False,,2,
110686209,https://www.idealista.com/inmueble/110686209/,sale,Córdoba,Córdoba,37.8801894,-4.769181,True,,,Centro - Casco Histórico,Casco Histórico - Corredera - Ribera,,,,independantHouse,194.0,,,5,2,,False,,False,,,,,good,,,,,,,,,,,,,,False,,,
111808107,https://www.idealista.com/inmueble/111808107/,sale,Córdoba,Córdoba,37.882684,-4.7919336,True,,,Ciudad Jardín,Ciudad Jardín,,,,flat,76.0,,,3,1,,False,,False,,,,,good,False,,,,,,,,,,,,,False,,2,
111257732,https://www.idealista.com/inmueble/111257732/,sale,Córdoba,Córdoba,37.8947132,-4.8080059,True,,,Noreña - Figueroa,Noreña - Turruñuelos,,,,flat,175.0,,,3,2,,False,,False,,,,,good,True,,,,,,,,,,,,,True,,2,
112062630,https://www.idealista.com/inmueble/112062630/,sale,Córdoba,Córdoba,37.8944289,-4.786722,True,,,Santa Rosa - Valdeolleros,Huerta de la Reina,,,,flat,120.0,,,4,2,,False,,False,,,,,good,False,,,,,,,,,,,,,False,,1,
111724601,https://www.idealista.com/inmueble/111724601/,sale,Córdoba,Córdoba,37.895401,-4.8023314,False,,,Noreña - Figueroa,Tablero,,,,flat,180.0,,,4,2,,False,,False,,,,,good,True,,,,,,,,,,,,,True,,2,
110858488,https://www.idealista.com/inmueble/110858488/,sale,Córdoba,Córdoba,37.8951368,-4.7754527,True,,,Santa Rosa - Valdeolleros,Santa Rosa - San José,,,,flat,150.0,,,3,2,,False,,False,,,,,good,True,,,,,,,,,,,,,True,,3,
110053448,https://www.idealista.com/inmueble/110053448/,sale,Córdoba,Córdoba,37.9223579,-4.7962132,True,,,Brillante - Trassierra - Naranjo,Brillante,,,,independantHouse,197.0,,,4,3,,False,,False,,,,,good,,,,,,,,,,,,,,True,,,
111897297,https://www.idealista.com/inmueble/111897297/,sale,Córdoba,Córdoba,37.8802556,-4.7777787,True,,,Centro - Casco Histórico,Judería - San Basilio,,,,independantHouse,252.0,,,7,2,,False,,False,,,,,good,,,,,,,,,,,,,,False,,,
111629265,https://www.idealista.com/inmueble/111629265/,sale,Córdoba,Córdoba,37.8720465,-4.7780462,True,,,Sector sur - Santa Cruz,Sector sur - Santa Cruz,,,,flat,113.0,,,3,2,,False,,False,,,,,good,True,,,,,,,,,,,,,True,,3,
111534260,https://www.idealista.com/inmueble/111534260/,sale,Córdoba,Córdoba,37.8928327,-4.7586747,True,,,Levante - Lepanto - Fátima,Levante,,,,duplex,66.0,,,2,1,,True,,False,,,,,good,False,,,,,,,,,,,,,False,,1,
110167236,https://www.idealista.com/inmueble/110167236/,sale,Córdoba,Córdoba,37.8846657,-4.7807872,True,,,Centro - Casco Histórico,Centro,,,,flat,189.0,,,6,3,,False,,False,,,,,good,True,,,,,,,,,,,,,True,,2,
110459220,https://www.idealista.com/inmueble/110459220/,sale,Córdoba,Córdoba,37.8898843,-4.7754012,True,,,Centro - Casco Histórico,Casco Histórico - Ollerías - Marrubial,,,,independantHouse,235.0,,,7,3,,False,,False,,,,,good,,,,,,,,,,,,,,False,,,
110327067,https://www.idealista.com/inmueble/110327067/,sale,Córdoba,Córdoba,37.9049906,-4.7869797,True,,,Brillante - Trassierra - Naranjo,Brillante,,,,independantHouse,428.0,,,8,5,,False,,False,,,,,good,,,,,,,,,,,,,,True,,,
112194041,https://www.idealista.com/inmueble/112194041/,sale,Córdoba,Córdoba,37.9235532,-4.7469268,True,,,Brillante - Trassierra - Naranjo,Paraíso Arenal - La Colina,,,,casaTerrera,150.0,,,3,2,,False,,False,,,,,good,,,,,,,,,,,,,,False,,,
112141980,https://www.idealista.com/inmueble/112141980/,sale,Córdoba,Córdoba,37.8759209,-4.7835002,True,,,Centro - Casco Histórico,Judería - San Basilio,,,,flat,60.0,,,1,1,,False,,False,,,,,good,True,,,,,,,,,,,,,False,,bj,
111666937,https://www.idealista.com/inmueble/111666937/,sale,Córdoba,Córdoba,37.8753475,-4.7946785,True,,,Zoco - Poniente - Vistalegre,Vistalegre - Parque Cruz - Universidades,,,,flat,184.0,,,5,2,,False,,False,,,,,good,True,,,,,,,,,,,,,True,,1,
111686869,https://www.idealista.com/inmueble/111686869/,sale,Córdoba,Córdoba,37.8974304,-4.7768768,True,,,Santa Rosa - Valdeolleros,Santa Rosa - San José,,,,flat,148.0,,,3,2,,False,,False,,,,,good,True,,,,,,,,,,,,,True,,1,
111596814,https://www.idealista.com/inmueble/111596814/,sale,Córdoba,Córdoba,37.8854663,-4.7706723,True,,,Centro - Casco Histórico,Casco Histórico - Corredera - Ribera,,,,flat,109.0,,,2,2,,False,,False,,,,,good,False,,,,,,,,,,,,,False,,1,
110718754,https://www.idealista.com/inmueble/110718754/,sale,Córdoba,Córdoba,37.8893623,-4.7807489,True,,,Centro - Casco Histórico,Centro,,,,flat,42.0,,,2,1,,False,,False,,,,,good,True,,,,,,,,,,,,,False,,2,
107974721,https://www.idealista.com/inmueble/107974721/,sale,Córdoba,Córdoba,37.900895,-4.7911982,True,,,Noreña - Figueroa,Tablero,,,,semidetachedHouse,402.0,,,8,5,,False,,False,,,,,good,,,,,,,,,,,,,,True,,,
111184654,https://www.idealista.com/inmueble/111184654/,sale,Córdoba,Córdoba,37.8821857,-4.7805766,True,,,Centro - Casco Histórico,Judería - San Basilio,,,,flat,90.0,,,3,1,,False,,False,,,,,good,False,,,,,,,,,,,,,False,,,
111545581,https://www.idealista.com/obra-nueva/111545581/,sale,Córdoba,Córdoba,37.8912043,-4.8130206,False,,,Noreña - Figueroa,Noreña - Turruñuelos,,,,flat,102.0,,,3,2,,False,,False,,,,,newdevelopment,True,,,,,,,,,,,,,True,,6,
112181544,https://www.idealista.com/inmueble/112181544/,sale,Córdoba,Córdoba,37.8672505,-4.777658,True,,,Sector sur - Santa Cruz,Sector sur - Santa Cruz,,,,flat,66.0,,,3,1,,False,,False,,,,,renew,False,,,,,,,,,,,,,False,,3,
111842547,https://www.idealista.com/inmueble/111842547/,sale,Córdoba,Córdoba,37.87921,-4.7771994,True,,,Centro - Casco Histórico,Judería - San Basilio,,,,independantHouse,252.0,,,7,2,,False,,False,,,,,good,,,,,,,,,,,,,,False,,,
111455544,https://www.idealista.com/inmueble/111455544/,sale,Córdoba,Córdoba,37.8955529,-4.759873,True,,,Levante - Lepanto - Fátima,Levante,,,,duplex,66.0,,,2,1,,True,,False,,,,,good,False,,,,,,,,,,,,,False,,1,
112155538,https://www.idealista.com/obra-nueva/112155538/,sale,Córdoba,Córdoba,37.9001108,-4.8106198,True,,,Noreña - Figueroa,Tablero,,,,flat,136.0,,,4,2,,False,,False,,,,,newdevelopment,True,,,,,,,,,,,,,False,,,
108539515,https://www.idealista.com/inmueble/108539515/,sale,Córdoba,Córdoba,37.8928194,-4.7789676,True,,,Centro - Casco Histórico,San Cayetano,,,,flat,180.0,,,4,3,,False,,False,,,,,good,True,,,,,,,,,,,,,True,,6,
111454480,https://www.idealista.com/inmueble/111454480/,sale,Córdoba,Córdoba,37.8942661,-4.7603991,True,,,Levante - Lepanto - Fátima,Levante,,,,duplex,66.0,,,2,1,,True,,False,,,,,good,False,,,,,,,,,,,,,False,,1,
111846466,https://www.idealista.com/inmueble/111846466/,sale,Córdoba,Córdoba,37.8896475,-4.7859235,True,,,Centro - Casco Histórico,El Vial - Ronda de Tejares,,,,flat,108.0,,,3,1,,False,,False,,,,,renew,True,,,,,,,,,,,,,False,,6,
111643435,https://www.idealista.com/inmueble/111643435/,sale,Córdoba,Córdoba,37.8819568,-4.7785789,True,,,Centro - Casco Histórico,Judería - San Basilio,,,,independantHouse,252.0,,,7,2,,False,,False,,,,,good,,,,,,,,,,,,,,False,,,
111534313,https://www.idealista.com/inmueble/111534313/,sale,Córdoba,Córdoba,37.9005345,-4.7569903,True,,,Levante - Lepanto - Fátima,Fátima - Campiñuela,,,,flat,81.0,,,3,2,,False,,False,,,,,good,True,,,,,,,,,,,,,True,,1,
111171310,https://www.idealista.com/inmueble/111171310/,sale,Córdoba,Córdoba,37.8878764,-4.7627578,True,,,Levante - Lepanto - Fátima,La Viñuela,,,,flat,77.0,,,3,1,,False,,False,,,,,good,True,,,,,,,,,,,,,False,,3,
112341214,https://www.idealista.com/inmueble/112341214/,sale,Córdoba,Córdoba,37.8936041,-4.7515431,True,,,Fuensanta - Zona Arcángel,Cañero - Fidiana,,,,flat,89.0,,,4,1,,False,,False,,,,,good,False,,,,,,,,,,,,,False,,3,
111262194,https://www.idealista.com/inmueble/111262194/,sale,Córdoba,Córdoba,37.8892791,-4.7643143,True,,,Levante - Lepanto - Fátima,La Viñuela,,,,flat,77.0,,,3,1,,False,,False,,,,,good,True,,,,,,,,,,,,,False,,3,
111210191,https://www.idealista.com/inmueble/111210191/,sale,Córdoba,Córdoba,37.889845,-4.7850525,True,,,Centro - Casco Histórico,El Vial - Ronda de Tejares,,,,flat,102.0,,,3,2,,False,,False,,,,,good,True,,,,,,,,,,,,,False,,3,
110531082,https://www.idealista.com/inmueble/110531082/,sale,Córdoba,Córdoba,37.914584,-4.8152723,True,,,Brillante - Trassierra - Naranjo,Brillante,,,,independantHouse,239.0,,,4,2,,False,,False,,,,,good,,,,,,,,,,,,,,True,,,
111132047,https://www.idealista.com/inmueble/111132047/,sale,Córdoba,Córdoba,37.8868708,-4.8048212,True,,,Noreña - Figueroa,Noreña - Turruñuelos,,,,flat,111.0,,,3,2,,False,,False,,,,,good,True,,,,,,,,,,,,,True,,5,
111924033,https://www.idealista.com/inmueble/111924033/,sale,Córdoba,Córdoba,37.8808021,-4.7770069,True,,,Centro - Casco Histórico,Casco Histórico - Corredera - Ribera,,,,flat,80.0,,,2,1,,False,,False,,,,,good,False,,,,,,,,,,,,,False,,2,
112047003,https://www.idealista.com/inmueble/112047003/,sale,Córdoba,Córdoba,37.8939708,-4.7933167,True,,,Noreña - Figueroa,Carretera Trassierra - Colonia de la Paz,,,,flat,63.0,,,3,1,,False,,False,,,,,good,False,,,,,,,,,,,,,False,,3,
111711867,https://www.idealista.com/inmueble/111711867/,sale,Córdoba,Córdoba,37.8832101,-4.7756895,True,,,Centro - Casco Histórico,Casco Histórico - Corredera - Ribera,,,,flat,125.0,,,2,2,,False,,False,,,,,good,False,,,,,,,,,,,,,False,,bj,
111507845,https://www.idealista.com/inmueble/111507845/,sale,Córdoba,Córdoba,37.8922554,-4.7618439,True,,,Levante - Lepanto - Fátima,La Viñuela,,,,flat,80.0,,,3,2,,False,,False,,,,,good,True,,,,,,,,,,,,,False,,2,
111050844,https://www.idealista.com/inmueble/111050844/,sale,Córdoba,Córdoba,37.8843704,-4.765689,True,,,Centro - Casco Histórico,Casco Histórico - Corredera - Ribera,,,,flat,79.0,,,2,1,,False,,False,,,,,renew,False,,,,,,,,,,,,,False,,2,
111454805,https://www.idealista.com/inmueble/111454805/,sale,Córdoba,Córdoba,37.8923423,-4.7600893,True,,,Levante - Lepanto - Fátima,Levante,,,,duplex,66.0,,,2,1,,True,,False,,,,,good,False,,,,,,,,,,,,,False,,1,
107749798,https://www.idealista.com/inmueble/107749798/,sale,Córdoba,Córdoba,37.883739,-4.7811055,True,,,Centro - Casco Histórico,Judería - San Basilio,,,,flat,117.0,,,5,2,,False,,False,,,,,good,True,,,,,,,,,,,,,False,,1,
111261790,https://www.idealista.com/inmueble/111261790/,sale,Córdoba,Córdoba,37.8829994,-4.7927528,True,,,Ciudad Jardín,Ciudad Jardín,,,,flat,100.0,,,3,1,,False,,False,,,,,good,False,,,,,,,,,,,,,False,,1,
105586783,https://www.idealista.com/inmueble/105586783/,sale,Córdoba,Córdoba,37.8776405,-4.7912206,True,,,Ciudad Jardín,Ciudad Jardín,,,,flat,110.0,,,3,1,,False,,False,,,,,good,True,,,,,,,,,,,,,False,,6,
111500734,https://www.idealista.com/inmueble/111500734/,sale,Córdoba,Córdoba,37.9000825,-4.7591291,True,,,Levante - Lepanto - Fátima,Fátima - Campiñuela,,,,flat,81.0,,,3,2,,False,,False,,,,,good,True,,,,,,,,,,,,,True,,1,
111410721,https://www.idealista.com/inmueble/111410721/,sale,Córdoba,Córdoba,37.8940651,-4.7723899,True,,,Santa Rosa - Valdeolleros,Valdeolleros - Zumbacón - Camping,,,,penthouse,126.0,,,4,2,,False,,False,,,,,good,True,,,,,,,,,,,,,True,,3,
107278617,https://www.idealista.com/inmueble/107278617/,sale,Córdoba,Córdoba,37.8974194,-4.8096971,True,,,Noreña - Figueroa,Tablero,,,,terracedHouse,189.0,,,4,3,,False,,False,,,,,good,,,,,,,,,,,,,,True,,,
111990606,https://www.idealista.com/inmueble/111990606/,sale,Córdoba,Córdoba,37.8796787,-4.7753398,True,,,Centro - Casco Histórico,Casco Histórico - Corredera - Ribera,,,,flat,80.0,,,2,1,,False,,False,,,,,good,False,,,,,,,,,,,,,False,,2,
111286584,https://www.idealista.com/inmueble/111286584/,sale,Córdoba,Córdoba,37.8979492,-4.7943296,True,,,Noreña - Figueroa,Tablero,,,,duplex,183.0,,,4,3,,True,,False,,,,,good,True,,,,,,,,,,,,,True,,3,
112361534,https://www.idealista.com/inmueble/112361534/,sale,Córdoba,Córdoba,37.8751997,-4.7971935,True,,,Zoco - Poniente - Vistalegre,Vistalegre - Parque Cruz - Universidades,,,,flat,96.0,,,3,2,,False,,False,,,,,good,True,,,,,,,,,,,,,False,,3,
108348522,https://www.idealista.com/inmueble/108348522/,sale,Córdoba,Córdoba,37.866961,-4.7754895,True,,,Sector sur - Santa Cruz,Sector sur - Santa Cruz,,,,flat,70.0,,,3,1,,False,,False,,,,,good,False,,,,,,,,,,,,,False,,3,
111499458,https://www.idealista.com/inmueble/111499458/,sale,Córdoba,Córdoba,37.9012046,-4.7569811,True,,,Levante - Lepanto - Fátima,Fátima - Campiñuela,,,,flat,81.0,,,3,2,,False,,False,,,,,good,True,,,,,,,,,,,,,True,,1,
109972447,https://www.idealista.com/inmueble/109972447/,sale,Córdoba,Córdoba,37.8785859,-4.790656,True,,,Zoco - Poniente - Vistalegre,Vistalegre - Parque Cruz - Universidades,,,,flat,114.0,,,4,2,,False,,False,,,,,good,True,,,,,,,,,,,,,False,,4,
111645413,https://www.idealista.com/inmueble/111645413/,sale,Córdoba,Córdoba,37.8812176,-4.7780949,True,,,Centro - Casco Histórico,Judería - San Basilio,,,,independantHouse,252.0,,,7,2,,False,,False,,,,,good,,,,,,,,,,,,,,False,,,
111531407,https://www.idealista.com/inmueble/111531407/,sale,Córdoba,Córdoba,37.9031854,-4.7593967,True,,,Levante - Lepanto - Fátima,Fátima - Campiñuela,,,,flat,81.0,,,3,2,,False,,False,,,,,good,True,,,,,,,,,,,,,True,,1,
107044350,https://www.idealista.com/inmueble/107044350/,sale,Córdoba,Córdoba,37.873547,-4.7734663,True,,,Campo de la Verdad,Campo de la Verdad,,,,independantHouse,212.0,,,3,3,,False,,False,,,,,good,,,,,,,,,,,,,,False,,,
111400266,https://www.idealista.com/inmueble/111400266/,sale,Córdoba,Córdoba,37.8885521,-4.8059364,True,,,Noreña - Figueroa,Noreña - Turruñuelos,,,,flat,111.0,,,3,2,,False,,False,,,,,good,True,,,,,,,,,,,,,True,,5,
100610247,https://www.idealista.com/inmueble/100610247/,sale,Córdoba,Córdoba,37.9207768,-4.7966496,True,,,Brillante - Trassierra - Naranjo,Brillante,,,,independantHouse,320.0,,,9,6,,False,,False,,,,,good,,,,,,,,,,,,,,True,,,
110411206,https://www.idealista.com/inmueble/110411206/,sale,Córdoba,Córdoba,37.9188352,-4.7966064,True,,,Brillante - Trassierra - Naranjo,Brillante,,,,independantHouse,323.0,,,9,6,,False,,False,,,,,good,,,,,,,,,,,,,,False,,,
110089188,https://www.idealista.com/inmueble/110089188/,sale,Córdoba,Córdoba,37.9063631,-4.7880075,True,,,Brillante - Trassierra - Naranjo,Brillante,,,,independantHouse,648.0,,,5,7,,False,,False,,,,,good,,,,,,,,,,,,,,True,,,
110305152,https://www.idealista.com/inmueble/110305152/,sale,Córdoba,Córdoba,37.8859364,-4.7779119,True,,,Centro - Casco Histórico,Centro,,,,flat,160.0,,,6,3,,False,,False,,,,,good,True,,,,,,,,,,,,,False,,3,
109075154,https://www.idealista.com/inmueble/109075154/,sale,Córdoba,Córdoba,37.9204266,-4.7937781,True,,,Brillante - Trassierra - Naranjo,Brillante,,,,independantHouse,648.0,,,6,6,,False,,False,,,,,good,,,,,,,,,,,,,,True,,,
106583070,https://www.idealista.com/inmueble/106583070/,sale,Córdoba,Córdoba,37.8896633,-4.8019478,True,,,Noreña - Figueroa,Noreña - Turruñuelos,,,,penthouse,91.0,,,2,1,,False,,False,,,,,good,True,,,,,,,,,,,,,True,,4,
110974042,https://www.idealista.com/inmueble/110974042/,sale,Córdoba,Córdoba,37.8974184,-4.7758869,True,,,Santa Rosa - Valdeolleros,Valdeolleros - Zumbacón - Camping,,,,flat,103.0,,,4,1,,False,,False,,,,,good,True,,,,,,,,,,,,,False,,1,
111642956,https://www.idealista.com/inmueble/111642956/,sale,Córdoba,Córdoba,37.8816472,-4.7694452,True,,,Centro - Casco Histórico,Casco Histórico - Corredera - Ribera,,,,flat,64.0,,,2,1,,False,,False,,,,,good,False,,,,,,,,,,,,,False,,bj,
110796929,https://www.idealista.com/inmueble/110796929/,sale,Córdoba,Córdoba,37.8859077,-4.7633557,True,,,Levante - Lepanto - Fátima,La Viñuela,,,,flat,97.0,,,4,2,,False,,False,,,,,good,False,,,,,,,,,,,,,False,,1,
111642806,https://www.idealista.com/inmueble/111642806/,sale,Córdoba,Córdoba,37.8825006,-4.7761565,True,,,Centro - Casco Histórico,Judería - San Basilio,,,,independantHouse,252.0,,,7,2,,False,,False,,,,,good,,,,,,,,,,,,,,True,,,
110521792,https://www.idealista.com/inmueble/110521792/,sale,Córdoba,Córdoba,37.9072932,-4.7970454,True,,,Brillante - Trassierra - Naranjo,Brillante,,,,flat,149.0,,,4,2,,False,,False,,,,,good,True,,,,,,,,,,,,,True,,bj,
107255770,https://www.idealista.com/inmueble/107255770/,sale,Córdoba,Córdoba,37.8794892,-4.8147212,True,,,Noreña - Figueroa,Miralbaida - Parque Azahara,,,,flat,85.0,,,3,1,,False,,False,,,,,renew,False,,,,,,,,,,,,,False,,3,
112338728,https://www.idealista.com/inmueble/112338728/,sale,Córdoba,Córdoba,37.9154248,-4.7817471,True,,,Brillante - Trassierra - Naranjo,Brillante,,,,independantHouse,510.0,,,5,5,,False,,False,,,,,good,,,,,,,,,,,,,,True,,,
111889705,https://www.idealista.com/inmueble/111889705/,sale,Córdoba,Córdoba,37.8995666,-4.8102001,True,,,Noreña - Figueroa,Tablero,,,,terracedHouse,140.0,,,4,3,,False,,False,,,,,good,,,,,,,,,,,,,,True,,,
111644675,https://www.idealista.com/inmueble/111644675/,sale,Córdoba,Córdoba,37.8825345,-4.7770526,True,,,Centro - Casco Histórico,Judería - San Basilio,,,,independantHouse,252.0,,,7,2,,False,,False,,,,,good,,,,,,,,,,,,,,False,,,
111001649,https://www.idealista.com/inmueble/111001649/,sale,Córdoba,Córdoba,37.8853164,-4.7772117,True,,,Centro - Casco Histórico,Casco Histórico - Corredera - Ribera,,,,flat,125.0,,,2,2,,False,,False,,,,,good,False,,,,,,,,,,,,,False,,bj,
99893619,https://www.idealista.com/inmueble/99893619/,sale,Córdoba,Córdoba,37.8839642,-4.7759006,True,,,Centro - Casco Histórico,Casco Histórico - Corredera - Ribera,,,,independantHouse,547.0,,,10,4,,False,,False,,,,,good,,,,,,,,,,,,,,True,,,
111504612,https://www.idealista.com/inmueble/111504612/,sale,Córdoba,Córdoba,37.9013861,-4.7598666,True,,,Levante - Lepanto - Fátima,Fátima - Campiñuela,,,,flat,81.0,,,3,2,,False,,False,,,,,good,True,,,,,,,,,,,,,True,,1,
111710594,https://www.idealista.com/inmueble/111710594/,sale,Córdoba,Córdoba,37.8967238,-4.7600612,True,,,Levante - Lepanto - Fátima,Levante,,,,flat,63.0,,,1,0,,False,,False,,,,,renew,True,,,,,,,,,,,,,True,,5,
112096571,https://www.idealista.com/inmueble/112096571/,sale,Córdoba,Córdoba,37.8768685,-4.7759552,True,,,Campo de la Verdad,Campo de la Verdad,,,,independantHouse,120.0,,,3,2,,False,,False,,,,,good,,,,,,,,,,,,,,True,,,
112101570,https://www.idealista.com/inmueble/112101570/,sale,Córdoba,Córdoba,37.8785113,-4.7936096,True,,,Zoco - Poniente - Vistalegre,Zoco - Poniente,,,,flat,125.0,,,4,2,,False,,False,,,,,good,True,,,,,,,,,,,,,True,,2,
111580510,https://www.idealista.com/inmueble/111580510/,sale,Córdoba,Córdoba,37.8892245,-4.7701195,True,,,Centro - Casco Histórico,Casco Histórico - Ollerías - Marrubial,,,,chalet,277.0,,,3,1,,False,,False,,,,,renew,,,,,,,,,,,,,,False,,,
112047493,https://www.idealista.com/inmueble/112047493/,sale,Córdoba,Córdoba,37.885082,-4.7897248,True,,,Centro - Casco Histórico,Cercadilla - Medina Azahara,,,,flat,77.0,,,3,2,,False,,False,,,,,good,True,,,,,,,,,,,,,True,,1,
111645477,https://www.idealista.com/inmueble/111645477/,sale,Córdoba,Córdoba,37.881142,-4.7781085,True,,,Centro - Casco Histórico,Judería - San Basilio,,,,independantHouse,252.0,,,7,2,,False,,False,,,,,good,,,,,,,,,,,,,,False,,,
107060412,https://www.idealista.com/inmueble/107060412/,sale,Córdoba,Córdoba,37.8994227,-4.786664,False,,,Santa Rosa - Valdeolleros,Santa Rosa - San José,,,,flat,135.0,,,3,2,,False,,False,,,,,good,True,,,,,,,,,,,,,True,,2,
109653398,https://www.idealista.com/inmueble/109653398/,sale,Córdoba,Córdoba,37.8840325,-4.7943621,True,,,Ciudad Jardín,Ciudad Jardín,,,,flat,104.0,,,2,2,,False,,False,,,,,good,True,,,,,,,,,,,,,False,,3,
112154351,https://www.idealista.com/inmueble/112154351/,sale,Córdoba,Córdoba,37.8887745,-4.7819056,True,,,Centro - Casco Histórico,El Vial - Ronda de Tejares,,,,flat,565.0,,,6,6,,False,,False,,,,,good,True,,,,,,,,,,,,,True,,3,
109538200,https://www.idealista.com/inmueble/109538200/,sale,Córdoba,Córdoba,37.8824571,-4.768547,True,,,Centro - Casco Histórico,Casco Histórico - Corredera - Ribera,,,,flat,56.0,,,1,1,,False,,False,,,,,good,True,,,,,,,,,,,,,False,,1,
111657184,https://www.idealista.com/inmueble/111657184/,sale,Córdoba,Córdoba,37.8821729,-4.7891474,True,,,Ciudad Jardín,Ciudad Jardín,,,,flat,60.0,,,2,1,,False,,False,,,,,good,False,,,,,,,,,,,,,False,,3,
110868181,https://www.idealista.com/inmueble/110868181/,sale,Córdoba,Córdoba,37.8861906,-4.8075821,True,,,Noreña - Figueroa,Noreña - Turruñuelos,,,,flat,111.0,,,3,2,,False,,False,,,,,good,True,,,,,,,,,,,,,True,,5,
111884155,https://www.idealista.com/inmueble/111884155/,sale,Córdoba,Córdoba,37.8974131,-4.8082725,True,,,Noreña - Figueroa,Tablero,,,,terracedHouse,140.0,,,4,3,,False,,False,,,,,good,,,,,,,,,,,,,,True,,,
110874081,https://www.idealista.com/inmueble/110874081/,sale,Córdoba,Córdoba,37.8962708,-4.7624778,True,,,Levante - Lepanto - Fátima,Fátima - Campiñuela,,,,flat,110.0,,,3,2,,False,,False,,,,,good,True,,,,,,,,,,,,,False,,4,
112271069,https://www.idealista.com/inmueble/112271069/,sale,Córdoba,Córdoba,37.9135839,-4.8161876,True,,,Brillante - Trassierra - Naranjo,Brillante,,,,independantHouse,239.0,,,4,2,,False,,False,,,,,good,,,,,,,,,,,,,,True,,,
111724918,https://www.idealista.com/inmueble/111724918/,sale,Córdoba,Córdoba,37.896174,-4.7703068,True,,,Centro - Casco Histórico,San Cayetano,,,,flat,106.0,,,3,2,,False,,False,,,,,renew,True,,,,,,,,,,,,,True,,,
111716838,https://www.idealista.com/inmueble/111716838/,sale,Córdoba,Córdoba,37.8858214,-4.7767092,True,,,Centro - Casco Histórico,Centro,,,,flat,125.0,,,2,2,,False,,False,,,,,good,False,,,,,,,,,,,,,False,,bj,
111745647,https://www.idealista.com/inmueble/111745647/,sale,Córdoba,Córdoba,37.8915424,-4.7881024,True,,,Noreña - Figueroa,Carretera Trassierra - Colonia de la Paz,,,,flat,52.0,,,1,1,,False,,False,,,,,good,True,,,,,,,,,,,,,False,,,
111821582,https://www.idealista.com/inmueble/111821582/,sale,Córdoba,Córdoba,37.8801338,-4.7914585,True,,,Ciudad Jardín,Ciudad Jardín,,,,flat,55.0,,,2,1,,False,,False,,,,,good,True,,,,,,,,,,,,,False,,1,
110162528,https://www.idealista.com/inmueble/110162528/,sale,Córdoba,Córdoba,37.8835599,-4.7805855,False,,,Centro - Casco Histórico,Centro,,,,flat,189.0,,,6,3,,False,,False,,,,,good,True,,,,,,,,,,,,,True,,2,
112231490,https://www.idealista.com/inmueble/112231490/,sale,Córdoba,Córdoba,37.9094831,-4.7774577,False,,,Brillante - Trassierra - Naranjo,Naranjo - Mirabueno,,,,flat,108.0,,,3,2,,False,,False,,,,,good,True,,,,,,,,,,,,,True,,2,
112131471,https://www.idealista.com/inmueble/112131471/,sale,Córdoba,Córdoba,37.8835775,-4.7895236,True,,,Ciudad Jardín,Ciudad Jardín,,,,flat,60.0,,,2,1,,False,,False,,,,,good,False,,,,,,,,,,,,,False,,3,
111973401,https://www.idealista.com/inmueble/111973401/,sale,Córdoba,Córdoba,37.8801364,-4.7630201,False,,,Fuensanta - Zona Arcángel,Fuensanta - Arcángel - Santuario,,,,flat,90.0,,,3,1,,False,,False,,,,,good,False,,,,,,,,,,,,,True,,2,
104884370,https://www.idealista.com/inmueble/104884370/,sale,Córdoba,Córdoba,37.8904024,-4.7597304,True,,,Levante - Lepanto - Fátima,La Viñuela,,,,studio,48.0,,,0,1,,False,,True,,,,,good,False,,,,,,,,,,,,,False,,,
111636288,https://www.idealista.com/inmueble/111636288/,sale,Córdoba,Córdoba,37.8770844,-4.7852381,False,,,Centro - Casco Histórico,Judería - San Basilio,,,,flat,122.0,,,4,2,,False,,False,,,,,good,True,,,,,,,,,,,,,True,,5,
111596943,https://www.idealista.com/inmueble/111596943/,sale,Córdoba,Córdoba,37.8968309,-4.7783671,True,,,Santa Rosa - Valdeolleros,Valdeolleros - Zumbacón - Camping,,,,flat,75.0,,,3,1,,False,,False,,,,,good,False,,,,,,,,,,,,,False,,2,
109844948,https://www.idealista.com/inmueble/109844948/,sale,Córdoba,Córdoba,37.8937665,-4.7589661,True,,,Levante - Lepanto - Fátima,La Viñuela,,,,flat,93.0,,,3,2,,False,,False,,,,,good,True,,,,,,,,,,,,,True,,,
111259889,https://www.idealista.com/inmueble/111259889/,sale,Córdoba,Córdoba,37.8834996,-4.7730735,True,,,Centro - Casco Histórico,Casco Histórico - Corredera - Ribera,,,,independantHouse,494.0,,,9,4,,False,,False,,,,,good,,,,,,,,,,,,,,False,,,
109161582,https://www.idealista.com/inmueble/109161582/,sale,Córdoba,Córdoba,37.8824533,-4.7797344,False,,,Centro - Casco Histórico,Judería - San Basilio,,,,flat,117.0,,,5,2,,False,,False,,,,,good,True,,,,,,,,,,,,,False,,1,
109950517,https://www.idealista.com/inmueble/109950517/,sale,Córdoba,Córdoba,37.8967843,-4.7616127,True,,,Levante - Lepanto - Fátima,Levante,,,,studio,45.0,,,0,1,,False,,True,,,,,good,False,,,,,,,,,,,,,False,,,
112051440,https://www.idealista.com/inmueble/112051440/,sale,Córdoba,Córdoba,37.8865154,-4.773758,True,,,Centro - Casco Histórico,Casco Histórico - Ollerías - Marrubial,,,,independantHouse,118.0,,,4,2,,False,,False,,,,,good,,,,,,,,,,,,,,True,,,
112346352,https://www.idealista.com/inmueble/112346352/,sale,Córdoba,Córdoba,37.8890676,-4.7815027,True,,,Centro - Casco Histórico,El Vial - Ronda de Tejares,,,,flat,190.0,,,4,3,,False,,False,,,,,good,True,,,,,,,,,,,,,False,,1,
112298350,https://www.idealista.com/inmueble/112298350/,sale,Córdoba,Córdoba,37.8984812,-4.7708017,True,,,Santa Rosa - Valdeolleros,Valdeolleros - Zumbacón - Camping,,,,terracedHouse,141.0,,,3,1,,False,,False,,,,,good,,,,,,,,,,,,,,False,,,
112038335,https://www.idealista.com/inmueble/112038335/,sale,Córdoba,Córdoba,37.8804869,-4.7731766,True,,,Centro - Casco Histórico,Casco Histórico - Corredera - Ribera,,,,flat,43.0,,,1,1,,False,,False,,,,,good,False,,,,,,,,,,,,,False,,bj,
111781179,https://www.idealista.com/inmueble/111781179/,sale,Córdoba,Córdoba,37.8938939,-4.7928905,True,,,Noreña - Figueroa,Carretera Trassierra - Colonia de la Paz,,,,independantHouse,176.0,,,4,2,,False,,False,,,,,good,,,,,,,,,,,,,,False,,,
112199057,https://www.idealista.com/inmueble/112199057/,sale,Córdoba,Córdoba,37.8935873,-4.7674988,True,,,Santa Rosa - Valdeolleros,Valdeolleros - Zumbacón - Camping,,,,flat,58.0,,,2,1,,False,,False,,,,,good,False,,,,,,,,,,,,,False,,bj,
112346035,https://www.idealista.com/inmueble/112346035/,sale,Córdoba,Córdoba,37.8943343,-4.7621989,True,,,Levante - Lepanto - Fátima,Levante,,,,flat,89.0,,,3,1,,False,,False,,,,,good,True,,,,,,,,,,,,,False,,1,
110737003,https://www.idealista.com/inmueble/110737003/,sale,Córdoba,Córdoba,37.8877664,-4.7818266,False,,,Centro - Casco Histórico,Centro,,,,flat,416.0,,,8,5,,False,,False,,,,,renew,True,,,,,,,,,,,,,True,,3,
112329991,https://www.idealista.com/inmueble/112329991/,sale,Córdoba,Córdoba,37.878309,-4.7912236,True,,,Zoco - Poniente - Vistalegre,Vistalegre - Parque Cruz - Universidades,,,,flat,170.0,,,4,2,,False,,False,,,,,good,True,,,,,,,,,,,,,True,,3,
111642774,https://www.idealista.com/inmueble/111642774/,sale,Córdoba,Córdoba,37.880105,-4.7931514,True,,,Ciudad Jardín,Ciudad Jardín,,,,flat,129.0,,,4,2,,False,,False,,,,,good,True,,,,,,,,,,,,,False,,1,
111626748,https://www.idealista.com/inmueble/111626748/,sale,Córdoba,Córdoba,37.8775887,-4.792255,True,,,Zoco - Poniente - Vistalegre,Vistalegre - Parque Cruz - Universidades,,,,flat,115.0,,,4,2,,False,,False,,,,,good,True,,,,,,,,,,,,,True,,4,
112101596,https://www.idealista.com/inmueble/112101596/,sale,Córdoba,Córdoba,37.8792686,-4.7884785,True,,,Ciudad Jardín,Ciudad Jardín,,,,flat,63.0,,,2,1,,False,,False,,,,,good,False,,,,,,,,,,,,,False,,2,
112201461,https://www.idealista.com/inmueble/112201461/,sale,Córdoba,Córdoba,37.9082286,-4.776147,False,,,Brillante - Trassierra - Naranjo,Naranjo - Mirabueno,,,,flat,136.0,,,3,2,,False,,False,,,,,good,True,,,,,,,,,,,,,True,,1,
112280427,https://www.idealista.com/inmueble/112280427/,sale,Córdoba,Córdoba,37.867049,-4.7787396,True,,,Sector sur - Santa Cruz,Sector sur - Santa Cruz,,,,flat,57.0,,,3,1,,False,,False,,,,,good,False,,,,,,,,,,,,,False,,1,
112008364,https://www.idealista.com/inmueble/112008364/,sale,Córdoba,Córdoba,37.8953029,-4.7705175,True,,,Centro - Casco Histórico,San Cayetano,,,,independantHouse,150.0,,,3,2,,False,,False,,,,,good,,,,,,,,,,,,,,False,,,
112085315,https://www.idealista.com/inmueble/112085315/,sale,Córdoba,Córdoba,37.8881469,-4.7824465,True,,,Centro - Casco Histórico,Centro,,,,penthouse,69.0,,,2,1,,False,,False,,,,,good,True,,,,,,,,,,,,,False,,5,
110562113,https://www.idealista.com/inmueble/110562113/,sale,Córdoba,Córdoba,37.8824305,-4.7898756,True,,,Ciudad Jardín,Ciudad Jardín,,,,flat,137.0,,,3,2,,False,,False,,,,,good,True,,,,,,,,,,,,,False,,,
112328038,https://www.idealista.com/inmueble/112328038/,sale,Córdoba,Córdoba,37.8968365,-4.7870317,True,,,Santa Rosa - Valdeolleros,Huerta de la Reina,,,,flat,44.0,,,1,1,,False,,False,,,,,good,False,,,,,,,,,,,,,False,,,
111184034,https://www.idealista.com/inmueble/111184034/,sale,Córdoba,Córdoba,37.8800382,-4.7807253,True,,,Centro - Casco Histórico,Judería - San Basilio,,,,flat,90.0,,,3,1,,False,,False,,,,,good,False,,,,,,,,,,,,,False,,,
112228025,https://www.idealista.com/inmueble/112228025/,sale,Córdoba,Córdoba,37.8813766,-4.8307591,True,,,Periurbano oeste,El Higuerón,,,,independantHouse,285.0,,,7,3,,False,,False,,,,,good,,,,,,,,,,,,,,True,,,
111725028,https://www.idealista.com/inmueble/111725028/,sale,Córdoba,Córdoba,37.8861648,-4.7840837,True,,,Centro - Casco Histórico,Centro,,,,flat,160.0,,,4,3,,False,,False,,,,,renew,True,,,,,,,,,,,,,True,,4,
112130896,https://www.idealista.com/inmueble/112130896/,sale,Córdoba,Córdoba,37.8683771,-4.7764594,True,,,Sector sur - Santa Cruz,Sector sur - Santa Cruz,,,,flat,55.0,,,3,1,,False,,False,,,,,good,False,,,,,,,,,,,,,False,,,
96034706,https://www.idealista.com/inmueble/96034706/,sale,Córdoba,Córdoba,37.885449,-4.7792916,True,,,Centro - Casco Histórico,Centro,,,,flat,303.0,,,7,2,,False,,False,,,,,renew,True,,,,,,,,,,,,,False,,2,
111181557,https://www.idealista.com/inmueble/111181557/,sale,Córdoba,Córdoba,37.8828005,-4.7816276,True,,,Centro - Casco Histórico,Judería - San Basilio,,,,flat,90.0,,,3,1,,False,,False,,,,,good,False,,,,,,,,,,,,,False,,,
112319342,https://www.idealista.com/inmueble/112319342/,sale,Córdoba,Córdoba,37.8942761,-4.7924301,True,,,Noreña - Figueroa,Carretera Trassierra - Colonia de la Paz,,,,flat,65.0,,,3,1,,False,,False,,,,,renew,True,,,,,,,,,,,,,False,,1,
112121285,https://www.idealista.com/inmueble/112121285/,sale,Córdoba,Córdoba,37.8825227,-4.7924848,True,,,Ciudad Jardín,Ciudad Jardín,,,,flat,60.0,,,2,1,,False,,False,,,,,good,False,,,,,,,,,,,,,False,,3,
112052288,https://www.idealista.com/inmueble/112052288/,sale,Córdoba,Córdoba,37.8746413,-4.7753298,True,,,Campo de la Verdad,Campo de la Verdad,,,,independantHouse,120.0,,,3,2,,False,,False,,,,,good,,,,,,,,,,,,,,True,,,
88591179,https://www.idealista.com/inmueble/88591179/,sale,Córdoba,Córdoba,37.8903292,-4.7907207,True,,,Noreña - Figueroa,Carretera Trassierra - Colonia de la Paz,,,,flat,60.0,,,1,1,,False,,False,,,,,good,True,,,,,,,,,,,,,False,,,
111803038,https://www.idealista.com/inmueble/111803038/,sale,Córdoba,Córdoba,37.8848091,-4.781477,True,,,Centro - Casco Histórico,Centro,,,,flat,74.0,,,2,1,,False,,False,,,,,good,False,,,,,,,,,,,,,True,,bj,
109919961,https://www.idealista.com/inmueble/109919961/,sale,Córdoba,Córdoba,37.8826305,-4.816044,True,,,Noreña - Figueroa,Miralbaida - Parque Azahara,,,,flat,72.0,,,1,0,,False,,False,,,,,renew,False,,,,,,,,,,,,,False,,3,
111907767,https://www.idealista.com/inmueble/111907767/,sale,Córdoba,Córdoba,37.8935559,-4.7820434,True,,,Santa Rosa - Valdeolleros,Santa Rosa - San José,,,,flat,90.0,,,4,1,,False,,False,,,,,good,False,,,,,,,,,,,,,False,,3,
112339654,https://www.idealista.com/inmueble/112339654/,sale,Córdoba,Córdoba,37.8986024,-4.7747208,True,,,Santa Rosa - Valdeolleros,Valdeolleros - Zumbacón - Camping,,,,flat,74.0,,,3,1,,False,,False,,,,,good,True,,,,,,,,,,,,,False,,1,
112073596,https://www.idealista.com/inmueble/112073596/,sale,Córdoba,Córdoba,37.8651372,-4.7702428,True,,,Campo de la Verdad,Campo de la Verdad,,,,independantHouse,73.0,,,3,1,,False,,False,,,,,good,,,,,,,,,,,,,,False,,,
111068543,https://www.idealista.com/inmueble/111068543/,sale,Córdoba,Córdoba,37.8876584,-4.7585117,True,,,Fuensanta - Zona Arcángel,Cañero - Fidiana,,,,independantHouse,58.0,,,2,1,,False,,False,,,,,good,,,,,,,,,,,,,,False,,,
112354468,https://www.idealista.com/inmueble/112354468/,sale,Córdoba,Córdoba,37.8969456,-4.7788771,True,,,Santa Rosa - Valdeolleros,Valdeolleros - Zumbacón - Camping,,,,flat,66.0,,,3,1,,False,,False,,,,,good,False,,,,,,,,,,,,,False,,1,
110148378,https://www.idealista.com/inmueble/110148378/,sale,Córdoba,Córdoba,37.8951131,-4.7561525,True,,,Levante - Lepanto - Fátima,El Cairo,,,,flat,78.0,,,3,1,,False,,False,,,,,good,False,,,,,,,,,,,,,False,,1,
111449362,https://www.idealista.com/inmueble/111449362/,sale,Córdoba,Córdoba,37.8853493,-4.7703402,True,,,Centro - Casco Histórico,Casco Histórico - Corredera - Ribera,,,,independantHouse,244.0,,,7,3,,False,,False,,,,,good,,,,,,,,,,,,,,False,,,
111820293,https://www.idealista.com/inmueble/111820293/,sale,Córdoba,Córdoba,37.8810489,-4.7912986,True,,,Ciudad Jardín,Ciudad Jardín,,,,flat,55.0,,,2,1,,False,,False,,,,,good,True,,,,,,,,,,,,,False,,1,
106502288,https://www.idealista.com/inmueble/106502288/,sale,Córdoba,Córdoba,37.8947947,-4.7815607,True,,,Santa Rosa - Valdeolleros,Santa Rosa - San José,,,,independantHouse,816.0,,,8,7,,False,,False,,,,,good,,,,,,,,,,,,,,False,,,
112151193,https://www.idealista.com/inmueble/112151193/,sale,Córdoba,Córdoba,37.88298,-4.7871426,False,,,Ciudad Jardín,Ciudad Jardín,,,,flat,109.0,,,4,2,,False,,False,,,,,good,True,,,,,,,,,,,,,True,,3,
110049188,https://www.idealista.com/inmueble/110049188/,sale,Córdoba,Córdoba,37.9000137,-4.7537011,True,,,Levante - Lepanto - Fátima,Fátima - Campiñuela,,,,flat,66.0,,,3,1,,False,,False,,,,,renew,True,,,,,,,,,,,,,False,,3,
109074170,https://www.idealista.com/inmueble/109074170/,sale,Córdoba,Córdoba,37.9190025,-4.7957335,True,,,Brillante - Trassierra - Naranjo,Brillante,,,,independantHouse,648.0,,,6,6,,False,,False,,,,,good,,,,,,,,,,,,,,True,,,
112340081,https://www.idealista.com/inmueble/112340081/,sale,Córdoba,Córdoba,37.899871,-4.7761305,True,,,Santa Rosa - Valdeolleros,Valdeolleros - Zumbacón - Camping,,,,flat,109.0,,,4,2,,False,,False,,,,,good,True,,,,,,,,,,,,,True,,4,
112317010,https://www.idealista.com/inmueble/112317010/,sale,Córdoba,Córdoba,37.8834041,-4.7876336,True,,,Ciudad Jardín,Ciudad Jardín,,,,flat,97.0,,,2,1,,False,,False,,,,,good,True,,,,,,,,,,,,,False,,1,
110550967,https://www.idealista.com/inmueble/110550967/,sale,Córdoba,Córdoba,37.8868064,-4.7799304,True,,,Centro - Casco Histórico,Centro,,,,penthouse,273.0,,,5,4,,False,,False,,,,,good,True,,,,,,,,,,,,,True,,4,
103835941,https://www.idealista.com/inmueble/103835941/,sale,Córdoba,Córdoba,37.9117398,-4.7821162,True,,,Brillante - Trassierra - Naranjo,Naranjo - Mirabueno,,,,independantHouse,396.0,,,5,2,,False,,False,,,,,good,,,,,,,,,,,,,,True,,,
112012935,https://www.idealista.com/inmueble/112012935/,sale,Córdoba,Córdoba,37.9202161,-4.8025579,True,,,Brillante - Trassierra - Naranjo,Brillante,,,,independantHouse,286.0,,,4,4,,False,,False,,,,,good,,,,,,,,,,,,,,True,,,
112111868,https://www.idealista.com/inmueble/112111868/,sale,Córdoba,Córdoba,37.883829,-4.7892874,True,,,Ciudad Jardín,Ciudad Jardín,,,,flat,60.0,,,2,1,,False,,False,,,,,good,False,,,,,,,,,,,,,False,,3,
112052792,https://www.idealista.com/inmueble/112052792/,sale,Córdoba,Córdoba,37.8830114,-4.775078,True,,,Centro - Casco Histórico,Casco Histórico - Corredera - Ribera,,,,flat,61.0,,,2,1,,False,,False,,,,,good,False,,,,,,,,,,,,,False,,1,
110382775,https://www.idealista.com/inmueble/110382775/,sale,Córdoba,Córdoba,37.9178981,-4.7921296,True,,,Brillante - Trassierra - Naranjo,Brillante,,,,independantHouse,648.0,,,6,6,,False,,False,,,,,good,,,,,,,,,,,,,,True,,,
111397648,https://www.idealista.com/inmueble/111397648/,sale,Córdoba,Córdoba,37.8868224,-4.805386,True,,,Noreña - Figueroa,Noreña - Turruñuelos,,,,flat,111.0,,,3,2,,False,,False,,,,,good,True,,,,,,,,,,,,,True,,5,
110364449,https://www.idealista.com/inmueble/110364449/,sale,Córdoba,Córdoba,37.8865622,-4.7744367,True,,,Centro - Casco Histórico,Casco Histórico - Ollerías - Marrubial,,,,terracedHouse,240.0,,,3,2,,False,,False,,,,,good,,,,,,,,,,,,,,False,,,
111546434,https://www.idealista.com/inmueble/111546434/,sale,Córdoba,Córdoba,37.8664709,-4.7779183,True,,,Sector sur - Santa Cruz,Sector sur - Santa Cruz,,,,flat,55.0,,,3,1,,False,,False,,,,,good,False,,,,,,,,,,,,,False,,5,
106799394,https://www.idealista.com/inmueble/106799394/,sale,Córdoba,Córdoba,37.8883104,-4.7613244,True,,,Levante - Lepanto - Fátima,La Viñuela,,,,flat,61.0,,,3,1,,False,,False,,,,,renew,True,,,,,,,,,,,,,False,,1,
111483316,https://www.idealista.com/inmueble/111483316/,sale,Córdoba,Córdoba,37.8679325,-4.7785801,True,,,Sector sur - Santa Cruz,Sector sur - Santa Cruz,,,,flat,75.0,,,3,1,,False,,False,,,,,good,False,,,,,,,,,,,,,False,,2,
110332304,https://www.idealista.com/inmueble/110332304/,sale,Córdoba,Córdoba,37.8716648,-4.7759388,True,,,Sector sur - Santa Cruz,Sector sur - Santa Cruz,,,,flat,72.0,,,3,1,,False,,False,,,,,good,True,,,,,,,,,,,,,False,,2,
111367272,https://www.idealista.com/inmueble/111367272/,sale,Córdoba,Córdoba,37.8875026,-4.8055538,True,,,Noreña - Figueroa,Noreña - Turruñuelos,,,,flat,111.0,,,3,2,,False,,False,,,,,good,True,,,,,,,,,,,,,False,,5,
110267263,https://www.idealista.com/inmueble/110267263/,sale,Córdoba,Córdoba,37.8909594,-4.7645392,True,,,Levante - Lepanto - Fátima,La Viñuela,,,,flat,60.0,,,2,1,,False,,False,,,,,renew,False,,,,,,,,,,,,,False,,4,
111633255,https://www.idealista.com/inmueble/111633255/,sale,Córdoba,Córdoba,37.8909464,-4.7941811,True,,,Noreña - Figueroa,Carretera Trassierra - Colonia de la Paz,,,,flat,87.0,,,3,1,,False,,False,,,,,good,True,,,,,,,,,,,,,False,,2,
109978199,https://www.idealista.com/inmueble/109978199/,sale,Córdoba,Córdoba,37.8818979,-4.7747124,True,,,Centro - Casco Histórico,Casco Histórico - Corredera - Ribera,,,,independantHouse,122.0,,,4,3,,False,,False,,,,,good,,,,,,,,,,,,,,False,,,
111500196,https://www.idealista.com/inmueble/111500196/,sale,Córdoba,Córdoba,37.8660985,-4.7701016,True,,,Campo de la Verdad,Campo de la Verdad,,,,flat,69.0,,,3,1,,False,,False,,,,,good,False,,,,,,,,,,,,,False,,4,
112141185,https://www.idealista.com/inmueble/112141185/,sale,Córdoba,Córdoba,37.8912786,-4.7808056,True,,,Centro - Casco Histórico,El Vial - Ronda de Tejares,,,,flat,92.0,,,3,2,,False,,False,,,,,good,True,,,,,,,,,,,,,False,,2,
110192169,https://www.idealista.com/inmueble/110192169/,sale,Córdoba,Córdoba,37.8797207,-4.8166353,True,,,Noreña - Figueroa,Miralbaida - Parque Azahara,,,,flat,82.0,,,2,1,,False,,False,,,,,good,True,,,,,,,,,,,,,False,,,
111394146,https://www.idealista.com/inmueble/111394146/,sale,Córdoba,Córdoba,37.8816077,-4.813446,True,,,Noreña - Figueroa,Miralbaida - Parque Azahara,,,,flat,82.0,,,2,1,,False,,False,,,,,good,False,,,,,,,,,,,,,False,,,
111150137,https://www.idealista.com/inmueble/111150137/,sale,Córdoba,Córdoba,37.8872201,-4.775647,True,,,Centro - Casco Histórico,Casco Histórico - Ollerías - Marrubial,,,,flat,25.0,,,1,1,,False,,False,,,,,good,False,,,,,,,,,,,,,False,,2,
111697079,https://www.idealista.com/inmueble/111697079/,sale,Córdoba,Córdoba,37.8979904,-4.7610729,True,,,Levante - Lepanto - Fátima,Levante,,,,flat,63.0,,,1,0,,False,,False,,,,,renew,True,,,,,,,,,,,,,True,,5,
112154016,https://www.idealista.com/inmueble/112154016/,sale,Córdoba,Córdoba,37.8969661,-4.7759308,True,,,Santa Rosa - Valdeolleros,Valdeolleros - Zumbacón - Camping,,,,independantHouse,108.0,,,3,2,,False,,False,,,,,renew,,,,,,,,,,,,,,False,,,
112085714,https://www.idealista.com/inmueble/112085714/,sale,Córdoba,Córdoba,37.882423,-4.7932592,True,,,Ciudad Jardín,Ciudad Jardín,,,,flat,55.0,,,2,1,,False,,False,,,,,good,True,,,,,,,,,,,,,False,,1,
111662707,https://www.idealista.com/inmueble/111662707/,sale,Córdoba,Córdoba,37.8831798,-4.7765734,True,,,Centro - Casco Histórico,Judería - San Basilio,,,,independantHouse,252.0,,,7,2,,False,,False,,,,,good,,,,,,,,,,,,,,False,,,
112331618,https://www.idealista.com/inmueble/112331618/,sale,Córdoba,Córdoba,37.8887212,-4.7698657,True,,,Centro - Casco Histórico,Casco Histórico - Ollerías - Marrubial,,,,independantHouse,520.0,,,8,1,,False,,False,,,,,renew,,,,,,,,,,,,,,False,,,
109926172,https://www.idealista.com/inmueble/109926172/,sale,Córdoba,Córdoba,37.884615,-4.7806524,True,,,Centro - Casco Histórico,Centro,,,,flat,171.0,,,4,4,,False,,False,,,,,good,True,,,,,,,,,,,,,False,,2,
111299576,https://www.idealista.com/inmueble/111299576/,sale,Córdoba,Córdoba,37.8835779,-4.7684113,True,,,Centro - Casco Histórico,Casco Histórico - Corredera - Ribera,,,,independantHouse,288.0,,,5,0,,False,,False,,,,,renew,,,,,,,,,,,,,,False,,,
107367561,https://www.idealista.com/inmueble/107367561/,sale,Córdoba,Córdoba,37.9155191,-4.7951632,True,,,Brillante - Trassierra - Naranjo,Brillante,,,,independantHouse,600.0,,,5,6,,False,,False,,,,,good,,,,,,,,,,,,,,True,,,
110467493,https://www.idealista.com/inmueble/110467493/,sale,Córdoba,Córdoba,37.8966301,-4.7828588,True,,,Santa Rosa - Valdeolleros,Santa Rosa - San José,,,,flat,110.0,,,3,2,,False,,False,,,,,good,True,,,,,,,,,,,,,False,,2,
107306442,https://www.idealista.com/inmueble/107306442/,sale,Córdoba,Córdoba,37.8846269,-4.7805994,True,,,Centro - Casco Histórico,Centro,,,,independantHouse,492.0,,,17,4,,False,,False,,,,,renew,,,,,,,,,,,,,,False,,,
112027423,https://www.idealista.com/inmueble/112027423/,sale,Córdoba,Córdoba,37.8710423,-4.77837,True,,,Sector sur - Santa Cruz,Sector sur - Santa Cruz,,,,flat,67.0,,,2,1,,False,,False,,,,,good,False,,,,,,,,,,,,,False,,2,
112019368,https://www.idealista.com/inmueble/112019368/,sale,Córdoba,Córdoba,37.8828618,-4.7733546,True,,,Centro - Casco Histórico,Casco Histórico - Corredera - Ribera,,,,flat,42.0,,,1,1,,False,,False,,,,,good,False,,,,,,,,,,,,,False,,bj,
111911352,https://www.idealista.com/inmueble/111911352/,sale,Córdoba,Córdoba,37.8991038,-4.7754595,True,,,Santa Rosa - Valdeolleros,Valdeolleros - Zumbacón - Camping,,,,flat,81.0,,,3,1,,False,,False,,,,,good,True,,,,,,,,,,,,,False,,bj,
111780331,https://www.idealista.com/inmueble/111780331/,sale,Córdoba,Córdoba,37.8821466,-4.7686112,True,,,Centro - Casco Histórico,Casco Histórico - Corredera - Ribera,,,,independantHouse,372.0,,,8,4,,False,,False,,,,,good,,,,,,,,,,,,,,False,,,
111454233,https://www.idealista.com/inmueble/111454233/,sale,Córdoba,Córdoba,37.8827336,-4.7700655,True,,,Centro - Casco Histórico,Casco Histórico - Corredera - Ribera,,,,flat,109.0,,,2,2,,False,,False,,,,,good,False,,,,,,,,,,,,,False,,1,
112280174,https://www.idealista.com/inmueble/112280174/,sale,Córdoba,Córdoba,37.8949766,-4.7646213,True,,,Levante - Lepanto - Fátima,Levante,,,,flat,87.0,,,3,1,,False,,False,,,,,good,True,,,,,,,,,,,,,False,,bj,
107144142,https://www.idealista.com/inmueble/107144142/,sale,Córdoba,Córdoba,37.8917801,-4.7694338,True,,,Centro - Casco Histórico,Casco Histórico - Ollerías - Marrubial,,,,independantHouse,520.0,,,8,1,,False,,False,,,,,renew,,,,,,,,,,,,,,False,,,
110429887,https://www.idealista.com/inmueble/110429887/,sale,Córdoba,Córdoba,37.897156,-4.7915456,True,,,Noreña - Figueroa,Carretera Trassierra - Colonia de la Paz,,,,flat,78.0,,,3,1,,False,,False,,,,,good,False,,,,,,,,,,,,,False,,2,
111773872,https://www.idealista.com/inmueble/111773872/,sale,Córdoba,Córdoba,37.8923975,-4.7911034,True,,,Noreña - Figueroa,Carretera Trassierra - Colonia de la Paz,,,,independantHouse,176.0,,,4,2,,False,,False,,,,,good,,,,,,,,,,,,,,False,,,
111991861,https://www.idealista.com/inmueble/111991861/,sale,Córdoba,Córdoba,37.8889012,-4.7638954,True,,,Levante - Lepanto - Fátima,La Viñuela,,,,flat,92.0,,,3,2,,False,,False,,,,,good,True,,,,,,,,,,,,,True,,2,
111672831,https://www.idealista.com/inmueble/111672831/,sale,Córdoba,Córdoba,37.8947161,-4.7726469,True,,,Centro - Casco Histórico,San Cayetano,,,,independantHouse,147.0,,,3,2,,False,,False,,,,,good,,,,,,,,,,,,,,False,,,
111804781,https://www.idealista.com/inmueble/111804781/,sale,Córdoba,Córdoba,37.8858554,-4.77262,True,,,Centro - Casco Histórico,Casco Histórico - Corredera - Ribera,,,,flat,105.0,,,3,1,,False,,False,,,,,good,False,,,,,,,,,,,,,True,,2,
112124776,https://www.idealista.com/inmueble/112124776/,sale,Córdoba,Córdoba,37.8856695,-4.7771828,True,,,Centro - Casco Histórico,Centro,,,,independantHouse,186.0,,,3,2,,False,,False,,,,,good,,,,,,,,,,,,,,True,,,
110877772,https://www.idealista.com/inmueble/110877772/,sale,Córdoba,Córdoba,37.8675431,-4.7798558,True,,,Sector sur - Santa Cruz,Sector sur - Santa Cruz,,,,flat,57.0,,,3,1,,False,,False,,,,,good,False,,,,,,,,,,,,,False,,4,
112330739,https://www.idealista.com/inmueble/112330739/,sale,Córdoba,Córdoba,37.8912429,-4.7682481,True,,,Centro - Casco Histórico,Casco Histórico - Ollerías - Marrubial,,,,independantHouse,520.0,,,8,1,,False,,False,,,,,renew,,,,,,,,,,,,,,False,,,
107634734,https://www.idealista.com/inmueble/107634734/,sale,Córdoba,Córdoba,37.889555,-4.7750547,False,,,Centro - Casco Histórico,Casco Histórico - Ollerías - Marrubial,,,,flat,98.0,,,3,2,,False,,False,,,,,renew,False,,,,,,,,,,,,,False,,1,
112278695,https://www.idealista.com/inmueble/112278695/,sale,Córdoba,Córdoba,37.8812137,-4.773683,True,,,Centro - Casco Histórico,Casco Histórico - Corredera - Ribera,,,,flat,123.0,,,4,2,,False,,False,,,,,good,False,,,,,,,,,,,,,False,,1,
111195692,https://www.idealista.com/inmueble/111195692/,sale,Córdoba,Córdoba,37.8864561,-4.7809278,True,,,Centro - Casco Histórico,Centro,,,,flat,416.0,,,8,5,,False,,False,,,,,renew,True,,,,,,,,,,,,,True,,3,
111919679,https://www.idealista.com/inmueble/111919679/,sale,Córdoba,Córdoba,37.8991636,-4.7796592,True,,,Santa Rosa - Valdeolleros,Valdeolleros - Zumbacón - Camping,,,,flat,67.0,,,3,1,,False,,False,,,,,good,False,,,,,,,,,,,,,False,,3,
111928666,https://www.idealista.com/inmueble/111928666/,sale,Córdoba,Córdoba,37.8799683,-4.790179,True,,,Ciudad Jardín,Ciudad Jardín,,,,flat,60.0,,,1,1,,False,,False,,,,,good,False,,,,,,,,,,,,,False,,2,
111879654,https://www.idealista.com/inmueble/111879654/,sale,Córdoba,Córdoba,37.8801209,-4.7936771,True,,,Ciudad Jardín,Ciudad Jardín,,,,flat,55.0,,,2,1,,False,,False,,,,,good,True,,,,,,,,,,,,,False,,1,
112103629,https://www.idealista.com/inmueble/112103629/,sale,Córdoba,Córdoba,37.8849504,-4.7731638,True,,,Centro - Casco Histórico,Casco Histórico - Corredera - Ribera,,,,independantHouse,239.0,,,6,2,,False,,False,,,,,good,,,,,,,,,,,,,,False,,,
112079606,https://www.idealista.com/inmueble/112079606/,sale,Córdoba,Córdoba,37.889584,-4.7743916,False,,,Centro - Casco Histórico,Casco Histórico - Ollerías - Marrubial,,,,flat,82.0,,,3,1,,False,,False,,,,,good,False,,,,,,,,,,,,,False,,1,
112037592,https://www.idealista.com/inmueble/112037592/,sale,Córdoba,Córdoba,37.8802166,-4.7910069,True,,,Ciudad Jardín,Ciudad Jardín,,,,flat,85.0,,,3,1,,False,,False,,,,,good,True,,,,,,,,,,,,,False,,6,
111340502,https://www.idealista.com/inmueble/111340502/,sale,Córdoba,Córdoba,37.8640673,-4.7773223,True,,,Sector sur - Santa Cruz,Sector sur - Santa Cruz,,,,flat,60.0,,,3,1,,False,,False,,,,,good,False,,,,,,,,,,,,,False,,1,
111204461,https://www.idealista.com/inmueble/111204461/,sale,Córdoba,Córdoba,37.9248368,-4.7509935,False,,,Brillante - Trassierra - Naranjo,Paraíso Arenal - La Colina,,,,independantHouse,190.0,,,5,2,,False,,False,,,,,good,,,,,,,,,,,,,,True,,,
110326418,https://www.idealista.com/inmueble/110326418/,sale,Córdoba,Córdoba,37.8814845,-4.7918639,False,,,Ciudad Jardín,Ciudad Jardín,,,,flat,72.0,,,2,1,,False,,False,,,,,good,True,,,,,,,,,,,,,False,,en,
109863384,https://www.idealista.com/inmueble/109863384/,sale,Córdoba,Córdoba,37.9089513,-4.7890461,True,,,Brillante - Trassierra - Naranjo,Brillante,,,,independantHouse,586.0,,,5,6,,False,,False,,,,,good,,,,,,,,,,,,,,True,,,
112080311,https://www.idealista.com/inmueble/112080311/,sale,Córdoba,Córdoba,37.8674555,-4.7726165,False,,,Campo de la Verdad,Campo de la Verdad,,,,terracedHouse,127.0,,,3,2,,False,,False,,,,,good,,,,,,,,,,,,,,False,,,
111637214,https://www.idealista.com/inmueble/111637214/,sale,Córdoba,Córdoba,37.8998187,-4.7786154,True,,,Santa Rosa - Valdeolleros,Valdeolleros - Zumbacón - Camping,,,,flat,81.0,,,3,1,,False,,False,,,,,good,True,,,,,,,,,,,,,False,,bj,
112212210,https://www.idealista.com/inmueble/112212210/,sale,Córdoba,Córdoba,37.8927438,-4.7591363,False,,,Levante - Lepanto - Fátima,La Viñuela,,,,flat,57.0,,,2,1,,False,,False,,,,,good,,,,,,,,,,,,,,False,,,
111787011,https://www.idealista.com/inmueble/111787011/,sale,Córdoba,Córdoba,37.8835081,-4.7812135,False,,,Centro - Casco Histórico,Centro,,,,flat,74.0,,,2,1,,False,,False,,,,,renew,False,,,,,,,,,,,,,True,,bj,
107176919,https://www.idealista.com/inmueble/107176919/,sale,Córdoba,Córdoba,37.8815956,-4.7756064,False,,,Centro - Casco Histórico,Casco Histórico - Corredera - Ribera,,,,semidetachedHouse,288.0,,,7,3,,False,,False,,,,,renew,,,,,,,,,,,,,,False,,,
110886905,https://www.idealista.com/inmueble/110886905/,sale,Córdoba,Córdoba,37.8998462,-4.7542806,True,,,Levante - Lepanto - Fátima,Fátima - Campiñuela,,,,flat,97.0,,,3,2,,False,,False,,,,,good,True,,,,,,,,,,,,,False,,1,
112330897,https://www.idealista.com/inmueble/112330897/,sale,Córdoba,Córdoba,37.8792818,-4.7921916,False,,,Ciudad Jardín,Ciudad Jardín,,,,flat,57.0,,,3,1,,False,,False,,,,,good,False,,,,,,,,,,,,,False,,3,
112212755,https://www.idealista.com/inmueble/112212755/,sale,Córdoba,Córdoba,37.8980924,-4.7754303,True,,,Santa Rosa - Valdeolleros,Valdeolleros - Zumbacón - Camping,,,,flat,101.0,,,2,2,,False,,False,,,,,good,True,,,,,,,,,,,,,False,,1,
110597742,https://www.idealista.com/inmueble/110597742/,sale,Córdoba,Córdoba,37.8827892,-4.7720869,False,,,Centro - Casco Histórico,Casco Histórico - Corredera - Ribera,,,,flat,114.0,,,3,2,,False,,False,,,,,renew,False,,,,,,,,,,,,,False,,1,
111344736,https://www.idealista.com/inmueble/111344736/,sale,Córdoba,Córdoba,37.8903097,-4.7614648,False,,,Levante - Lepanto - Fátima,La Viñuela,,,,flat,67.0,,,3,1,,False,,False,,,,,renew,False,,,,,,,,,,,,,False,,bj,
111866693,https://www.idealista.com/inmueble/111866693/,sale,Córdoba,Córdoba,37.8946858,-4.760029,False,,,Levante - Lepanto - Fátima,Levante,,,,flat,85.0,,,4,1,,False,,False,,,,,good,False,,,,,,,,,,,,,False,,2,
110967367,https://www.idealista.com/inmueble/110967367/,sale,Córdoba,Córdoba,37.8846913,-4.7773037,True,,,Centro - Casco Histórico,Casco Histórico - Corredera - Ribera,,,,flat,101.0,,,2,2,,False,,False,,,,,good,False,,,,,,,,,,,,,False,,2,
110332329,https://www.idealista.com/inmueble/110332329/,sale,Córdoba,Córdoba,37.8875521,-4.759151,True,,,Fuensanta - Zona Arcángel,Cañero - Fidiana,,,,independantHouse,58.0,,,2,1,,False,,False,,,,,good,,,,,,,,,,,,,,False,,,
112205249,https://www.idealista.com/inmueble/112205249/,sale,Córdoba,Córdoba,37.8812268,-4.7885178,True,,,Ciudad Jardín,Ciudad Jardín,,,,flat,78.0,,,3,1,,False,,False,,,,,good,True,,,,,,,,,,,,,False,,bj,
112358233,https://www.idealista.com/inmueble/112358233/,sale,Córdoba,Córdoba,37.8988432,-4.7627381,True,,,Levante - Lepanto - Fátima,Fátima - Campiñuela,,,,flat,38.0,,,1,1,,False,,False,,,,,good,False,,,,,,,,,,,,,False,,,
112105171,https://www.idealista.com/inmueble/112105171/,sale,Córdoba,Córdoba,37.8628879,-4.7761517,False,,,Sector sur - Santa Cruz,Sector sur - Santa Cruz,,,,flat,57.0,,,3,1,,False,,False,,,,,good,True,,,,,,,,,,,,,False,,bj,
112035115,https://www.idealista.com/inmueble/112035115/,sale,Córdoba,Córdoba,37.8863847,-4.7749026,True,,,Centro - Casco Histórico,Casco Histórico - Ollerías - Marrubial,,,,penthouse,78.0,,,3,1,,False,,False,,,,,good,False,,,,,,,,,,,,,False,,3,
111398101,https://www.idealista.com/inmueble/111398101/,sale,Córdoba,Córdoba,37.8969372,-4.7504259,True,,,Levante - Lepanto - Fátima,Fátima - Campiñuela,,,,flat,46.0,,,2,1,,False,,False,,,,,good,False,,,,,,,,,,,,,False,,bj,
111471078,https://www.idealista.com/inmueble/111471078/,sale,Córdoba,Córdoba,37.8797743,-4.7823873,True,,,Centro - Casco Histórico,Judería - San Basilio,,,,flat,54.0,,,2,1,,False,,False,,,,,good,False,,,,,,,,,,,,,False,,1,
111336993,https://www.idealista.com/inmueble/111336993/,sale,Córdoba,Córdoba,37.8664856,-4.7767538,True,,,Sector sur - Santa Cruz,Sector sur - Santa Cruz,,,,flat,57.0,,,3,1,,False,,False,,,,,good,False,,,,,,,,,,,,,False,,1,
112322658,https://www.idealista.com/inmueble/112322658/,sale,Córdoba,Córdoba,37.8613888,-4.7765436,True,,,Sector sur - Santa Cruz,Sector sur - Santa Cruz,,,,flat,57.0,,,2,1,,False,,False,,,,,good,True,,,,,,,,,,,,,False,,4,
111405616,https://www.idealista.com/inmueble/111405616/,sale,Córdoba,Córdoba,37.8747104,-4.7727707,True,,,Campo de la Verdad,Campo de la Verdad,,,,flat,106.0,,,3,2,,False,,False,,,,,good,False,,,,,,,,,,,,,False,,3,
112267565,https://www.idealista.com/inmueble/112267565/,sale,Córdoba,Córdoba,37.8969438,-4.7698857,False,,,Santa Rosa - Valdeolleros,Valdeolleros - Zumbacón - Camping,,,,independantHouse,141.0,,,3,2,,False,,False,,,,,good,,,,,,,,,,,,,,True,,,
109074553,https://www.idealista.com/inmueble/109074553/,sale,Córdoba,Córdoba,37.9176705,-4.793662,True,,,Brillante - Trassierra - Naranjo,Brillante,,,,independantHouse,648.0,,,6,6,,False,,False,,,,,good,,,,,,,,,,,,,,True,,,
88730464,https://www.idealista.com/inmueble/88730464/,sale,Córdoba,Córdoba,37.8872261,-4.7848122,True,,,Centro - Casco Histórico,Centro,,,,flat,300.0,,,5,4,,False,,False,,,,,good,True,,,,,,,,,,,,,True,,4,
112329393,https://www.idealista.com/inmueble/112329393/,sale,Córdoba,Córdoba,37.88811,-4.7746639,True,,,Centro - Casco Histórico,Casco Histórico - Ollerías - Marrubial,,,,flat,57.0,,,2,1,,False,,False,,,,,good,False,,,,,,,,,,,,,True,,1,
109708331,https://www.idealista.com/inmueble/109708331/,sale,Córdoba,Córdoba,37.866263,-4.7788644,True,,,Sector sur - Santa Cruz,Sector sur - Santa Cruz,,,,flat,65.0,,,3,1,,False,,False,,,,,renew,False,,,,,,,,,,,,,False,,,
110332326,https://www.idealista.com/inmueble/110332326/,sale,Córdoba,Córdoba,37.885854,-4.7564471,True,,,Fuensanta - Zona Arcángel,Cañero - Fidiana,,,,independantHouse,58.0,,,2,1,,False,,False,,,,,good,,,,,,,,,,,,,,False,,,
108644251,https://www.idealista.com/inmueble/108644251/,sale,Córdoba,Córdoba,37.8887303,-4.7799235,False,,,Centro - Casco Histórico,Centro,,,,flat,241.0,,,4,3,,False,,False,,,,,good,True,,,,,,,,,,,,,False,,1,
109601218,https://www.idealista.com/inmueble/109601218/,sale,Córdoba,Córdoba,37.8695607,-4.7773954,True,,,Sector sur - Santa Cruz,Sector sur - Santa Cruz,,,,flat,69.0,,,3,1,,False,,False,,,,,good,,,,,,,,,,,,,,False,,,
112110189,https://www.idealista.com/inmueble/112110189/,sale,Córdoba,Córdoba,37.895227,-4.7845016,True,,,Santa Rosa - Valdeolleros,Huerta de la Reina,,,,flat,112.0,,,4,2,,False,,False,,,,,good,,,,,,,,,,,,,,False,,,
111884176,https://www.idealista.com/inmueble/111884176/,sale,Córdoba,Córdoba,37.8971261,-4.8109551,True,,,Noreña - Figueroa,Tablero,,,,terracedHouse,140.0,,,4,3,,False,,False,,,,,good,,,,,,,,,,,,,,True,,,
111328162,https://www.idealista.com/inmueble/111328162/,sale,Córdoba,Córdoba,37.8945627,-4.77678,True,,,Santa Rosa - Valdeolleros,Santa Rosa - San José,,,,studio,50.0,,,0,1,,False,,True,,,,,good,False,,,,,,,,,,,,,False,,bj,
110834928,https://www.idealista.com/inmueble/110834928/,sale,Córdoba,Córdoba,37.8837337,-4.7778604,True,,,Centro - Casco Histórico,Centro,,,,flat,125.0,,,2,2,,False,,False,,,,,good,False,,,,,,,,,,,,,False,,bj,
112317764,https://www.idealista.com/inmueble/112317764/,sale,Córdoba,Córdoba,37.8805385,-4.8152002,False,,,Noreña - Figueroa,Miralbaida - Parque Azahara,,,,flat,75.0,,,2,1,,False,,False,,,,,good,True,,,,,,,,,,,,,False,,bj,
110982730,https://www.idealista.com/inmueble/110982730/,sale,Córdoba,Córdoba,37.8875981,-4.8081705,True,,,Noreña - Figueroa,Noreña - Turruñuelos,,,,flat,111.0,,,3,2,,False,,False,,,,,good,True,,,,,,,,,,,,,True,,5,
108419702,https://www.idealista.com/inmueble/108419702/,sale,Córdoba,Córdoba,37.8947698,-4.8128785,True,,,Noreña - Figueroa,Noreña - Turruñuelos,,,,independantHouse,400.0,,,5,4,,False,,False,,,,,good,,,,,,,,,,,,,,True,,,
100422655,https://www.idealista.com/inmueble/100422655/,sale,Córdoba,Córdoba,37.8946807,-4.8051305,True,,,Noreña - Figueroa,Tablero,,,,penthouse,133.0,,,4,2,,False,,False,,,,,good,True,,,,,,,,,,,,,True,,5,
108688656,https://www.idealista.com/inmueble/108688656/,sale,Córdoba,Córdoba,37.8863482,-4.7819528,True,,,Centro - Casco Histórico,Centro,,,,flat,300.0,,,7,0,,False,,False,,,,,renew,True,,,,,,,,,,,,,False,,2,
111774608,https://www.idealista.com/inmueble/111774608/,sale,Córdoba,Córdoba,37.8824995,-4.7913759,True,,,Ciudad Jardín,Ciudad Jardín,,,,flat,55.0,,,2,1,,False,,False,,,,,good,True,,,,,,,,,,,,,False,,1,
109628586,https://www.idealista.com/inmueble/109628586/,sale,Córdoba,Córdoba,37.8836647,-4.7801076,True,,,Centro - Casco Histórico,Centro,,,,independantHouse,365.0,,,7,3,,False,,False,,,,,good,,,,,,,,,,,,,,False,,,
112050546,https://www.idealista.com/inmueble/112050546/,sale,Córdoba,Córdoba,37.8740193,-4.774922,True,,,Sector sur - Santa Cruz,Sector sur - Santa Cruz,,,,flat,74.0,,,3,1,,False,,False,,,,,good,False,,,,,,,,,,,,,False,,2,
111542536,https://www.idealista.com/inmueble/111542536/,sale,Córdoba,Córdoba,37.8955115,-4.7989276,True,,,Noreña - Figueroa,Tablero,,,,flat,137.0,,,3,2,,False,,False,,,,,good,True,,,,,,,,,,,,,True,,,
111208524,https://www.idealista.com/inmueble/111208524/,sale,Córdoba,Córdoba,37.8656635,-4.7709415,False,,,Campo de la Verdad,Campo de la Verdad,,,,terracedHouse,84.0,,,2,2,,False,,False,,,,,good,,,,,,,,,,,,,,False,,,
109993518,https://www.idealista.com/inmueble/109993518/,sale,Córdoba,Córdoba,37.9024261,-4.7908918,True,,,Brillante - Trassierra - Naranjo,Brillante,,,,independantHouse,650.0,,,5,5,,False,,False,,,,,good,,,,,,,,,,,,,,True,,,
112094503,https://www.idealista.com/inmueble/112094503/,sale,Córdoba,Córdoba,37.8819254,-4.7824075,True,,,Centro - Casco Histórico,Judería - San Basilio,,,,flat,44.0,,,1,1,,False,,False,,,,,good,False,,,,,,,,,,,,,False,,1,
111645451,https://www.idealista.com/inmueble/111645451/,sale,Córdoba,Córdoba,37.9005435,-4.7762023,True,,,Santa Rosa - Valdeolleros,Valdeolleros - Zumbacón - Camping,,,,flat,81.0,,,3,1,,False,,False,,,,,good,True,,,,,,,,,,,,,False,,bj,
111446438,https://www.idealista.com/inmueble/111446438/,sale,Córdoba,Córdoba,37.8791683,-4.7804269,True,,,Centro - Casco Histórico,Judería - San Basilio,,,,flat,150.0,,,8,8,,False,,False,,,,,renew,False,,,,,,,,,,,,,False,,1,
112019430,https://www.idealista.com/inmueble/112019430/,sale,Córdoba,Córdoba,37.9212346,-4.7894837,True,,,Brillante - Trassierra - Naranjo,Brillante,,,,casale,6000.0,,,5,3,,False,,False,,,,,good,,,,,,,,,,,,,,True,,,
111326400,https://www.idealista.com/inmueble/111326400/,sale,Córdoba,Córdoba,37.8858076,-4.8068715,True,,,Noreña - Figueroa,Noreña - Turruñuelos,,,,flat,111.0,,,3,2,,False,,False,,,,,good,True,,,,,,,,,,,,,True,,5,
111076270,https://www.idealista.com/inmueble/111076270/,sale,Córdoba,Córdoba,37.888261,-4.7594018,True,,,Fuensanta - Zona Arcángel,Cañero - Fidiana,,,,independantHouse,58.0,,,2,1,,False,,False,,,,,good,,,,,,,,,,,,,,False,,,
107850262,https://www.idealista.com/inmueble/107850262/,sale,Córdoba,Córdoba,37.8912163,-4.7875426,False,,,Santa Rosa - Valdeolleros,Huerta de la Reina,,,,flat,91.0,,,2,1,,False,,False,,,,,good,False,,,,,,,,,,,,,False,,en,
111338204,https://www.idealista.com/inmueble/111338204/,sale,Córdoba,Córdoba,37.8877367,-4.7725067,True,,,Centro - Casco Histórico,Casco Histórico - Ollerías - Marrubial,,,,independantHouse,181.0,,,3,1,,False,,False,,,,,good,,,,,,,,,,,,,,True,,,
111180198,https://www.idealista.com/inmueble/111180198/,sale,Córdoba,Córdoba,37.919368,-4.7985587,True,,,Brillante - Trassierra - Naranjo,Brillante,,,,terracedHouse,287.0,,,3,3,,False,,False,,,,,good,,,,,,,,,,,,,,True,,,
112302191,https://www.idealista.com/inmueble/112302191/,sale,Córdoba,Córdoba,37.9089284,-4.78179,False,,,Brillante - Trassierra - Naranjo,Brillante,,,,flat,73.0,,,2,1,,False,,False,,,,,good,False,,,,,,,,,,,,,False,,2,
111636189,https://www.idealista.com/inmueble/111636189/,sale,Córdoba,Córdoba,37.8717091,-4.7752695,True,,,Campo de la Verdad,Campo de la Verdad,,,,independantHouse,65.0,,,2,1,,False,,False,,,,,renew,,,,,,,,,,,,,,False,,,
111716140,https://www.idealista.com/inmueble/111716140/,sale,Córdoba,Córdoba,37.8862566,-4.7760862,True,,,Centro - Casco Histórico,Centro,,,,flat,125.0,,,2,2,,False,,False,,,,,good,False,,,,,,,,,,,,,False,,bj,
109069122,https://www.idealista.com/inmueble/109069122/,sale,Córdoba,Córdoba,37.9182977,-4.7921265,True,,,Brillante - Trassierra - Naranjo,Brillante,,,,independantHouse,648.0,,,6,6,,False,,False,,,,,good,,,,,,,,,,,,,,True,,,
111209066,https://www.idealista.com/inmueble/111209066/,sale,Córdoba,Córdoba,37.8813793,-4.8156152,False,,,Noreña - Figueroa,Miralbaida - Parque Azahara,,,,flat,85.0,,,3,1,,False,,False,,,,,good,False,,,,,,,,,,,,,False,,3,
109927065,https://www.idealista.com/inmueble/109927065/,sale,Córdoba,Córdoba,37.8667122,-4.7809742,True,,,Sector sur - Santa Cruz,Sector sur - Santa Cruz,,,,independantHouse,265.0,,,4,3,,False,,False,,,,,good,,,,,,,,,,,,,,True,,,
112024020,https://www.idealista.com/inmueble/112024020/,sale,Córdoba,Córdoba,37.8882958,-4.7734238,True,,,Centro - Casco Histórico,Casco Histórico - Ollerías - Marrubial,,,,flat,57.0,,,2,1,,False,,False,,,,,good,False,,,,,,,,,,,,,True,,1,
111987935,https://www.idealista.com/inmueble/111987935/,sale,Córdoba,Córdoba,37.8892328,-4.7531454,True,,,Fuensanta - Zona Arcángel,Cañero - Fidiana,,,,independantHouse,97.0,,,3,1,,False,,False,,,,,renew,,,,,,,,,,,,,,False,,,
111716935,https://www.idealista.com/inmueble/111716935/,sale,Córdoba,Córdoba,37.8750564,-4.7936887,True,,,Zoco - Poniente - Vistalegre,Vistalegre - Parque Cruz - Universidades,,,,flat,184.0,,,5,2,,False,,False,,,,,good,True,,,,,,,,,,,,,True,,1,
111499926,https://www.idealista.com/inmueble/111499926/,sale,Córdoba,Córdoba,37.8864486,-4.7719562,True,,,Centro - Casco Histórico,Casco Histórico - Corredera - Ribera,,,,independantHouse,223.0,,,5,3,,False,,False,,,,,good,,,,,,,,,,,,,,True,,,
112322879,https://www.idealista.com/inmueble/112322879/,sale,Córdoba,Córdoba,37.8994133,-4.7575189,True,,,Levante - Lepanto - Fátima,Fátima - Campiñuela,,,,studio,42.0,,,0,1,,False,,True,,,,,good,False,,,,,,,,,,,,,False,,,
108517815,https://www.idealista.com/inmueble/108517815/,sale,Córdoba,Córdoba,37.8778916,-4.7929566,True,,,Ciudad Jardín,Ciudad Jardín,,,,studio,38.0,,,0,1,,False,,True,,,,,good,False,,,,,,,,,,,,,False,,,
108517808,https://www.idealista.com/inmueble/108517808/,sale,Córdoba,Córdoba,37.8797613,-4.7898627,True,,,Ciudad Jardín,Ciudad Jardín,,,,studio,39.0,,,0,1,,False,,True,,,,,good,False,,,,,,,,,,,,,False,,,
111796764,https://www.idealista.com/inmueble/111796764/,sale,Córdoba,Córdoba,37.8925909,-4.80996,True,,,Noreña - Figueroa,Noreña - Turruñuelos,,,,flat,104.0,,,3,2,,False,,False,,,,,good,True,,,,,,,,,,,,,True,,bj,
111630739,https://www.idealista.com/inmueble/111630739/,sale,Córdoba,Córdoba,37.8886975,-4.8072976,True,,,Noreña - Figueroa,Noreña - Turruñuelos,,,,flat,111.0,,,3,2,,False,,False,,,,,good,True,,,,,,,,,,,,,True,,5,
111900727,https://www.idealista.com/inmueble/111900727/,sale,Córdoba,Córdoba,37.8991728,-4.7788906,True,,,Santa Rosa - Valdeolleros,Valdeolleros - Zumbacón - Camping,,,,flat,81.0,,,3,1,,False,,False,,,,,good,True,,,,,,,,,,,,,False,,bj,
110364652,https://www.idealista.com/inmueble/110364652/,sale,Córdoba,Córdoba,37.8869317,-4.7562653,True,,,Fuensanta - Zona Arcángel,Cañero - Fidiana,,,,independantHouse,58.0,,,2,1,,False,,False,,,,,good,,,,,,,,,,,,,,False,,,
111452650,https://www.idealista.com/inmueble/111452650/,sale,Córdoba,Córdoba,37.8836039,-4.7731957,True,,,Centro - Casco Histórico,Casco Histórico - Corredera - Ribera,,,,flat,109.0,,,2,2,,False,,False,,,,,good,False,,,,,,,,,,,,,False,,1,
112072617,https://www.idealista.com/inmueble/112072617/,sale,Córdoba,Córdoba,37.9189495,-4.7975693,True,,,Brillante - Trassierra - Naranjo,Brillante,,,,terracedHouse,200.0,,,4,5,,False,,False,,,,,good,,,,,,,,,,,,,,False,,,
110793597,https://www.idealista.com/inmueble/110793597/,sale,Córdoba,Córdoba,37.8914422,-4.7635132,False,,,Levante - Lepanto - Fátima,La Viñuela,,,,flat,67.0,,,2,1,,False,,False,,,,,renew,False,,,,,,,,,,,,,False,,4,
111640562,https://www.idealista.com/inmueble/111640562/,sale,Córdoba,Córdoba,37.9004431,-4.7763207,True,,,Santa Rosa - Valdeolleros,Valdeolleros - Zumbacón - Camping,,,,flat,81.0,,,3,1,,False,,False,,,,,good,True,,,,,,,,,,,,,False,,bj,
111110535,https://www.idealista.com/inmueble/111110535/,sale,Córdoba,Córdoba,37.902941,-4.8037153,False,,,Noreña - Figueroa,Tablero,,,,flat,107.0,,,2,2,,False,,False,,,,,good,True,,,,,,,,,,,,,True,,1,
87575521,https://www.idealista.com/inmueble/87575521/,sale,Córdoba,Córdoba,37.8972135,-4.7982499,False,,,Noreña - Figueroa,Tablero,,,,flat,130.0,,,3,2,,False,,False,,,,,good,True,,,,,,,,,,,,,True,,bj,
112329512,https://www.idealista.com/inmueble/112329512/,sale,Córdoba,Córdoba,37.8619339,-4.7782443,True,,,Sector sur - Santa Cruz,Sector sur - Santa Cruz,,,,flat,57.0,,,2,1,,False,,False,,,,,good,True,,,,,,,,,,,,,False,,4,
111640488,https://www.idealista.com/inmueble/111640488/,sale,Córdoba,Córdoba,37.8999023,-4.7756514,True,,,Santa Rosa - Valdeolleros,Valdeolleros - Zumbacón - Camping,,,,flat,81.0,,,3,1,,False,,False,,,,,good,True,,,,,,,,,,,,,False,,bj,
112121487,https://www.idealista.com/inmueble/112121487/,sale,Córdoba,Córdoba,37.8850702,-4.7782566,True,,,Centro - Casco Histórico,Centro,,,,independantHouse,186.0,,,3,2,,False,,False,,,,,good,,,,,,,,,,,,,,True,,,
111672482,https://www.idealista.com/inmueble/111672482/,sale,Córdoba,Córdoba,37.9029323,-4.8082029,False,,,Noreña - Figueroa,Tablero,,,,flat,104.0,,,2,2,,False,,False,,,,,good,True,,,,,,,,,,,,,True,,1,
112329381,https://www.idealista.com/inmueble/112329381/,sale,Córdoba,Córdoba,37.897144,-4.7879979,True,,,Santa Rosa - Valdeolleros,Huerta de la Reina,,,,flat,65.0,,,2,1,,False,,False,,,,,good,False,,,,,,,,,,,,,False,,2,
111360374,https://www.idealista.com/inmueble/111360374/,sale,Córdoba,Córdoba,37.8846246,-4.792188,True,,,Ciudad Jardín,Ciudad Jardín,,,,flat,87.0,,,3,1,,False,,False,,,,,good,True,,,,,,,,,,,,,False,,1,
111911358,https://www.idealista.com/inmueble/111911358/,sale,Córdoba,Córdoba,37.8815009,-4.7561577,True,,,Fuensanta - Zona Arcángel,Fuensanta - Arcángel - Santuario,,,,flat,72.0,,,3,1,,False,,False,,,,,good,True,,,,,,,,,,,,,False,,2,
112021338,https://www.idealista.com/inmueble/112021338/,sale,Córdoba,Córdoba,37.8809791,-4.7724567,True,,,Centro - Casco Histórico,Casco Histórico - Corredera - Ribera,,,,flat,43.0,,,1,1,,False,,False,,,,,good,False,,,,,,,,,,,,,False,,bj,
110017243,https://www.idealista.com/inmueble/110017243/,sale,Córdoba,Córdoba,37.891789,-4.7759749,True,,,Centro - Casco Histórico,Casco Histórico - Ollerías - Marrubial,,,,flat,97.0,,,4,1,,False,,False,,,,,good,False,,,,,,,,,,,,,True,,2,
107029235,https://www.idealista.com/inmueble/107029235/,sale,Córdoba,Córdoba,37.9087399,-4.7803334,True,,,Brillante - Trassierra - Naranjo,Naranjo - Mirabueno,,,,independantHouse,162.0,,,4,2,,False,,False,,,,,good,,,,,,,,,,,,,,True,,,
111452220,https://www.idealista.com/inmueble/111452220/,sale,Córdoba,Córdoba,37.8837874,-4.7692427,True,,,Centro - Casco Histórico,Casco Histórico - Corredera - Ribera,,,,flat,109.0,,,2,2,,False,,False,,,,,good,False,,,,,,,,,,,,,False,,1,
111427216,https://www.idealista.com/inmueble/111427216/,sale,Córdoba,Córdoba,37.8758743,-4.7755592,True,,,Campo de la Verdad,Campo de la Verdad,,,,independantHouse,120.0,,,3,2,,False,,False,,,,,good,,,,,,,,,,,,,,True,,,
111692155,https://www.idealista.com/inmueble/111692155/,sale,Córdoba,Córdoba,37.8765822,-4.7916115,True,,,Zoco - Poniente - Vistalegre,Vistalegre - Parque Cruz - Universidades,,,,flat,184.0,,,5,2,,False,,False,,,,,good,True,,,,,,,,,,,,,True,,1,
111919122,https://www.idealista.com/inmueble/111919122/,sale,Córdoba,Córdoba,37.8974664,-4.7796239,True,,,Santa Rosa - Valdeolleros,Valdeolleros - Zumbacón - Camping,,,,flat,67.0,,,3,1,,False,,False,,,,,good,False,,,,,,,,,,,,,False,,3,
111898103,https://www.idealista.com/inmueble/111898103/,sale,Córdoba,Córdoba,37.8830521,-4.78398,True,,,Centro - Casco Histórico,Centro,,,,flat,235.0,,,3,4,,False,,False,,,,,good,True,,,,,,,,,,,,,True,,,
111821081,https://www.idealista.com/inmueble/111821081/,sale,Córdoba,Córdoba,37.8826923,-4.7927158,True,,,Ciudad Jardín,Ciudad Jardín,,,,flat,55.0,,,2,1,,False,,False,,,,,good,True,,,,,,,,,,,,,False,,1,
102004081,https://www.idealista.com/inmueble/102004081/,sale,Córdoba,Córdoba,37.8673241,-4.7730153,True,,,Campo de la Verdad,Campo de la Verdad,,,,chalet,42.0,,,2,1,,False,,False,,,,,good,,,,,,,,,,,,,,False,,,
111932038,https://www.idealista.com/inmueble/111932038/,sale,Córdoba,Córdoba,37.8921185,-4.7586286,False,,,Levante - Lepanto - Fátima,La Viñuela,,,,flat,113.0,,,4,1,,False,,False,,,,,renew,False,,,,,,,,,,,,,False,,1,
111767008,https://www.idealista.com/inmueble/111767008/,sale,Córdoba,Córdoba,37.8912365,-4.793814,True,,,Noreña - Figueroa,Carretera Trassierra - Colonia de la Paz,,,,independantHouse,176.0,,,4,2,,False,,False,,,,,good,,,,,,,,,,,,,,False,,,
111203009,https://www.idealista.com/inmueble/111203009/,sale,Córdoba,Córdoba,37.8800058,-4.7826096,True,,,Centro - Casco Histórico,Judería - San Basilio,,,,flat,150.0,,,8,8,,False,,False,,,,,renew,False,,,,,,,,,,,,,False,,1,
112300984,https://www.idealista.com/inmueble/112300984/,sale,Córdoba,Córdoba,37.905858,-4.7936386,True,,,Noreña - Figueroa,Tablero,,,,flat,126.0,,,3,2,,False,,False,,,,,good,True,,,,,,,,,,,,,True,,3,
111707907,https://www.idealista.com/inmueble/111707907/,sale,Córdoba,Córdoba,37.8958537,-4.7756532,True,,,Santa Rosa - Valdeolleros,Santa Rosa - San José,,,,flat,50.0,,,1,1,,False,,False,,,,,good,True,,,,,,,,,,,,,False,,bj,
111691903,https://www.idealista.com/inmueble/111691903/,sale,Córdoba,Córdoba,37.879442,-4.780389,True,,,Centro - Casco Histórico,Judería - San Basilio,,,,flat,150.0,,,8,8,,False,,False,,,,,renew,False,,,,,,,,,,,,,False,,1,
111528899,https://www.idealista.com/inmueble/111528899/,sale,Córdoba,Córdoba,37.8743673,-4.7924627,True,,,Zoco - Poniente - Vistalegre,Vistalegre - Parque Cruz - Universidades,,,,flat,184.0,,,5,2,,False,,False,,,,,good,True,,,,,,,,,,,,,True,,1,
111527843,https://www.idealista.com/inmueble/111527843/,sale,Córdoba,Córdoba,37.8743741,-4.7911544,True,,,Zoco - Poniente - Vistalegre,Vistalegre - Parque Cruz - Universidades,,,,flat,184.0,,,5,2,,False,,False,,,,,good,True,,,,,,,,,,,,,True,,1,
112005806,https://www.idealista.com/inmueble/112005806/,sale,Córdoba,Córdoba,37.8822083,-4.7710686,True,,,Centro - Casco Histórico,Casco Histórico - Corredera - Ribera,,,,flat,109.0,,,2,2,,False,,False,,,,,good,False,,,,,,,,,,,,,False,,1,
111671785,https://www.idealista.com/inmueble/111671785/,sale,Córdoba,Córdoba,37.8951919,-4.7727821,True,,,Centro - Casco Histórico,San Cayetano,,,,independantHouse,147.0,,,3,2,,False,,False,,,,,good,,,,,,,,,,,,,,False,,,
111504774,https://www.idealista.com/inmueble/111504774/,sale,Córdoba,Córdoba,37.8823078,-4.7709983,True,,,Centro - Casco Histórico,Casco Histórico - Corredera - Ribera,,,,flat,109.0,,,2,2,,False,,False,,,,,good,False,,,,,,,,,,,,,False,,1,
112330744,https://www.idealista.com/inmueble/112330744/,sale,Córdoba,Córdoba,37.8883652,-4.7685634,True,,,Centro - Casco Histórico,Casco Histórico - Ollerías - Marrubial,,,,independantHouse,520.0,,,8,1,,False,,False,,,,,renew,,,,,,,,,,,,,,False,,,
112026745,https://www.idealista.com/inmueble/112026745/,sale,Córdoba,Córdoba,37.9089967,-4.7806646,True,,,Brillante - Trassierra - Naranjo,Naranjo - Mirabueno,,,,flat,102.0,,,3,3,,False,,False,,,,,good,False,,,,,,,,,,,,,False,,1,
111273743,https://www.idealista.com/inmueble/111273743/,sale,Córdoba,Córdoba,37.8815226,-4.7719841,False,,,Centro - Casco Histórico,Casco Histórico - Corredera - Ribera,,,,independantHouse,250.0,,,3,2,,False,,False,,,,,renew,,,,,,,,,,,,,,False,,,
111886729,https://www.idealista.com/inmueble/111886729/,sale,Córdoba,Córdoba,37.8956596,-4.7779535,True,,,Santa Rosa - Valdeolleros,Valdeolleros - Zumbacón - Camping,,,,flat,80.0,,,4,1,,False,,False,,,,,good,False,,,,,,,,,,,,,False,,2,
109925732,https://www.idealista.com/inmueble/109925732/,sale,Córdoba,Córdoba,37.8842233,-4.7687551,True,,,Centro - Casco Histórico,Casco Histórico - Corredera - Ribera,,,,terracedHouse,114.0,,,3,2,,False,,False,,,,,good,,,,,,,,,,,,,,False,,,
112155700,https://www.idealista.com/inmueble/112155700/,sale,Córdoba,Córdoba,37.8968971,-4.7794025,True,,,Santa Rosa - Valdeolleros,Valdeolleros - Zumbacón - Camping,,,,flat,67.0,,,3,1,,False,,False,,,,,good,False,,,,,,,,,,,,,False,,3,
111644648,https://www.idealista.com/inmueble/111644648/,sale,Córdoba,Córdoba,37.9003968,-4.7768258,True,,,Santa Rosa - Valdeolleros,Valdeolleros - Zumbacón - Camping,,,,flat,81.0,,,3,1,,False,,False,,,,,good,True,,,,,,,,,,,,,False,,bj,
111284644,https://www.idealista.com/inmueble/111284644/,sale,Córdoba,Córdoba,37.8952199,-4.7738241,True,,,Santa Rosa - Valdeolleros,Valdeolleros - Zumbacón - Camping,,,,flat,103.0,,,3,1,,False,,False,,,,,good,True,,,,,,,,,,,,,False,,1,
111184603,https://www.idealista.com/inmueble/111184603/,sale,Córdoba,Córdoba,37.9186504,-4.7955724,True,,,Brillante - Trassierra - Naranjo,Brillante,,,,terracedHouse,287.0,,,3,3,,False,,False,,,,,good,,,,,,,,,,,,,,True,,,
111348525,https://www.idealista.com/inmueble/111348525/,sale,Córdoba,Córdoba,37.8979669,-4.8090056,True,,,Noreña - Figueroa,Tablero,,,,terracedHouse,138.0,,,6,8,,False,,False,,,,,good,,,,,,,,,,,,,,True,,,
106943503,https://www.idealista.com/inmueble/106943503/,sale,Córdoba,Córdoba,37.8965788,-4.8125358,True,,,Noreña - Figueroa,Tablero,,,,terracedHouse,200.0,,,5,2,,False,,False,,,,,good,,,,,,,,,,,,,,False,,,
110158492,https://www.idealista.com/inmueble/110158492/,sale,Córdoba,Córdoba,37.8844353,-4.7812457,True,,,Centro - Casco Histórico,Centro,,,,flat,189.0,,,6,3,,False,,False,,,,,good,True,,,,,,,,,,,,,True,,2,
112354459,https://www.idealista.com/inmueble/112354459/,sale,Córdoba,Córdoba,37.8920097,-4.7931334,True,,,Noreña - Figueroa,Carretera Trassierra - Colonia de la Paz,,,,flat,86.0,,,3,1,,False,,False,,,,,good,True,,,,,,,,,,,,,False,,1,
111460413,https://www.idealista.com/inmueble/111460413/,sale,Córdoba,Córdoba,37.8850293,-4.7706704,True,,,Centro - Casco Histórico,Casco Histórico - Corredera - Ribera,,,,flat,109.0,,,2,2,,False,,False,,,,,good,False,,,,,,,,,,,,,False,,1,
112018362,https://www.idealista.com/inmueble/112018362/,sale,Córdoba,Córdoba,37.8808116,-4.7715016,True,,,Centro - Casco Histórico,Casco Histórico - Corredera - Ribera,,,,flat,42.0,,,1,1,,False,,False,,,,,good,False,,,,,,,,,,,,,False,,bj,
111917347,https://www.idealista.com/inmueble/111917347/,sale,Córdoba,Córdoba,37.8990192,-4.7774544,True,,,Santa Rosa - Valdeolleros,Valdeolleros - Zumbacón - Camping,,,,flat,67.0,,,3,1,,False,,False,,,,,good,False,,,,,,,,,,,,,False,,3,
111671329,https://www.idealista.com/inmueble/111671329/,sale,Córdoba,Córdoba,37.8831094,-4.7716307,True,,,Centro - Casco Histórico,Casco Histórico - Corredera - Ribera,,,,flat,49.0,,,1,1,,False,,False,,,,,good,False,,,,,,,,,,,,,False,,bj,
111191325,https://www.idealista.com/inmueble/111191325/,sale,Córdoba,Córdoba,37.8955172,-4.7740912,True,,,Santa Rosa - Valdeolleros,Valdeolleros - Zumbacón - Camping,,,,flat,103.0,,,4,1,,False,,False,,,,,good,True,,,,,,,,,,,,,False,,1,
111912310,https://www.idealista.com/inmueble/111912310/,sale,Córdoba,Córdoba,37.8975925,-4.7766487,True,,,Santa Rosa - Valdeolleros,Valdeolleros - Zumbacón - Camping,,,,flat,81.0,,,3,1,,False,,False,,,,,good,True,,,,,,,,,,,,,False,,bj,
112316281,https://www.idealista.com/inmueble/112316281/,sale,Córdoba,Córdoba,37.8912311,-4.7842391,True,,,Centro - Casco Histórico,El Vial - Ronda de Tejares,,,,flat,115.0,,,3,2,,False,,False,,,,,good,True,,,,,,,,,,,,,False,,7,
112327206,https://www.idealista.com/inmueble/112327206/,sale,Córdoba,Córdoba,37.891372,-4.7649197,True,,,Levante - Lepanto - Fátima,La Viñuela,,,,flat,84.0,,,3,1,,False,,False,,,,,renew,True,,,,,,,,,,,,,False,,4,
111180185,https://www.idealista.com/inmueble/111180185/,sale,Córdoba,Córdoba,37.920173,-4.7980324,True,,,Brillante - Trassierra - Naranjo,Brillante,,,,terracedHouse,287.0,,,3,3,,False,,False,,,,,good,,,,,,,,,,,,,,True,,,
112023161,https://www.idealista.com/inmueble/112023161/,sale,Córdoba,Córdoba,37.9115698,-4.7808631,True,,,Brillante - Trassierra - Naranjo,Naranjo - Mirabueno,,,,flat,98.0,,,2,3,,False,,False,,,,,good,False,,,,,,,,,,,,,False,,ss,
109807137,https://www.idealista.com/inmueble/109807137/,sale,Córdoba,Córdoba,37.8911363,-4.7858747,True,,,Centro - Casco Histórico,El Vial - Ronda de Tejares,,,,flat,108.0,,,3,1,,False,,False,,,,,good,True,,,,,,,,,,,,,False,,,
112009131,https://www.idealista.com/inmueble/112009131/,sale,Córdoba,Córdoba,37.9118947,-4.8057168,True,,,Brillante - Trassierra - Naranjo,Brillante,,,,independantHouse,210.0,,,4,3,,False,,False,,,,,renew,,,,,,,,,,,,,,False,,,
111014085,https://www.idealista.com/inmueble/111014085/,sale,Córdoba,Córdoba,37.8891095,-4.783453,True,,,Centro - Casco Histórico,Centro,,,,flat,416.0,,,8,5,,False,,False,,,,,renew,True,,,,,,,,,,,,,True,,3,
111528065,https://www.idealista.com/inmueble/111528065/,sale,Córdoba,Córdoba,37.8756187,-4.7905379,True,,,Zoco - Poniente - Vistalegre,Vistalegre - Parque Cruz - Universidades,,,,flat,184.0,,,5,2,,False,,False,,,,,good,True,,,,,,,,,,,,,True,,1,
111412036,https://www.idealista.com/inmueble/111412036/,sale,Córdoba,Córdoba,37.8972585,-4.771735,True,,,Santa Rosa - Valdeolleros,Valdeolleros - Zumbacón - Camping,,,,penthouse,126.0,,,4,2,,False,,False,,,,,good,True,,,,,,,,,,,,,True,,3,
111250019,https://www.idealista.com/inmueble/111250019/,sale,Córdoba,Córdoba,37.8805861,-4.7661795,True,,,Centro - Casco Histórico,Casco Histórico - Corredera - Ribera,,,,flat,100.0,,,2,2,,False,,False,,,,,good,False,,,,,,,,,,,,,False,,bj,
111316995,https://www.idealista.com/inmueble/111316995/,sale,Córdoba,Córdoba,37.8873818,-4.7915972,True,,,Centro - Casco Histórico,Cercadilla - Medina Azahara,,,,flat,94.0,,,2,1,,False,,False,,,,,good,True,,,,,,,,,,,,,True,,1,
106922988,https://www.idealista.com/inmueble/106922988/,sale,Córdoba,Córdoba,37.89741,-4.8089041,True,,,Noreña - Figueroa,Tablero,,,,terracedHouse,175.0,,,5,3,,False,,False,,,,,good,,,,,,,,,,,,,,True,,,
111031979,https://www.idealista.com/inmueble/111031979/,sale,Córdoba,Córdoba,37.893894,-4.7628612,True,,,Levante - Lepanto - Fátima,Levante,,,,flat,79.0,,,4,1,,False,,False,,,,,good,False,,,,,,,,,,,,,False,,3,
111876961,https://www.idealista.com/inmueble/111876961/,sale,Córdoba,Córdoba,37.8898858,-4.7624723,True,,,Levante - Lepanto - Fátima,La Viñuela,,,,penthouse,80.0,,,3,1,,False,,False,,,,,good,False,,,,,,,,,,,,,False,,4,
110340961,https://www.idealista.com/inmueble/110340961/,sale,Córdoba,Córdoba,37.8855691,-4.7697169,True,,,Centro - Casco Histórico,Casco Histórico - Corredera - Ribera,,,,duplex,151.0,,,4,2,,True,,False,,,,,good,False,,,,,,,,,,,,,False,,,
108002948,https://www.idealista.com/inmueble/108002948/,sale,Córdoba,Córdoba,37.883744,-4.7779922,False,,,Centro - Casco Histórico,Judería - San Basilio,,,,flat,192.0,,,6,3,,False,,False,,,,,good,True,,,,,,,,,,,,,True,,1,
107522931,https://www.idealista.com/inmueble/107522931/,sale,Córdoba,Córdoba,37.8799083,-4.7713997,True,,,Centro - Casco Histórico,Casco Histórico - Corredera - Ribera,,,,duplex,51.0,,,1,1,,True,,False,,,,,good,False,,,,,,,,,,,,,False,,1,
110402917,https://www.idealista.com/inmueble/110402917/,sale,Córdoba,Córdoba,37.8600438,-4.7832691,True,,,Sector sur - Santa Cruz,Sector sur - Santa Cruz,,,,flat,115.0,,,4,2,,False,,False,,,,,renew,False,,,,,,,,,,,,,False,,2,
109890918,https://www.idealista.com/inmueble/109890918/,sale,Córdoba,Córdoba,37.871466,-4.7782114,False,,,Sector sur - Santa Cruz,Sector sur - Santa Cruz,,,,flat,62.0,,,3,1,,False,,False,,,,,good,True,,,,,,,,,,,,,False,,3,
111914912,https://www.idealista.com/inmueble/111914912/,sale,Córdoba,Córdoba,37.8990367,-4.7797104,True,,,Santa Rosa - Valdeolleros,Valdeolleros - Zumbacón - Camping,,,,flat,67.0,,,3,1,,False,,False,,,,,good,False,,,,,,,,,,,,,False,,3,
112043905,https://www.idealista.com/inmueble/112043905/,sale,Córdoba,Córdoba,37.8847923,-4.7608278,True,,,Fuensanta - Zona Arcángel,Fuensanta - Arcángel - Santuario,,,,studio,39.0,,,0,1,,False,,True,,,,,good,False,,,,,,,,,,,,,False,,,
110103866,https://www.idealista.com/inmueble/110103866/,sale,Córdoba,Córdoba,37.8808637,-4.785402,True,,,Centro - Casco Histórico,Judería - San Basilio,,,,penthouse,76.0,,,3,1,,False,,False,,,,,renew,False,,,,,,,,,,,,,False,,2,
109442809,https://www.idealista.com/inmueble/109442809/,sale,Córdoba,Córdoba,37.8797598,-4.7872367,True,,,Ciudad Jardín,Ciudad Jardín,,,,flat,95.0,,,4,1,,False,,False,,,,,good,False,,,,,,,,,,,,,False,,3,
111396750,https://www.idealista.com/inmueble/111396750/,sale,Córdoba,Córdoba,37.8894226,-4.7729307,True,,,Centro - Casco Histórico,Casco Histórico - Ollerías - Marrubial,,,,independantHouse,181.0,,,3,1,,False,,False,,,,,good,,,,,,,,,,,,,,True,,,
111733748,https://www.idealista.com/inmueble/111733748/,sale,Córdoba,Córdoba,37.8858636,-4.7767756,True,,,Centro - Casco Histórico,Centro,,,,independantHouse,186.0,,,3,2,,False,,False,,,,,good,,,,,,,,,,,,,,True,,,
110644738,https://www.idealista.com/inmueble/110644738/,sale,Córdoba,Córdoba,37.8646774,-4.7712865,False,,,Campo de la Verdad,Campo de la Verdad,,,,terracedHouse,159.0,,,3,2,,False,,False,,,,,good,,,,,,,,,,,,,,True,,,
112164725,https://www.idealista.com/inmueble/112164725/,sale,Córdoba,Córdoba,37.865765,-4.7744348,True,,,Sector sur - Santa Cruz,Sector sur - Santa Cruz,,,,flat,55.0,,,3,1,,False,,False,,,,,good,False,,,,,,,,,,,,,False,,1,
111428700,https://www.idealista.com/inmueble/111428700/,sale,Córdoba,Córdoba,37.8976583,-4.7734359,False,,,Santa Rosa - Valdeolleros,Valdeolleros - Zumbacón - Camping,,,,flat,52.0,,,1,1,,False,,False,,,,,good,False,,,,,,,,,,,,,False,,bj,
111183699,https://www.idealista.com/inmueble/111183699/,sale,Córdoba,Córdoba,37.9206819,-4.7984634,True,,,Brillante - Trassierra - Naranjo,Brillante,,,,terracedHouse,287.0,,,3,3,,False,,False,,,,,good,,,,,,,,,,,,,,True,,,
112341670,https://www.idealista.com/inmueble/112341670/,sale,Córdoba,Córdoba,37.8948852,-4.7854014,True,,,Santa Rosa - Valdeolleros,Huerta de la Reina,,,,flat,75.0,,,2,1,,False,,False,,,,,good,False,,,,,,,,,,,,,False,,1,
110733649,https://www.idealista.com/inmueble/110733649/,sale,Córdoba,Córdoba,37.886717,-4.7802372,True,,,Centro - Casco Histórico,Centro,,,,flat,416.0,,,8,5,,False,,False,,,,,renew,True,,,,,,,,,,,,,True,,3,
111838595,https://www.idealista.com/inmueble/111838595/,sale,Córdoba,Córdoba,37.8618017,-4.7722717,True,,,Sector sur - Santa Cruz,Sector sur - Santa Cruz,,,,flat,57.0,,,2,1,,False,,False,,,,,good,False,,,,,,,,,,,,,False,,,
110536340,https://www.idealista.com/inmueble/110536340/,sale,Córdoba,Córdoba,37.88577,-4.7790947,True,,,Centro - Casco Histórico,Centro,,,,flat,165.0,,,4,2,,False,,False,,,,,good,True,,,,,,,,,,,,,True,,4,
112215542,https://www.idealista.com/inmueble/112215542/,sale,Córdoba,Córdoba,37.8808116,-4.7738415,True,,,Centro - Casco Histórico,Casco Histórico - Corredera - Ribera,,,,flat,123.0,,,4,2,,False,,False,,,,,good,False,,,,,,,,,,,,,False,,1,
111184537,https://www.idealista.com/inmueble/111184537/,sale,Córdoba,Córdoba,37.8807393,-4.7826666,True,,,Centro - Casco Histórico,Judería - San Basilio,,,,flat,90.0,,,3,1,,False,,False,,,,,good,False,,,,,,,,,,,,,False,,,
112218492,https://www.idealista.com/inmueble/112218492/,sale,Córdoba,Córdoba,37.9019131,-4.7853831,True,,,Brillante - Trassierra - Naranjo,Brillante,,,,penthouse,116.0,,,3,2,,False,,False,,,,,good,True,,,,,,,,,,,,,True,,4,
110782491,https://www.idealista.com/inmueble/110782491/,sale,Córdoba,Córdoba,37.8893735,-4.7754949,True,,,Centro - Casco Histórico,Casco Histórico - Ollerías - Marrubial,,,,independantHouse,235.0,,,7,3,,False,,False,,,,,good,,,,,,,,,,,,,,False,,,
111394467,https://www.idealista.com/inmueble/111394467/,sale,Córdoba,Córdoba,37.8596932,-4.7807571,True,,,Sector sur - Santa Cruz,Sector sur - Santa Cruz,,,,flat,90.0,,,3,2,,False,,False,,,,,good,False,,,,,,,,,,,,,False,,3,
110842411,https://www.idealista.com/inmueble/110842411/,sale,Córdoba,Córdoba,37.8910316,-4.7637602,True,,,Levante - Lepanto - Fátima,La Viñuela,,,,penthouse,66.0,,,2,1,,False,,False,,,,,renew,False,,,,,,,,,,,,,False,,3,
109721310,https://www.idealista.com/inmueble/109721310/,sale,Córdoba,Córdoba,37.8932537,-4.7770542,True,,,Centro - Casco Histórico,San Cayetano,,,,flat,159.0,,,4,2,,False,,False,,,,,good,True,,,,,,,,,,,,,True,,3,
112242272,https://www.idealista.com/inmueble/112242272/,sale,Córdoba,Córdoba,37.8938236,-4.7582708,True,,,Levante - Lepanto - Fátima,La Viñuela,,,,flat,93.0,,,3,2,,False,,False,,,,,good,True,,,,,,,,,,,,,True,,1,
111825269,https://www.idealista.com/inmueble/111825269/,sale,Córdoba,Córdoba,37.8782705,-4.765561,True,,,Fuensanta - Zona Arcángel,Fuensanta - Arcángel - Santuario,,,,flat,89.0,,,2,2,,False,,False,,,,,good,False,,,,,,,,,,,,,False,,bj,
111483206,https://www.idealista.com/inmueble/111483206/,sale,Córdoba,Córdoba,37.8793607,-4.7938164,True,,,Ciudad Jardín,Ciudad Jardín,,,,flat,73.0,,,3,1,,False,,False,,,,,good,False,,,,,,,,,,,,,False,,2,
112129194,https://www.idealista.com/inmueble/112129194/,sale,Córdoba,Córdoba,37.8922038,-4.7603901,True,,,Levante - Lepanto - Fátima,Levante,,,,flat,65.0,,,3,1,,False,,False,,,,,good,False,,,,,,,,,,,,,False,,3,
111719194,https://www.idealista.com/inmueble/111719194/,sale,Córdoba,Córdoba,37.8936985,-4.7596891,True,,,Levante - Lepanto - Fátima,Levante,,,,flat,90.0,,,4,1,,False,,False,,,,,good,False,,,,,,,,,,,,,False,,2,
110793145,https://www.idealista.com/inmueble/110793145/,sale,Córdoba,Córdoba,37.8635854,-4.7826106,True,,,Sector sur - Santa Cruz,Sector sur - Santa Cruz,,,,flat,60.0,,,3,1,,False,,False,,,,,good,True,,,,,,,,,,,,,False,,4,
112298139,https://www.idealista.com/inmueble/112298139/,sale,Córdoba,Córdoba,37.9272785,-4.7589623,True,,,Brillante - Trassierra - Naranjo,Paraíso Arenal - La Colina,,,,chalet,329.0,,,4,3,,False,,False,,,,,good,,,,,,,,,,,,,,True,,,
110452049,https://www.idealista.com/inmueble/110452049/,sale,Córdoba,Córdoba,37.9014677,-4.7583367,True,,,Levante - Lepanto - Fátima,Fátima - Campiñuela,,,,terracedHouse,135.0,,,3,2,,False,,False,,,,,good,,,,,,,,,,,,,,False,,,
111392000,https://www.idealista.com/inmueble/111392000/,sale,Córdoba,Córdoba,37.8905405,-4.7624903,True,,,Levante - Lepanto - Fátima,La Viñuela,,,,flat,123.0,,,3,2,,False,,False,,,,,good,True,,,,,,,,,,,,,False,,2,
112348971,https://www.idealista.com/inmueble/112348971/,sale,Córdoba,Córdoba,37.8790781,-4.7854088,True,,,Centro - Casco Histórico,Judería - San Basilio,,,,flat,75.0,,,3,2,,False,,False,,,,,good,False,,,,,,,,,,,,,False,,2,
110528919,https://www.idealista.com/inmueble/110528919/,sale,Córdoba,Córdoba,37.8700554,-4.7713888,True,,,Campo de la Verdad,Campo de la Verdad,,,,flat,65.0,,,3,1,,False,,False,,,,,good,False,,,,,,,,,,,,,False,,1,
96477838,https://www.idealista.com/inmueble/96477838/,sale,Córdoba,Córdoba,37.8975113,-4.8108442,True,,,Noreña - Figueroa,Tablero,,,,independantHouse,220.0,,,5,3,,False,,False,,,,,good,,,,,,,,,,,,,,False,,,
112140780,https://www.idealista.com/inmueble/112140780/,sale,Córdoba,Córdoba,37.8978132,-4.7761666,True,,,Santa Rosa - Valdeolleros,Valdeolleros - Zumbacón - Camping,,,,flat,101.0,,,2,2,,False,,False,,,,,good,True,,,,,,,,,,,,,False,,1,
96013775,https://www.idealista.com/inmueble/96013775/,sale,Córdoba,Córdoba,37.8984948,-4.777492,True,,,Santa Rosa - Valdeolleros,Valdeolleros - Zumbacón - Camping,,,,independantHouse,108.0,,,3,2,,False,,False,,,,,good,,,,,,,,,,,,,,False,,,
111026743,https://www.idealista.com/inmueble/111026743/,sale,Córdoba,Córdoba,37.89371,-4.7967687,True,,,Noreña - Figueroa,Tablero,,,,flat,120.0,,,3,2,,False,,False,,,,,good,True,,,,,,,,,,,,,True,,4,
111397720,https://www.idealista.com/inmueble/111397720/,sale,Córdoba,Córdoba,37.8937567,-4.7555603,True,,,Levante - Lepanto - Fátima,La Viñuela,,,,flat,148.0,,,2,1,,False,,False,,,,,good,True,,,,,,,,,,,,,True,,1,
111138715,https://www.idealista.com/inmueble/111138715/,sale,Córdoba,Córdoba,37.8672934,-4.7748218,True,,,Sector sur - Santa Cruz,Sector sur - Santa Cruz,,,,flat,60.0,,,3,1,,False,,False,,,,,good,False,,,,,,,,,,,,,False,,4,
110598713,https://www.idealista.com/inmueble/110598713/,sale,Córdoba,Córdoba,37.8899426,-4.770166,True,,,Centro - Casco Histórico,Casco Histórico - Ollerías - Marrubial,,,,independantHouse,298.0,,,10,7,,False,,False,,,,,renew,,,,,,,,,,,,,,False,,,
111410591,https://www.idealista.com/inmueble/111410591/,sale,Córdoba,Córdoba,37.861942,-4.7769239,True,,,Sector sur - Santa Cruz,Sector sur - Santa Cruz,,,,flat,59.0,,,2,1,,False,,False,,,,,good,True,,,,,,,,,,,,,False,,2,
111792563,https://www.idealista.com/inmueble/111792563/,sale,Córdoba,Córdoba,37.9259522,-4.7574543,False,,,Brillante - Trassierra - Naranjo,Paraíso Arenal - La Colina,,,,terracedHouse,134.0,,,4,3,,False,,False,,,,,good,,,,,,,,,,,,,,True,,,
109727554,https://www.idealista.com/inmueble/109727554/,sale,Córdoba,Córdoba,37.8868572,-4.7686192,False,,,Centro - Casco Histórico,Casco Histórico - Corredera - Ribera,,,,flat,120.0,,,4,2,,False,,False,,,,,good,False,,,,,,,,,,,,,False,,bj,
103963403,https://www.idealista.com/inmueble/103963403/,sale,Córdoba,Córdoba,37.9061483,-4.7762445,True,,,Brillante - Trassierra - Naranjo,Naranjo - Mirabueno,,,,independantHouse,155.0,,,4,2,,False,,False,,,,,good,,,,,,,,,,,,,,False,,,
108058396,https://www.idealista.com/inmueble/108058396/,sale,Córdoba,Córdoba,37.8962508,-4.807711,False,,,Noreña - Figueroa,Tablero,,,,terracedHouse,145.0,,,3,3,,False,,False,,,,,good,,,,,,,,,,,,,,True,,,
112327284,https://www.idealista.com/inmueble/112327284/,sale,Córdoba,Córdoba,37.8782643,-4.7885951,True,,,Ciudad Jardín,Ciudad Jardín,,,,studio,26.0,,,0,1,,False,,True,,,,,good,False,,,,,,,,,,,,,False,,bj,
105718263,https://www.idealista.com/inmueble/105718263/,sale,Córdoba,Córdoba,37.8914513,-4.7991874,False,,,Noreña - Figueroa,Noreña - Turruñuelos,,,,flat,113.0,,,3,2,,False,,False,,,,,good,True,,,,,,,,,,,,,False,,1,
112223206,https://www.idealista.com/inmueble/112223206/,sale,Córdoba,Córdoba,37.8851589,-4.793693,False,,,Ciudad Jardín,Ciudad Jardín,,,,flat,80.0,,,2,1,,False,,False,,,,,good,False,,,,,,,,,,,,,False,,3,
111184182,https://www.idealista.com/inmueble/111184182/,sale,Córdoba,Córdoba,37.8821831,-4.7825071,True,,,Centro - Casco Histórico,Judería - San Basilio,,,,flat,90.0,,,3,1,,False,,False,,,,,good,False,,,,,,,,,,,,,False,,,
112196989,https://www.idealista.com/inmueble/112196989/,sale,Córdoba,Córdoba,37.88992,-4.7718407,True,,,Centro - Casco Histórico,Casco Histórico - Ollerías - Marrubial,,,,flat,63.0,,,2,1,,False,,False,,,,,good,False,,,,,,,,,,,,,False,,1,
111191925,https://www.idealista.com/inmueble/111191925/,sale,Córdoba,Córdoba,37.8892627,-4.7573956,True,,,Fuensanta - Zona Arcángel,Cañero - Fidiana,,,,independantHouse,58.0,,,2,1,,False,,False,,,,,good,,,,,,,,,,,,,,False,,,
110821701,https://www.idealista.com/inmueble/110821701/,sale,Córdoba,Córdoba,37.9064514,-4.7761447,True,,,Brillante - Trassierra - Naranjo,Naranjo - Mirabueno,,,,chalet,180.0,,,3,1,,False,,False,,,,,good,,,,,,,,,,,,,,False,,,
112025633,https://www.idealista.com/inmueble/112025633/,sale,Córdoba,Córdoba,37.8894981,-4.7513848,False,,,Fuensanta - Zona Arcángel,Cañero - Fidiana,,,,independantHouse,58.0,,,3,1,,False,,False,,,,,good,,,,,,,,,,,,,,False,,,
110354606,https://www.idealista.com/inmueble/110354606/,sale,Córdoba,Córdoba,37.8867713,-4.7584153,True,,,Fuensanta - Zona Arcángel,Cañero - Fidiana,,,,independantHouse,58.0,,,2,1,,False,,False,,,,,good,,,,,,,,,,,,,,False,,,
111698587,https://www.idealista.com/inmueble/111698587/,sale,Córdoba,Córdoba,37.8973433,-4.794522,False,,,Noreña - Figueroa,Tablero,,,,penthouse,158.0,,,3,2,,False,,False,,,,,good,True,,,,,,,,,,,,,True,,3,
102888559,https://www.idealista.com/inmueble/102888559/,sale,Córdoba,Córdoba,37.8652425,-4.7728799,True,,,Campo de la Verdad,Campo de la Verdad,,,,semidetachedHouse,41.0,,,2,1,,False,,False,,,,,good,,,,,,,,,,,,,,False,,,
107501528,https://www.idealista.com/inmueble/107501528/,sale,Córdoba,Córdoba,37.8668564,-4.7706379,True,,,Campo de la Verdad,Campo de la Verdad,,,,semidetachedHouse,41.0,,,2,1,,False,,False,,,,,good,,,,,,,,,,,,,,False,,,
111195406,https://www.idealista.com/inmueble/111195406/,sale,Córdoba,Córdoba,37.8856355,-4.7575796,True,,,Fuensanta - Zona Arcángel,Cañero - Fidiana,,,,independantHouse,58.0,,,2,1,,False,,False,,,,,good,,,,,,,,,,,,,,False,,,
111274355,https://www.idealista.com/inmueble/111274355/,sale,Córdoba,Córdoba,37.8966742,-4.7748434,False,,,Santa Rosa - Valdeolleros,Valdeolleros - Zumbacón - Camping,,,,flat,101.0,,,4,1,,False,,False,,,,,good,True,,,,,,,,,,,,,False,,1,
111914298,https://www.idealista.com/inmueble/111914298/,sale,Córdoba,Córdoba,37.8866439,-4.7760764,False,,,Centro - Casco Histórico,Casco Histórico - Ollerías - Marrubial,,,,flat,60.0,,,1,1,,False,,False,,,,,good,False,,,,,,,,,,,,,False,,1,
110225250,https://www.idealista.com/inmueble/110225250/,sale,Córdoba,Córdoba,37.8845873,-4.7809801,False,,,Centro - Casco Histórico,Centro,,,,flat,78.0,,,2,1,,False,,False,,,,,good,True,,,,,,,,,,,,,True,,4,
110401233,https://www.idealista.com/inmueble/110401233/,sale,Córdoba,Córdoba,37.9004965,-4.7863781,True,,,Santa Rosa - Valdeolleros,Santa Rosa - San José,,,,flat,135.0,,,3,2,,False,,False,,,,,good,True,,,,,,,,,,,,,True,,1,
110730225,https://www.idealista.com/inmueble/110730225/,sale,Córdoba,Córdoba,37.8786055,-4.7846188,False,,,Centro - Casco Histórico,Judería - San Basilio,,,,flat,121.0,,,5,2,,False,,False,,,,,renew,True,,,,,,,,,,,,,False,,1,
108315171,https://www.idealista.com/inmueble/108315171/,sale,Córdoba,Córdoba,37.8652019,-4.7701268,True,,,Campo de la Verdad,Campo de la Verdad,,,,semidetachedHouse,71.0,,,3,1,,False,,False,,,,,good,,,,,,,,,,,,,,False,,,
110327080,https://www.idealista.com/inmueble/110327080/,sale,Córdoba,Córdoba,37.8967353,-4.7805194,False,,,Santa Rosa - Valdeolleros,Santa Rosa - San José,,,,flat,138.0,,,4,2,,False,,False,,,,,good,True,,,,,,,,,,,,,False,,3,
112019070,https://www.idealista.com/inmueble/112019070/,sale,Córdoba,Córdoba,37.9020542,-4.8001187,True,,,Noreña - Figueroa,Tablero,,,,flat,158.0,,,4,2,,False,,False,,,,,good,True,,,,,,,,,,,,,True,,,
111643031,https://www.idealista.com/inmueble/111643031/,sale,Córdoba,Córdoba,37.8800785,-4.7716875,True,,,Centro - Casco Histórico,Casco Histórico - Corredera - Ribera,,,,penthouse,48.0,,,1,1,,False,,False,,,,,good,False,,,,,,,,,,,,,False,,1,
111663010,https://www.idealista.com/inmueble/111663010/,sale,Córdoba,Córdoba,37.8965328,-4.7750782,False,,,Santa Rosa - Valdeolleros,Valdeolleros - Zumbacón - Camping,,,,flat,105.0,,,4,1,,False,,False,,,,,good,True,,,,,,,,,,,,,False,,1,
111925913,https://www.idealista.com/inmueble/111925913/,sale,Córdoba,Córdoba,37.899328,-4.7796688,True,,,Santa Rosa - Valdeolleros,Valdeolleros - Zumbacón - Camping,,,,flat,67.0,,,3,1,,False,,False,,,,,good,False,,,,,,,,,,,,,False,,3,
110216900,https://www.idealista.com/inmueble/110216900/,sale,Córdoba,Córdoba,37.8829398,-4.7726085,False,,,Centro - Casco Histórico,Casco Histórico - Corredera - Ribera,,,,flat,45.0,,,1,1,,False,,False,,,,,good,False,,,,,,,,,,,,,False,,bj,
110743890,https://www.idealista.com/inmueble/110743890/,sale,Córdoba,Córdoba,37.8881193,-4.7837181,True,,,Centro - Casco Histórico,Centro,,,,flat,416.0,,,8,5,,False,,False,,,,,renew,True,,,,,,,,,,,,,True,,3,
110419858,https://www.idealista.com/inmueble/110419858/,sale,Córdoba,Córdoba,37.8897821,-4.7759176,False,,,Centro - Casco Histórico,Casco Histórico - Ollerías - Marrubial,,,,flat,90.0,,,3,2,,False,,False,,,,,renew,False,,,,,,,,,,,,,False,,,
105409842,https://www.idealista.com/inmueble/105409842/,sale,Córdoba,Córdoba,37.8842955,-4.7731771,False,,,Centro - Casco Histórico,Casco Histórico - Corredera - Ribera,,,,studio,65.0,,,0,1,,False,,True,,,,,good,False,,,,,,,,,,,,,False,,1,
111759806,https://www.idealista.com/inmueble/111759806/,sale,Córdoba,Córdoba,37.898522,-4.7759751,True,,,Santa Rosa - Valdeolleros,Valdeolleros - Zumbacón - Camping,,,,flat,81.0,,,3,1,,False,,False,,,,,good,True,,,,,,,,,,,,,False,,bj,
111453796,https://www.idealista.com/inmueble/111453796/,sale,Córdoba,Córdoba,37.8918979,-4.7960337,True,,,Noreña - Figueroa,Carretera Trassierra - Colonia de la Paz,,,,flat,90.0,,,3,1,,False,,False,,,,,good,True,,,,,,,,,,,,,False,,2,
111712761,https://www.idealista.com/inmueble/111712761/,sale,Córdoba,Córdoba,37.8817885,-4.7777499,False,,,Centro - Casco Histórico,Judería - San Basilio,,,,flat,52.0,,,1,1,,False,,False,,,,,good,False,,,,,,,,,,,,,True,,bj,
110381670,https://www.idealista.com/inmueble/110381670/,sale,Córdoba,Córdoba,37.8868437,-4.7592543,True,,,Fuensanta - Zona Arcángel,Cañero - Fidiana,,,,independantHouse,58.0,,,2,1,,False,,False,,,,,good,,,,,,,,,,,,,,False,,,
82239670,https://www.idealista.com/inmueble/82239670/,sale,Córdoba,Córdoba,37.8843776,-4.792793,True,,,Centro - Casco Histórico,Cercadilla - Medina Azahara,,,,flat,69.0,,,2,1,,False,,False,,,,,good,True,,,,,,,,,,,,,False,,1,
111196553,https://www.idealista.com/inmueble/111196553/,sale,Córdoba,Córdoba,37.8894276,-4.7978527,True,,,Noreña - Figueroa,Noreña - Turruñuelos,,,,flat,78.0,,,3,1,,False,,False,,,,,good,True,,,,,,,,,,,,,True,,1,
111918524,https://www.idealista.com/inmueble/111918524/,sale,Córdoba,Córdoba,37.8963415,-4.7790837,True,,,Santa Rosa - Valdeolleros,Valdeolleros - Zumbacón - Camping,,,,flat,67.0,,,3,1,,False,,False,,,,,good,False,,,,,,,,,,,,,False,,3,
111919483,https://www.idealista.com/inmueble/111919483/,sale,Córdoba,Córdoba,37.899386,-4.7795183,True,,,Santa Rosa - Valdeolleros,Valdeolleros - Zumbacón - Camping,,,,flat,67.0,,,3,1,,False,,False,,,,,good,False,,,,,,,,,,,,,False,,3,
111667421,https://www.idealista.com/inmueble/111667421/,sale,Córdoba,Córdoba,37.866992,-4.7749869,True,,,Sector sur - Santa Cruz,Sector sur - Santa Cruz,,,,flat,54.0,,,2,1,,False,,False,,,,,renew,True,,,,,,,,,,,,,False,,4,
112165353,https://www.idealista.com/inmueble/112165353/,sale,Córdoba,Córdoba,37.8861765,-4.7799877,True,,,Centro - Casco Histórico,Centro,,,,flat,90.0,,,2,2,,False,,False,,,,,good,True,,,,,,,,,,,,,False,,7,
111457295,https://www.idealista.com/inmueble/111457295/,sale,Córdoba,Córdoba,37.8849255,-4.7700097,True,,,Centro - Casco Histórico,Casco Histórico - Corredera - Ribera,,,,flat,109.0,,,2,2,,False,,False,,,,,good,False,,,,,,,,,,,,,False,,1,
111508283,https://www.idealista.com/inmueble/111508283/,sale,Córdoba,Córdoba,37.8946295,-4.7591128,True,,,Levante - Lepanto - Fátima,Levante,,,,flat,120.0,,,4,2,,False,,False,,,,,good,False,,,,,,,,,,,,,False,,3,
110456255,https://www.idealista.com/inmueble/110456255/,sale,Córdoba,Córdoba,37.8839276,-4.7797446,True,,,Centro - Casco Histórico,Centro,,,,flat,83.0,,,2,1,,False,,False,,,,,good,True,,,,,,,,,,,,,False,,2,
111290174,https://www.idealista.com/inmueble/111290174/,sale,Córdoba,Córdoba,37.8945636,-4.8060949,True,,,Noreña - Figueroa,Tablero,,,,flat,66.0,,,1,1,,False,,False,,,,,good,True,,,,,,,,,,,,,True,,2,
111474134,https://www.idealista.com/inmueble/111474134/,sale,Córdoba,Córdoba,37.8986671,-4.7727159,False,,,Santa Rosa - Valdeolleros,Valdeolleros - Zumbacón - Camping,,,,flat,50.0,,,1,1,,False,,False,,,,,good,False,,,,,,,,,,,,,False,,bj,
110755087,https://www.idealista.com/inmueble/110755087/,sale,Córdoba,Córdoba,37.8643487,-4.7782818,True,,,Sector sur - Santa Cruz,Sector sur - Santa Cruz,,,,flat,54.0,,,3,1,,False,,False,,,,,good,True,,,,,,,,,,,,,False,,2,
107374016,https://www.idealista.com/inmueble/107374016/,sale,Córdoba,Córdoba,37.8894379,-4.7681892,True,,,Centro - Casco Histórico,Casco Histórico - Ollerías - Marrubial,,,,independantHouse,298.0,,,1,0,,False,,False,,,,,renew,,,,,,,,,,,,,,False,,,
110941016,https://www.idealista.com/inmueble/110941016/,sale,Córdoba,Córdoba,37.8871594,-4.7667495,True,,,Centro - Casco Histórico,Casco Histórico - Corredera - Ribera,,,,flat,79.0,,,3,1,,False,,False,,,,,good,False,,,,,,,,,,,,,False,,3,
108080915,https://www.idealista.com/inmueble/108080915/,sale,Córdoba,Córdoba,37.8845675,-4.7706233,True,,,Centro - Casco Histórico,Casco Histórico - Corredera - Ribera,,,,flat,93.0,,,2,1,,False,,False,,,,,good,False,,,,,,,,,,,,,False,,bj,
112165881,https://www.idealista.com/inmueble/112165881/,sale,Córdoba,Córdoba,37.8909282,-4.7888214,True,,,Noreña - Figueroa,Carretera Trassierra - Colonia de la Paz,,,,flat,60.0,,,2,1,,False,,False,,,,,good,False,,,,,,,,,,,,,False,,2,
111200843,https://www.idealista.com/inmueble/111200843/,sale,Córdoba,Córdoba,37.8799468,-4.7836213,True,,,Centro - Casco Histórico,Judería - San Basilio,,,,flat,150.0,,,8,8,,False,,False,,,,,renew,False,,,,,,,,,,,,,False,,1,
112165656,https://www.idealista.com/inmueble/112165656/,sale,Córdoba,Córdoba,37.8850843,-4.7790297,True,,,Centro - Casco Histórico,Centro,,,,flat,120.0,,,4,2,,False,,False,,,,,good,True,,,,,,,,,,,,,False,,1,
110526595,https://www.idealista.com/inmueble/110526595/,sale,Córdoba,Córdoba,37.8846267,-4.7904335,True,,,Ciudad Jardín,Ciudad Jardín,,,,flat,137.0,,,3,2,,False,,False,,,,,good,True,,,,,,,,,,,,,False,,3,
109920590,https://www.idealista.com/inmueble/109920590/,sale,Córdoba,Córdoba,37.894853,-4.7938392,True,,,Noreña - Figueroa,Tablero,,,,duplex,183.0,,,4,3,,True,,False,,,,,good,True,,,,,,,,,,,,,True,,3,
112250177,https://www.idealista.com/inmueble/112250177/,sale,Córdoba,Córdoba,37.862881,-4.7723234,True,,,Campo de la Verdad,Campo de la Verdad,,,,independantHouse,83.0,,,3,1,,False,,False,,,,,renew,,,,,,,,,,,,,,False,,,
111704573,https://www.idealista.com/inmueble/111704573/,sale,Córdoba,Córdoba,37.8770518,-4.7919893,True,,,Zoco - Poniente - Vistalegre,Vistalegre - Parque Cruz - Universidades,,,,flat,184.0,,,5,2,,False,,False,,,,,good,True,,,,,,,,,,,,,True,,1,
107944576,https://www.idealista.com/inmueble/107944576/,sale,Córdoba,Córdoba,37.8825541,-4.7708256,True,,,Centro - Casco Histórico,Casco Histórico - Corredera - Ribera,,,,independantHouse,206.0,,,8,4,,False,,False,,,,,renew,,,,,,,,,,,,,,True,,,
108824533,https://www.idealista.com/inmueble/108824533/,sale,Córdoba,Córdoba,37.8813574,-4.7947623,True,,,Ciudad Jardín,Ciudad Jardín,,,,flat,128.0,,,1,1,,False,,False,,,,,renew,True,,,,,,,,,,,,,False,,2,
111274520,https://www.idealista.com/inmueble/111274520/,sale,Córdoba,Córdoba,37.8974697,-4.7760176,True,,,Santa Rosa - Valdeolleros,Santa Rosa - San José,,,,flat,67.0,,,3,1,,False,,False,,,,,good,True,,,,,,,,,,,,,False,,bj,
104028514,https://www.idealista.com/inmueble/104028514/,sale,Córdoba,Córdoba,37.8792713,-4.7723838,True,,,Centro - Casco Histórico,Casco Histórico - Corredera - Ribera,,,,duplex,45.0,,,1,1,,True,,False,,,,,good,False,,,,,,,,,,,,,False,,bj,
111718499,https://www.idealista.com/inmueble/111718499/,sale,Córdoba,Córdoba,37.8904404,-4.7823537,True,,,Centro - Casco Histórico,El Vial - Ronda de Tejares,,,,flat,400.0,,,8,5,,False,,False,,,,,good,True,,,,,,,,,,,,,True,,7,
111565488,https://www.idealista.com/inmueble/111565488/,sale,Córdoba,Córdoba,37.8859782,-4.7786491,True,,,Centro - Casco Histórico,Centro,,,,independantHouse,186.0,,,3,2,,False,,False,,,,,good,,,,,,,,,,,,,,True,,,
110079486,https://www.idealista.com/inmueble/110079486/,sale,Córdoba,Córdoba,37.8841867,-4.7927593,True,,,Ciudad Jardín,Ciudad Jardín,,,,flat,100.0,,,3,1,,False,,False,,,,,good,True,,,,,,,,,,,,,False,,1,
111452479,https://www.idealista.com/inmueble/111452479/,sale,Córdoba,Córdoba,37.8850699,-4.7693724,True,,,Centro - Casco Histórico,Casco Histórico - Corredera - Ribera,,,,flat,109.0,,,2,2,,False,,False,,,,,good,False,,,,,,,,,,,,,False,,1,
111696454,https://www.idealista.com/inmueble/111696454/,sale,Córdoba,Córdoba,37.8940726,-4.7924139,True,,,Noreña - Figueroa,Tablero,,,,flat,138.0,,,4,2,,False,,False,,,,,good,True,,,,,,,,,,,,,True,,4,
108246437,https://www.idealista.com/inmueble/108246437/,sale,Córdoba,Córdoba,37.8910452,-4.787377,True,,,Centro - Casco Histórico,El Vial - Ronda de Tejares,,,,flat,138.0,,,3,2,,False,,False,,,,,good,True,,,,,,,,,,,,,True,,3,
107207413,https://www.idealista.com/inmueble/107207413/,sale,Córdoba,Córdoba,37.8831107,-4.7908275,True,,,Ciudad Jardín,Ciudad Jardín,,,,flat,85.0,,,4,2,,False,,False,,,,,good,True,,,,,,,,,,,,,False,,2,
110017415,https://www.idealista.com/inmueble/110017415/,sale,Córdoba,Córdoba,37.8830919,-4.7697238,True,,,Centro - Casco Histórico,Casco Histórico - Corredera - Ribera,,,,duplex,125.0,,,3,3,,True,,False,,,,,good,False,,,,,,,,,,,,,False,,bj,
108091411,https://www.idealista.com/inmueble/108091411/,sale,Córdoba,Córdoba,37.8897898,-4.7773158,True,,,Centro - Casco Histórico,Casco Histórico - Ollerías - Marrubial,,,,flat,180.0,,,4,2,,False,,False,,,,,good,True,,,,,,,,,,,,,True,,2,
111153379,https://www.idealista.com/inmueble/111153379/,sale,Córdoba,Córdoba,37.8856541,-4.7640312,True,,,Centro - Casco Histórico,Casco Histórico - Corredera - Ribera,,,,flat,80.0,,,3,1,,False,,False,,,,,good,False,,,,,,,,,,,,,False,,1,
112151330,https://www.idealista.com/inmueble/112151330/,sale,Córdoba,Córdoba,37.8799019,-4.7670406,True,,,Centro - Casco Histórico,Casco Histórico - Corredera - Ribera,,,,flat,85.0,,,3,1,,False,,False,,,,,good,True,,,,,,,,,,,,,False,,1,
109814318,https://www.idealista.com/inmueble/109814318/,sale,Córdoba,Córdoba,37.8845488,-4.7922751,True,,,Ciudad Jardín,Ciudad Jardín,,,,flat,69.0,,,3,1,,False,,False,,,,,renew,False,,,,,,,,,,,,,False,,4,
111923281,https://www.idealista.com/inmueble/111923281/,sale,Córdoba,Córdoba,37.8978139,-4.7805019,True,,,Santa Rosa - Valdeolleros,Valdeolleros - Zumbacón - Camping,,,,flat,67.0,,,3,1,,False,,False,,,,,good,False,,,,,,,,,,,,,False,,3,
112183257,https://www.idealista.com/inmueble/112183257/,sale,Córdoba,Córdoba,37.8750045,-4.7745746,True,,,Campo de la Verdad,Campo de la Verdad,,,,independantHouse,90.0,,,2,2,,False,,False,,,,,good,,,,,,,,,,,,,,False,,,
111996237,https://www.idealista.com/inmueble/111996237/,sale,Córdoba,Córdoba,37.8951026,-4.7743648,True,,,Santa Rosa - Valdeolleros,Valdeolleros - Zumbacón - Camping,,,,flat,103.0,,,4,1,,False,,False,,,,,good,True,,,,,,,,,,,,,False,,1,
111692240,https://www.idealista.com/inmueble/111692240/,sale,Córdoba,Córdoba,37.8766664,-4.7930979,True,,,Zoco - Poniente - Vistalegre,Vistalegre - Parque Cruz - Universidades,,,,flat,184.0,,,5,2,,False,,False,,,,,good,True,,,,,,,,,,,,,True,,1,
111180197,https://www.idealista.com/inmueble/111180197/,sale,Córdoba,Córdoba,37.9216575,-4.7967252,True,,,Brillante - Trassierra - Naranjo,Brillante,,,,terracedHouse,287.0,,,3,3,,False,,False,,,,,good,,,,,,,,,,,,,,True,,,
112230163,https://www.idealista.com/inmueble/112230163/,sale,Córdoba,Córdoba,37.8814067,-4.7644306,True,,,Fuensanta - Zona Arcángel,Fuensanta - Arcángel - Santuario,,,,flat,125.0,,,4,1,,False,,False,,,,,renew,True,,,,,,,,,,,,,False,,6,
111890162,https://www.idealista.com/inmueble/111890162/,sale,Córdoba,Córdoba,37.894479,-4.7709385,True,,,Santa Rosa - Valdeolleros,Valdeolleros - Zumbacón - Camping,,,,penthouse,126.0,,,4,2,,False,,False,,,,,good,True,,,,,,,,,,,,,True,,3,
107641151,https://www.idealista.com/inmueble/107641151/,sale,Córdoba,Córdoba,37.8910374,-4.7791283,True,,,Centro - Casco Histórico,El Vial - Ronda de Tejares,,,,flat,212.0,,,3,3,,False,,False,,,,,renew,True,,,,,,,,,,,,,True,,5,
111914134,https://www.idealista.com/inmueble/111914134/,sale,Córdoba,Córdoba,37.8977127,-4.7799067,True,,,Santa Rosa - Valdeolleros,Valdeolleros - Zumbacón - Camping,,,,flat,67.0,,,3,1,,False,,False,,,,,good,False,,,,,,,,,,,,,False,,3,
111911118,https://www.idealista.com/inmueble/111911118/,sale,Córdoba,Córdoba,37.8992145,-4.8006899,True,,,Noreña - Figueroa,Tablero,,,,flat,160.0,,,4,2,,False,,False,,,,,good,True,,,,,,,,,,,,,True,,bj,
111211119,https://www.idealista.com/inmueble/111211119/,sale,Córdoba,Córdoba,37.9183895,-4.7997307,True,,,Brillante - Trassierra - Naranjo,Brillante,,,,independantHouse,340.0,,,4,3,,False,,False,,,,,good,,,,,,,,,,,,,,True,,,
112106090,https://www.idealista.com/inmueble/112106090/,sale,Córdoba,Córdoba,37.889659,-4.7629316,True,,,Levante - Lepanto - Fátima,La Viñuela,,,,flat,105.0,,,4,2,,False,,False,,,,,good,False,,,,,,,,,,,,,False,,en,
111661074,https://www.idealista.com/inmueble/111661074/,sale,Córdoba,Córdoba,37.8828933,-4.7715347,True,,,Centro - Casco Histórico,Casco Histórico - Corredera - Ribera,,,,flat,44.0,,,1,1,,False,,False,,,,,renew,True,,,,,,,,,,,,,False,,1,
110762068,https://www.idealista.com/inmueble/110762068/,sale,Córdoba,Córdoba,37.897015,-4.7528691,True,,,Levante - Lepanto - Fátima,Fátima - Campiñuela,,,,flat,100.0,,,3,1,,False,,False,,,,,good,True,,,,,,,,,,,,,False,,2,
111730045,https://www.idealista.com/inmueble/111730045/,sale,Córdoba,Córdoba,37.8944027,-4.770564,True,,,Santa Rosa - Valdeolleros,Valdeolleros - Zumbacón - Camping,,,,penthouse,126.0,,,4,2,,False,,False,,,,,good,True,,,,,,,,,,,,,True,,3,
111914005,https://www.idealista.com/inmueble/111914005/,sale,Córdoba,Córdoba,37.8977648,-4.7783803,True,,,Santa Rosa - Valdeolleros,Valdeolleros - Zumbacón - Camping,,,,flat,81.0,,,3,1,,False,,False,,,,,good,True,,,,,,,,,,,,,False,,bj,
111914948,https://www.idealista.com/inmueble/111914948/,sale,Córdoba,Córdoba,37.8991489,-4.7782256,True,,,Santa Rosa - Valdeolleros,Valdeolleros - Zumbacón - Camping,,,,flat,67.0,,,3,1,,False,,False,,,,,good,False,,,,,,,,,,,,,False,,3,
111687926,https://www.idealista.com/inmueble/111687926/,sale,Córdoba,Córdoba,37.8954122,-4.7531166,True,,,Levante - Lepanto - Fátima,El Cairo,,,,flat,90.0,,,3,2,,False,,False,,,,,good,True,,,,,,,,,,,,,True,,2,
111464930,https://www.idealista.com/inmueble/111464930/,sale,Córdoba,Córdoba,37.8818642,-4.78218,True,,,Centro - Casco Histórico,Judería - San Basilio,,,,flat,150.0,,,8,8,,False,,False,,,,,renew,False,,,,,,,,,,,,,False,,1,
110703927,https://www.idealista.com/inmueble/110703927/,sale,Córdoba,Córdoba,37.8648672,-4.7803285,False,,,Sector sur - Santa Cruz,Sector sur - Santa Cruz,,,,chalet,61.0,,,2,1,,False,,False,,,,,good,,,,,,,,,,,,,,False,,,
111914888,https://www.idealista.com/inmueble/111914888/,sale,Córdoba,Córdoba,37.8980448,-4.7772597,True,,,Santa Rosa - Valdeolleros,Valdeolleros - Zumbacón - Camping,,,,flat,67.0,,,3,1,,False,,False,,,,,good,False,,,,,,,,,,,,,False,,3,
112073844,https://www.idealista.com/inmueble/112073844/,sale,Córdoba,Córdoba,37.8865632,-4.7570247,True,,,Fuensanta - Zona Arcángel,Cañero - Fidiana,,,,independantHouse,58.0,,,2,1,,False,,False,,,,,good,,,,,,,,,,,,,,False,,,
111923766,https://www.idealista.com/inmueble/111923766/,sale,Córdoba,Córdoba,37.8973698,-4.7804513,True,,,Santa Rosa - Valdeolleros,Valdeolleros - Zumbacón - Camping,,,,flat,67.0,,,3,1,,False,,False,,,,,good,False,,,,,,,,,,,,,False,,3,
112224746,https://www.idealista.com/inmueble/112224746/,sale,Córdoba,Córdoba,37.8956612,-4.7604454,True,,,Levante - Lepanto - Fátima,Levante,,,,flat,63.0,,,1,0,,False,,False,,,,,renew,True,,,,,,,,,,,,,True,,5,
111737721,https://www.idealista.com/inmueble/111737721/,sale,Córdoba,Córdoba,37.8780669,-4.7929899,True,,,Ciudad Jardín,Ciudad Jardín,,,,flat,130.0,,,4,2,,False,,False,,,,,good,True,,,,,,,,,,,,,False,,1,
111767693,https://www.idealista.com/inmueble/111767693/,sale,Córdoba,Córdoba,37.8829727,-4.7800774,True,,,Centro - Casco Histórico,Centro,,,,flat,81.0,,,2,2,,False,,False,,,,,good,True,,,,,,,,,,,,,True,,2,
111202699,https://www.idealista.com/inmueble/111202699/,sale,Córdoba,Córdoba,37.8744089,-4.785343,True,,,Centro - Casco Histórico,Judería - San Basilio,,,,flat,51.0,,,3,1,,False,,False,,,,,good,False,,,,,,,,,,,,,False,,1,
106194573,https://www.idealista.com/inmueble/106194573/,sale,Córdoba,Córdoba,37.8838306,-4.7815457,True,,,Centro - Casco Histórico,Centro,,,,flat,153.0,,,4,2,,False,,False,,,,,good,False,,,,,,,,,,,,,False,,1,
111733548,https://www.idealista.com/inmueble/111733548/,sale,Córdoba,Córdoba,37.8900423,-4.7586851,True,,,Fuensanta - Zona Arcángel,Cañero - Fidiana,,,,independantHouse,144.0,,,3,2,,False,,False,,,,,good,,,,,,,,,,,,,,False,,,
109187533,https://www.idealista.com/inmueble/109187533/,sale,Córdoba,Córdoba,37.8827034,-4.7793968,True,,,Centro - Casco Histórico,Judería - San Basilio,,,,flat,192.0,,,6,2,,False,,False,,,,,good,True,,,,,,,,,,,,,True,,1,
109699524,https://www.idealista.com/inmueble/109699524/,sale,Córdoba,Córdoba,37.8862342,-4.7760822,True,,,Centro - Casco Histórico,Centro,,,,penthouse,40.0,,,1,1,,False,,False,,,,,good,False,,,,,,,,,,,,,False,,3,
111820512,https://www.idealista.com/inmueble/111820512/,sale,Córdoba,Córdoba,37.8959386,-4.7580492,True,,,Levante - Lepanto - Fátima,El Cairo,,,,flat,75.0,,,3,1,,False,,False,,,,,good,True,,,,,,,,,,,,,True,,5,
109864505,https://www.idealista.com/inmueble/109864505/,sale,Córdoba,Córdoba,37.9183476,-4.8004899,True,,,Brillante - Trassierra - Naranjo,Brillante,,,,independantHouse,553.0,,,8,5,,False,,False,,,,,good,,,,,,,,,,,,,,False,,,
111465495,https://www.idealista.com/inmueble/111465495/,sale,Córdoba,Córdoba,37.894954,-4.7920002,True,,,Noreña - Figueroa,Tablero,,,,duplex,183.0,,,4,3,,True,,False,,,,,good,True,,,,,,,,,,,,,True,,3,
111465493,https://www.idealista.com/inmueble/111465493/,sale,Córdoba,Córdoba,37.8810523,-4.7934855,True,,,Ciudad Jardín,Ciudad Jardín,,,,flat,80.0,,,3,1,,False,,False,,,,,good,False,,,,,,,,,,,,,False,,2,
105313482,https://www.idealista.com/inmueble/105313482/,sale,Córdoba,Córdoba,37.887801,-4.7817131,True,,,Centro - Casco Histórico,Centro,,,,flat,80.0,,,2,2,,False,,False,,,,,good,True,,,,,,,,,,,,,False,,2,
106994473,https://www.idealista.com/inmueble/106994473/,sale,Córdoba,Córdoba,37.9136479,-4.8123496,True,,,Brillante - Trassierra - Naranjo,Brillante,,,,independantHouse,752.0,,,5,5,,False,,False,,,,,good,,,,,,,,,,,,,,True,,,
110764452,https://www.idealista.com/inmueble/110764452/,sale,Córdoba,Córdoba,37.8836784,-4.7801998,True,,,Centro - Casco Histórico,Judería - San Basilio,,,,flat,117.0,,,5,2,,False,,False,,,,,good,True,,,,,,,,,,,,,False,,1,
110148451,https://www.idealista.com/inmueble/110148451/,sale,Córdoba,Córdoba,37.8845607,-4.7714689,True,,,Centro - Casco Histórico,Casco Histórico - Corredera - Ribera,,,,flat,114.0,,,3,2,,False,,False,,,,,good,False,,,,,,,,,,,,,False,,1,
110548442,https://www.idealista.com/inmueble/110548442/,sale,Córdoba,Córdoba,37.9067988,-4.7790959,True,,,Brillante - Trassierra - Naranjo,Naranjo - Mirabueno,,,,independantHouse,180.0,,,3,2,,False,,False,,,,,good,,,,,,,,,,,,,,False,,,
110834424,https://www.idealista.com/inmueble/110834424/,sale,Córdoba,Córdoba,37.8937366,-4.7586767,True,,,Levante - Lepanto - Fátima,La Viñuela,,,,flat,55.0,,,3,1,,False,,False,,,,,renew,False,,,,,,,,,,,,,False,,4,
111770392,https://www.idealista.com/inmueble/111770392/,sale,Córdoba,Córdoba,37.8903718,-4.7942079,True,,,Noreña - Figueroa,Carretera Trassierra - Colonia de la Paz,,,,independantHouse,176.0,,,4,2,,False,,False,,,,,good,,,,,,,,,,,,,,False,,,
111931378,https://www.idealista.com/inmueble/111931378/,sale,Córdoba,Córdoba,37.8961609,-4.773986,True,,,Santa Rosa - Valdeolleros,Valdeolleros - Zumbacón - Camping,,,,flat,103.0,,,3,1,,False,,False,,,,,good,True,,,,,,,,,,,,,False,,1,
112124351,https://www.idealista.com/inmueble/112124351/,sale,Córdoba,Córdoba,37.8904845,-4.7627317,True,,,Levante - Lepanto - Fátima,La Viñuela,,,,penthouse,69.0,,,3,1,,False,,False,,,,,good,False,,,,,,,,,,,,,False,,4,
96069333,https://www.idealista.com/inmueble/96069333/,sale,Córdoba,Córdoba,37.8846378,-4.7795087,True,,,Centro - Casco Histórico,Centro,,,,flat,165.0,,,4,2,,False,,False,,,,,good,True,,,,,,,,,,,,,True,,4,
85467334,https://www.idealista.com/inmueble/85467334/,sale,Córdoba,Córdoba,37.8841392,-4.7913444,True,,,Ciudad Jardín,Ciudad Jardín,,,,flat,104.0,,,2,2,,False,,False,,,,,good,True,,,,,,,,,,,,,True,,3,
111430330,https://www.idealista.com/inmueble/111430330/,sale,Córdoba,Córdoba,37.8857655,-4.7909624,True,,,Centro - Casco Histórico,Cercadilla - Medina Azahara,,,,flat,93.0,,,2,1,,False,,False,,,,,good,True,,,,,,,,,,,,,True,,1,
111360316,https://www.idealista.com/inmueble/111360316/,sale,Córdoba,Córdoba,37.8911414,-4.7641571,True,,,Levante - Lepanto - Fátima,La Viñuela,,,,flat,92.0,,,4,2,,False,,False,,,,,good,True,,,,,,,,,,,,,True,,2,
112018311,https://www.idealista.com/inmueble/112018311/,sale,Córdoba,Córdoba,37.8987427,-4.8001592,True,,,Noreña - Figueroa,Tablero,,,,flat,158.0,,,4,2,,False,,False,,,,,good,True,,,,,,,,,,,,,True,,bj,
111411312,https://www.idealista.com/inmueble/111411312/,sale,Córdoba,Córdoba,37.8963472,-4.7769686,True,,,Santa Rosa - Valdeolleros,Santa Rosa - San José,,,,flat,110.0,,,3,1,,False,,False,,,,,good,True,,,,,,,,,,,,,False,,bj,
110412308,https://www.idealista.com/inmueble/110412308/,sale,Córdoba,Córdoba,37.8846291,-4.7920315,True,,,Centro - Casco Histórico,Cercadilla - Medina Azahara,,,,flat,186.0,,,6,6,,False,,False,,,,,good,False,,,,,,,,,,,,,False,,-1,
111762297,https://www.idealista.com/inmueble/111762297/,sale,Córdoba,Córdoba,37.8803577,-4.7799189,True,,,Centro - Casco Histórico,Judería - San Basilio,,,,independantHouse,140.0,,,3,2,,False,,False,,,,,renew,,,,,,,,,,,,,,False,,,
109723292,https://www.idealista.com/inmueble/109723292/,sale,Córdoba,Córdoba,37.9111938,-4.7826805,True,,,Brillante - Trassierra - Naranjo,Naranjo - Mirabueno,,,,independantHouse,107.0,,,4,2,,False,,False,,,,,good,,,,,,,,,,,,,,True,,,
112107284,https://www.idealista.com/inmueble/112107284/,sale,Córdoba,Córdoba,37.8936182,-4.8049852,True,,,Noreña - Figueroa,Tablero,,,,flat,182.0,,,6,3,,False,,False,,,,,good,True,,,,,,,,,,,,,True,,2,
112018279,https://www.idealista.com/inmueble/112018279/,sale,Córdoba,Córdoba,37.8944385,-4.7618533,True,,,Levante - Lepanto - Fátima,Levante,,,,flat,73.0,,,2,1,,False,,False,,,,,good,False,,,,,,,,,,,,,False,,3,
110949281,https://www.idealista.com/inmueble/110949281/,sale,Córdoba,Córdoba,37.9113837,-4.8076814,True,,,Brillante - Trassierra - Naranjo,Brillante,,,,independantHouse,290.0,,,5,3,,False,,False,,,,,good,,,,,,,,,,,,,,False,,,
110314277,https://www.idealista.com/inmueble/110314277/,sale,Córdoba,Córdoba,37.8840574,-4.7783374,True,,,Centro - Casco Histórico,Judería - San Basilio,,,,flat,192.0,,,4,2,,False,,False,,,,,good,True,,,,,,,,,,,,,False,,1,
111531253,https://www.idealista.com/inmueble/111531253/,sale,Córdoba,Córdoba,37.8837403,-4.7713098,True,,,Centro - Casco Histórico,Casco Histórico - Corredera - Ribera,,,,independantHouse,223.0,,,5,3,,False,,False,,,,,good,,,,,,,,,,,,,,True,,,
107233244,https://www.idealista.com/inmueble/107233244/,sale,Córdoba,Córdoba,37.9146974,-4.8121122,True,,,Brillante - Trassierra - Naranjo,Brillante,,,,independantHouse,823.0,,,5,6,,False,,False,,,,,good,,,,,,,,,,,,,,True,,,
111464216,https://www.idealista.com/inmueble/111464216/,sale,Córdoba,Córdoba,37.8854035,-4.7775934,True,,,Centro - Casco Histórico,Centro,,,,flat,182.0,,,5,3,,False,,False,,,,,good,True,,,,,,,,,,,,,True,,2,
111196213,https://www.idealista.com/inmueble/111196213/,sale,Córdoba,Córdoba,37.8900083,-4.7639855,True,,,Levante - Lepanto - Fátima,La Viñuela,,,,flat,96.0,,,5,1,,False,,False,,,,,good,True,,,,,,,,,,,,,False,,1,
85437196,https://www.idealista.com/inmueble/85437196/,sale,Córdoba,Córdoba,37.8895141,-4.7839657,True,,,Centro - Casco Histórico,El Vial - Ronda de Tejares,,,,flat,200.0,,,5,3,,False,,False,,,,,renew,True,,,,,,,,,,,,,True,,4,
85468170,https://www.idealista.com/inmueble/85468170/,sale,Córdoba,Córdoba,37.8832339,-4.7685151,True,,,Centro - Casco Histórico,Casco Histórico - Corredera - Ribera,,,,independantHouse,697.0,,,1,5,,False,,False,,,,,good,,,,,,,,,,,,,,False,,,
109898167,https://www.idealista.com/inmueble/109898167/,sale,Córdoba,Córdoba,37.8849937,-4.7716708,True,,,Centro - Casco Histórico,Casco Histórico - Corredera - Ribera,,,,terracedHouse,114.0,,,3,2,,False,,False,,,,,good,,,,,,,,,,,,,,False,,,
111336164,https://www.idealista.com/inmueble/111336164/,sale,Córdoba,Córdoba,37.8890347,-4.7877353,True,,,Centro - Casco Histórico,Cercadilla - Medina Azahara,,,,flat,129.0,,,3,2,,False,,False,,,,,good,True,,,,,,,,,,,,,True,,6,
110925161,https://www.idealista.com/inmueble/110925161/,sale,Córdoba,Córdoba,37.8815425,-4.7912637,True,,,Ciudad Jardín,Ciudad Jardín,,,,flat,137.0,,,3,2,,False,,False,,,,,good,True,,,,,,,,,,,,,False,,3,
109458139,https://www.idealista.com/inmueble/109458139/,sale,Córdoba,Córdoba,37.8902768,-4.7580828,True,,,Fuensanta - Zona Arcángel,Cañero - Fidiana,,,,independantHouse,215.0,,,3,2,,False,,False,,,,,good,,,,,,,,,,,,,,False,,,
111959101,https://www.idealista.com/inmueble/111959101/,sale,Córdoba,Córdoba,37.8826896,-4.7808048,True,,,Centro - Casco Histórico,Centro,,,,flat,122.0,,,3,2,,False,,False,,,,,good,True,,,,,,,,,,,,,False,,2,
109340098,https://www.idealista.com/inmueble/109340098/,sale,Córdoba,Córdoba,37.9110655,-4.7828566,True,,,Brillante - Trassierra - Naranjo,Naranjo - Mirabueno,,,,independantHouse,220.0,,,4,2,,False,,False,,,,,good,,,,,,,,,,,,,,True,,,
111712092,https://www.idealista.com/inmueble/111712092/,sale,Córdoba,Córdoba,37.8974959,-4.7848524,True,,,Santa Rosa - Valdeolleros,Santa Rosa - San José,,,,flat,110.0,,,3,2,,False,,False,,,,,good,True,,,,,,,,,,,,,False,,2,
109647096,https://www.idealista.com/inmueble/109647096/,sale,Córdoba,Córdoba,37.8856839,-4.7753212,True,,,Centro - Casco Histórico,Casco Histórico - Ollerías - Marrubial,,,,independantHouse,310.0,,,3,2,,False,,False,,,,,good,,,,,,,,,,,,,,True,,,
111477089,https://www.idealista.com/inmueble/111477089/,sale,Córdoba,Córdoba,37.8848471,-4.7720347,True,,,Centro - Casco Histórico,Casco Histórico - Corredera - Ribera,,,,independantHouse,223.0,,,5,3,,False,,False,,,,,good,,,,,,,,,,,,,,True,,,
112273067,https://www.idealista.com/inmueble/112273067/,sale,Córdoba,Córdoba,37.8800328,-4.774192,True,,,Centro - Casco Histórico,Casco Histórico - Corredera - Ribera,,,,flat,123.0,,,4,2,,False,,False,,,,,good,False,,,,,,,,,,,,,False,,1,
112085066,https://www.idealista.com/inmueble/112085066/,sale,Córdoba,Córdoba,37.8679678,-4.7774342,True,,,Sector sur - Santa Cruz,Sector sur - Santa Cruz,,,,flat,93.0,,,3,1,,False,,False,,,,,good,True,,,,,,,,,,,,,False,,5,
111808056,https://www.idealista.com/inmueble/111808056/,sale,Córdoba,Córdoba,37.8832067,-4.781924,True,,,Centro - Casco Histórico,Centro,,,,flat,121.0,,,3,2,,False,,False,,,,,renew,True,,,,,,,,,,,,,False,,2,
111558045,https://www.idealista.com/inmueble/111558045/,sale,Córdoba,Córdoba,37.8818789,-4.7877323,True,,,Ciudad Jardín,Ciudad Jardín,,,,flat,130.0,,,3,2,,False,,False,,,,,good,True,,,,,,,,,,,,,True,,4,
112111036,https://www.idealista.com/inmueble/112111036/,sale,Córdoba,Córdoba,37.8966228,-4.7698666,True,,,Santa Rosa - Valdeolleros,Valdeolleros - Zumbacón - Camping,,,,independantHouse,141.0,,,3,2,,False,,False,,,,,good,,,,,,,,,,,,,,True,,,
111316015,https://www.idealista.com/inmueble/111316015/,sale,Córdoba,Córdoba,37.8877194,-4.7728834,True,,,Centro - Casco Histórico,Casco Histórico - Ollerías - Marrubial,,,,independantHouse,181.0,,,3,1,,False,,False,,,,,good,,,,,,,,,,,,,,True,,,
95493007,https://www.idealista.com/inmueble/95493007/,sale,Córdoba,Córdoba,37.912563,-4.8133329,True,,,Brillante - Trassierra - Naranjo,Brillante,,,,independantHouse,808.0,,,5,5,,False,,False,,,,,good,,,,,,,,,,,,,,True,,,
111055006,https://www.idealista.com/inmueble/111055006/,sale,Córdoba,Córdoba,37.8740422,-4.7841902,True,,,Centro - Casco Histórico,Judería - San Basilio,,,,flat,60.0,,,3,1,,False,,False,,,,,good,False,,,,,,,,,,,,,False,,1,
112093995,https://www.idealista.com/inmueble/112093995/,sale,Córdoba,Córdoba,37.9100521,-4.7926584,True,,,Brillante - Trassierra - Naranjo,Brillante,,,,semidetachedHouse,244.0,,,4,3,,False,,False,,,,,good,,,,,,,,,,,,,,False,,,
111739991,https://www.idealista.com/inmueble/111739991/,sale,Córdoba,Córdoba,37.9106358,-4.7786253,True,,,Brillante - Trassierra - Naranjo,Naranjo - Mirabueno,,,,independantHouse,279.0,,,5,2,,False,,False,,,,,renew,,,,,,,,,,,,,,True,,,
111438994,https://www.idealista.com/inmueble/111438994/,sale,Córdoba,Córdoba,37.9268279,-4.7973917,True,,,Brillante - Trassierra - Naranjo,Brillante,,,,independantHouse,238.0,,,6,3,,False,,False,,,,,good,,,,,,,,,,,,,,True,,,
104253982,https://www.idealista.com/inmueble/104253982/,sale,Córdoba,Córdoba,37.8843652,-4.7896506,True,,,Ciudad Jardín,Ciudad Jardín,,,,flat,80.0,,,2,1,,False,,False,,,,,good,True,,,,,,,,,,,,,False,,1,
106748965,https://www.idealista.com/inmueble/106748965/,sale,Córdoba,Córdoba,37.8924719,-4.7862867,True,,,Centro - Casco Histórico,El Vial - Ronda de Tejares,,,,flat,148.0,,,3,2,,False,,False,,,,,good,True,,,,,,,,,,,,,True,,3,
111114958,https://www.idealista.com/inmueble/111114958/,sale,Córdoba,Córdoba,37.8930259,-4.7637255,True,,,Levante - Lepanto - Fátima,Levante,,,,flat,106.0,,,4,2,,False,,False,,,,,good,True,,,,,,,,,,,,,False,,2,
111498958,https://www.idealista.com/inmueble/111498958/,sale,Córdoba,Córdoba,37.884315,-4.8019602,True,,,Zoco - Poniente - Vistalegre,Zoco - Poniente,,,,penthouse,124.0,,,2,1,,False,,False,,,,,good,False,,,,,,,,,,,,,False,,1,
109796964,https://www.idealista.com/inmueble/109796964/,sale,Córdoba,Córdoba,37.8900521,-4.7604737,True,,,Levante - Lepanto - Fátima,La Viñuela,,,,flat,73.0,,,2,1,,False,,False,,,,,good,False,,,,,,,,,,,,,False,,2,
111807952,https://www.idealista.com/inmueble/111807952/,sale,Córdoba,Córdoba,37.8795589,-4.766836,True,,,Fuensanta - Zona Arcángel,Fuensanta - Arcángel - Santuario,,,,flat,79.0,,,3,1,,False,,False,,,,,good,True,,,,,,,,,,,,,True,,4,
108586946,https://www.idealista.com/inmueble/108586946/,sale,Córdoba,Córdoba,37.9230331,-4.7895047,True,,,Brillante - Trassierra - Naranjo,Brillante,,,,countryHouse,70.0,,,2,1,,False,,False,,,,,good,,,,,,,,,,,,,,True,,,
110550928,https://www.idealista.com/inmueble/110550928/,sale,Córdoba,Córdoba,37.8855637,-4.7729072,True,,,Centro - Casco Histórico,Casco Histórico - Ollerías - Marrubial,,,,flat,105.0,,,3,2,,False,,False,,,,,good,False,,,,,,,,,,,,,False,,2,
99370926,https://www.idealista.com/inmueble/99370926/,sale,Córdoba,Córdoba,37.8887554,-4.7787482,True,,,Centro - Casco Histórico,Centro,,,,terracedHouse,400.0,,,4,5,,False,,False,,,,,good,,,,,,,,,,,,,,True,,,
111906916,https://www.idealista.com/inmueble/111906916/,sale,Córdoba,Córdoba,37.8912235,-4.7571737,True,,,Fuensanta - Zona Arcángel,Cañero - Fidiana,,,,independantHouse,59.0,,,2,1,,False,,False,,,,,renew,,,,,,,,,,,,,,False,,,
111890916,https://www.idealista.com/inmueble/111890916/,sale,Córdoba,Córdoba,37.8844842,-4.773187,True,,,Centro - Casco Histórico,Casco Histórico - Corredera - Ribera,,,,flat,177.0,,,3,2,,False,,False,,,,,good,False,,,,,,,,,,,,,True,,2,
109798912,https://www.idealista.com/inmueble/109798912/,sale,Córdoba,Córdoba,37.8911554,-4.7930526,True,,,Noreña - Figueroa,Carretera Trassierra - Colonia de la Paz,,,,flat,97.0,,,4,2,,False,,False,,,,,good,False,,,,,,,,,,,,,False,,3,
112033902,https://www.idealista.com/inmueble/112033902/,sale,Córdoba,Córdoba,37.8829443,-4.7724316,True,,,Centro - Casco Histórico,Casco Histórico - Corredera - Ribera,,,,terracedHouse,151.0,,,4,2,,False,,False,,,,,good,,,,,,,,,,,,,,False,,,
108140904,https://www.idealista.com/inmueble/108140904/,sale,Córdoba,Córdoba,37.8920181,-4.7824704,True,,,Centro - Casco Histórico,El Vial - Ronda de Tejares,,,,flat,167.0,,,3,2,,False,,False,,,,,good,True,,,,,,,,,,,,,True,,1,
111133885,https://www.idealista.com/inmueble/111133885/,sale,Córdoba,Córdoba,37.9256008,-4.7513938,True,,,Brillante - Trassierra - Naranjo,Paraíso Arenal - La Colina,,,,independantHouse,195.0,,,3,2,,False,,False,,,,,good,,,,,,,,,,,,,,True,,,
107735883,https://www.idealista.com/inmueble/107735883/,sale,Córdoba,Córdoba,37.8821725,-4.7684014,True,,,Centro - Casco Histórico,Casco Histórico - Corredera - Ribera,,,,independantHouse,567.0,,,10,3,,False,,False,,,,,renew,,,,,,,,,,,,,,False,,,
87099872,https://www.idealista.com/inmueble/87099872/,sale,Córdoba,Córdoba,37.8800601,-4.7766893,True,,,Centro - Casco Histórico,Casco Histórico - Corredera - Ribera,,,,duplex,123.0,,,3,2,,True,,False,,,,,good,False,,,,,,,,,,,,,True,,2,
112055835,https://www.idealista.com/inmueble/112055835/,sale,Córdoba,Córdoba,37.9165415,-4.8058297,True,,,Brillante - Trassierra - Naranjo,Brillante,,,,independantHouse,218.0,,,4,3,,False,,False,,,,,renew,,,,,,,,,,,,,,False,,,
109337822,https://www.idealista.com/inmueble/109337822/,sale,Córdoba,Córdoba,37.8942894,-4.7947132,True,,,Noreña - Figueroa,Tablero,,,,studio,25.0,,,0,1,,False,,True,,,,,good,False,,,,,,,,,,,,,False,,,
106257822,https://www.idealista.com/inmueble/106257822/,sale,Córdoba,Córdoba,37.8850388,-4.795572,True,,,Ciudad Jardín,Ciudad Jardín,,,,flat,100.0,,,4,1,,False,,False,,,,,good,False,,,,,,,,,,,,,False,,3,
107568775,https://www.idealista.com/inmueble/107568775/,sale,Córdoba,Córdoba,37.8907141,-4.7772821,True,,,Centro - Casco Histórico,Casco Histórico - Ollerías - Marrubial,,,,flat,98.0,,,3,2,,False,,False,,,,,renew,False,,,,,,,,,,,,,False,,1,
108341772,https://www.idealista.com/inmueble/108341772/,sale,Córdoba,Córdoba,37.8786276,-4.7758304,True,,,Centro - Casco Histórico,Casco Histórico - Corredera - Ribera,,,,independantHouse,225.0,,,3,2,,False,,False,,,,,good,,,,,,,,,,,,,,False,,,
110789766,https://www.idealista.com/inmueble/110789766/,sale,Córdoba,Córdoba,37.8874732,-4.7830008,True,,,Centro - Casco Histórico,El Vial - Ronda de Tejares,,,,flat,236.0,,,4,4,,False,,False,,,,,good,True,,,,,,,,,,,,,True,,3,
109846755,https://www.idealista.com/inmueble/109846755/,sale,Córdoba,Córdoba,37.9203467,-4.8001883,True,,,Brillante - Trassierra - Naranjo,Brillante,,,,independantHouse,307.0,,,4,3,,False,,False,,,,,good,,,,,,,,,,,,,,True,,,
110942755,https://www.idealista.com/inmueble/110942755/,sale,Córdoba,Córdoba,37.8754429,-4.7928586,True,,,Zoco - Poniente - Vistalegre,Vistalegre - Parque Cruz - Universidades,,,,flat,198.0,,,5,3,,False,,False,,,,,good,True,,,,,,,,,,,,,True,,2,
109884752,https://www.idealista.com/inmueble/109884752/,sale,Córdoba,Córdoba,37.8829515,-4.7606286,True,,,Fuensanta - Zona Arcángel,Fuensanta - Arcángel - Santuario,,,,flat,77.0,,,2,1,,False,,False,,,,,good,False,,,,,,,,,,,,,False,,1,
100854744,https://www.idealista.com/inmueble/100854744/,sale,Córdoba,Córdoba,37.9040103,-4.7845248,True,,,Brillante - Trassierra - Naranjo,Brillante,,,,independantHouse,286.0,,,5,4,,False,,False,,,,,good,,,,,,,,,,,,,,True,,,
112121709,https://www.idealista.com/inmueble/112121709/,sale,Córdoba,Córdoba,37.9209272,-4.8012168,True,,,Brillante - Trassierra - Naranjo,Brillante,,,,independantHouse,422.0,,,6,4,,False,,False,,,,,good,,,,,,,,,,,,,,True,,,
88541700,https://www.idealista.com/inmueble/88541700/,sale,Córdoba,Córdoba,37.888384,-4.7717796,True,,,Centro - Casco Histórico,Casco Histórico - Ollerías - Marrubial,,,,independantHouse,725.0,,,6,6,,False,,False,,,,,good,,,,,,,,,,,,,,True,,,
85539690,https://www.idealista.com/inmueble/85539690/,sale,Córdoba,Córdoba,37.9148811,-4.8086072,True,,,Brillante - Trassierra - Naranjo,Brillante,,,,independantHouse,474.0,,,5,3,,False,,False,,,,,good,,,,,,,,,,,,,,True,,,
108649684,https://www.idealista.com/inmueble/108649684/,sale,Córdoba,Córdoba,37.9089043,-4.7829074,True,,,Brillante - Trassierra - Naranjo,Naranjo - Mirabueno,,,,independantHouse,389.0,,,4,2,,False,,False,,,,,good,,,,,,,,,,,,,,True,,,
97897682,https://www.idealista.com/inmueble/97897682/,sale,Córdoba,Córdoba,37.9191171,-4.7881791,True,,,Brillante - Trassierra - Naranjo,Brillante,,,,independantHouse,600.0,,,9,5,,False,,False,,,,,good,,,,,,,,,,,,,,True,,,
111837655,https://www.idealista.com/inmueble/111837655/,sale,Córdoba,Córdoba,37.8794432,-4.7905899,True,,,Ciudad Jardín,Ciudad Jardín,,,,flat,138.0,,,4,2,,False,,False,,,,,good,False,,,,,,,,,,,,,False,,2,
111751655,https://www.idealista.com/inmueble/111751655/,sale,Córdoba,Córdoba,37.894114,-4.7643947,True,,,Levante - Lepanto - Fátima,Levante,,,,penthouse,105.0,,,3,1,,False,,False,,,,,good,True,,,,,,,,,,,,,False,,4,
112225650,https://www.idealista.com/inmueble/112225650/,sale,Córdoba,Córdoba,37.8824807,-4.773518,True,,,Centro - Casco Histórico,Casco Histórico - Corredera - Ribera,,,,flat,114.0,,,3,2,,False,,False,,,,,good,False,,,,,,,,,,,,,False,,1,
111971639,https://www.idealista.com/inmueble/111971639/,sale,Córdoba,Córdoba,37.8779678,-4.7961427,True,,,Zoco - Poniente - Vistalegre,Zoco - Poniente,,,,flat,120.0,,,3,2,,False,,False,,,,,good,True,,,,,,,,,,,,,True,,4,
110971632,https://www.idealista.com/inmueble/110971632/,sale,Córdoba,Córdoba,37.872352,-4.7775325,True,,,Sector sur - Santa Cruz,Sector sur - Santa Cruz,,,,independantHouse,151.0,,,4,2,,False,,False,,,,,good,,,,,,,,,,,,,,True,,,
110547624,https://www.idealista.com/inmueble/110547624/,sale,Córdoba,Córdoba,37.8838788,-4.7801299,True,,,Centro - Casco Histórico,Judería - San Basilio,,,,flat,192.0,,,4,3,,False,,False,,,,,good,True,,,,,,,,,,,,,True,,1,
99000609,https://www.idealista.com/inmueble/99000609/,sale,Córdoba,Córdoba,37.8856236,-4.7697405,True,,,Centro - Casco Histórico,Casco Histórico - Corredera - Ribera,,,,independantHouse,200.0,,,0,0,,False,,False,,,,,renew,,,,,,,,,,,,,,False,,,
111813588,https://www.idealista.com/inmueble/111813588/,sale,Córdoba,Córdoba,37.8903217,-4.7724468,True,,,Centro - Casco Histórico,Casco Histórico - Ollerías - Marrubial,,,,independantHouse,725.0,,,6,5,,False,,False,,,,,good,,,,,,,,,,,,,,True,,,
96599577,https://www.idealista.com/inmueble/96599577/,sale,Córdoba,Córdoba,37.9205644,-4.7942945,True,,,Brillante - Trassierra - Naranjo,Brillante,,,,independantHouse,452.0,,,10,6,,False,,False,,,,,good,,,,,,,,,,,,,,True,,,
112160535,https://www.idealista.com/inmueble/112160535/,sale,Córdoba,Córdoba,37.8947461,-4.7847292,True,,,Santa Rosa - Valdeolleros,Huerta de la Reina,,,,terracedHouse,160.0,,,7,3,,False,,False,,,,,renew,,,,,,,,,,,,,,False,,,
110550538,https://www.idealista.com/inmueble/110550538/,sale,Córdoba,Córdoba,37.8853124,-4.7790029,True,,,Centro - Casco Histórico,Centro,,,,flat,87.0,,,2,2,,False,,False,,,,,good,True,,,,,,,,,,,,,False,,2,
107617533,https://www.idealista.com/inmueble/107617533/,sale,Córdoba,Córdoba,37.8883636,-4.7730178,True,,,Centro - Casco Histórico,Casco Histórico - Ollerías - Marrubial,,,,independantHouse,725.0,,,7,6,,False,,False,,,,,good,,,,,,,,,,,,,,True,,,
112227523,https://www.idealista.com/inmueble/112227523/,sale,Córdoba,Córdoba,37.8729316,-4.7777623,True,,,Campo de la Verdad,Campo de la Verdad,,,,independantHouse,60.0,,,2,1,,False,,False,,,,,good,,,,,,,,,,,,,,False,,,
110508514,https://www.idealista.com/inmueble/110508514/,sale,Córdoba,Córdoba,37.8871992,-4.7823424,True,,,Centro - Casco Histórico,Centro,,,,flat,160.0,,,6,2,,False,,False,,,,,renew,True,,,,,,,,,,,,,False,,2,
112133488,https://www.idealista.com/inmueble/112133488/,sale,Córdoba,Córdoba,37.8921715,-4.7892764,True,,,Noreña - Figueroa,Carretera Trassierra - Colonia de la Paz,,,,flat,105.0,,,3,1,,False,,False,,,,,good,False,,,,,,,,,,,,,False,,2,
96883483,https://www.idealista.com/inmueble/96883483/,sale,Córdoba,Córdoba,37.888408,-4.7800625,True,,,Centro - Casco Histórico,El Vial - Ronda de Tejares,,,,flat,175.0,,,3,2,,False,,False,,,,,renew,True,,,,,,,,,,,,,False,,1,
111801460,https://www.idealista.com/inmueble/111801460/,sale,Córdoba,Córdoba,37.880577,-4.7723367,True,,,Centro - Casco Histórico,Casco Histórico - Corredera - Ribera,,,,independantHouse,317.0,,,7,2,,False,,False,,,,,renew,,,,,,,,,,,,,,False,,,
110880439,https://www.idealista.com/inmueble/110880439/,sale,Córdoba,Córdoba,37.8839303,-4.7708691,True,,,Centro - Casco Histórico,Casco Histórico - Corredera - Ribera,,,,flat,114.0,,,3,2,,False,,False,,,,,renew,False,,,,,,,,,,,,,False,,1,
107837444,https://www.idealista.com/inmueble/107837444/,sale,Córdoba,Córdoba,37.9137034,-4.7864317,True,,,Brillante - Trassierra - Naranjo,Brillante,,,,independantHouse,812.0,,,6,6,,False,,False,,,,,good,,,,,,,,,,,,,,True,,,
112096421,https://www.idealista.com/inmueble/112096421/,sale,Córdoba,Córdoba,37.8909635,-4.7656827,True,,,Levante - Lepanto - Fátima,La Viñuela,,,,penthouse,69.0,,,3,1,,False,,False,,,,,good,False,,,,,,,,,,,,,False,,4,
33603427,https://www.idealista.com/inmueble/33603427/,sale,Córdoba,Córdoba,37.8879744,-4.7802179,True,,,Centro - Casco Histórico,Centro,,,,flat,167.0,,,5,3,,False,,False,,,,,good,True,,,,,,,,,,,,,False,,2,
111337417,https://www.idealista.com/inmueble/111337417/,sale,Córdoba,Córdoba,37.8924529,-4.7613403,True,,,Levante - Lepanto - Fátima,La Viñuela,,,,flat,80.0,,,3,2,,False,,False,,,,,good,True,,,,,,,,,,,,,False,,2,
103875415,https://www.idealista.com/inmueble/103875415/,sale,Córdoba,Córdoba,37.9171133,-4.7869988,True,,,Brillante - Trassierra - Naranjo,Brillante,,,,independantHouse,566.0,,,7,2,,False,,False,,,,,good,,,,,,,,,,,,,,True,,,
112244402,https://www.idealista.com/inmueble/112244402/,sale,Córdoba,Córdoba,37.8980504,-4.752613,True,,,Levante - Lepanto - Fátima,Fátima - Campiñuela,,,,flat,68.0,,,2,1,,False,,False,,,,,good,True,,,,,,,,,,,,,False,,7,
107385373,https://www.idealista.com/inmueble/107385373/,sale,Córdoba,Córdoba,37.8881683,-4.7607988,True,,,Levante - Lepanto - Fátima,La Viñuela,,,,flat,70.0,,,2,1,,False,,False,,,,,good,False,,,,,,,,,,,,,False,,2,
99826325,https://www.idealista.com/inmueble/99826325/,sale,Córdoba,Córdoba,37.8791654,-4.7896842,True,,,Ciudad Jardín,Ciudad Jardín,,,,flat,90.0,,,3,1,,False,,False,,,,,good,True,,,,,,,,,,,,,False,,4,
110803305,https://www.idealista.com/inmueble/110803305/,sale,Córdoba,Córdoba,37.8863217,-4.7819058,True,,,Centro - Casco Histórico,Centro,,,,flat,416.0,,,8,5,,False,,False,,,,,renew,True,,,,,,,,,,,,,True,,3,
112276288,https://www.idealista.com/inmueble/112276288/,sale,Córdoba,Córdoba,37.8974133,-4.7599423,True,,,Levante - Lepanto - Fátima,Levante,,,,flat,73.0,,,2,1,,False,,False,,,,,good,False,,,,,,,,,,,,,False,,3,
109739273,https://www.idealista.com/inmueble/109739273/,sale,Córdoba,Córdoba,37.8865387,-4.7926042,True,,,Ciudad Jardín,Ciudad Jardín,,,,flat,104.0,,,2,2,,False,,False,,,,,good,True,,,,,,,,,,,,,True,,,
112150264,https://www.idealista.com/inmueble/112150264/,sale,Córdoba,Córdoba,37.8805625,-4.7893398,True,,,Ciudad Jardín,Ciudad Jardín,,,,flat,112.0,,,4,1,,False,,False,,,,,good,True,,,,,,,,,,,,,False,,2,
110853257,https://www.idealista.com/inmueble/110853257/,sale,Córdoba,Córdoba,37.8945078,-4.7598323,True,,,Levante - Lepanto - Fátima,Levante,,,,independantHouse,264.0,,,6,2,,False,,False,,,,,good,,,,,,,,,,,,,,False,,,
107557245,https://www.idealista.com/inmueble/107557245/,sale,Córdoba,Córdoba,37.8772215,-4.7742243,True,,,Campo de la Verdad,Campo de la Verdad,,,,independantHouse,92.0,,,4,1,,False,,False,,,,,good,,,,,,,,,,,,,,False,,,
112182217,https://www.idealista.com/inmueble/112182217/,sale,Córdoba,Córdoba,37.888614,-4.773278,True,,,Centro - Casco Histórico,Casco Histórico - Ollerías - Marrubial,,,,flat,57.0,,,2,1,,False,,False,,,,,good,False,,,,,,,,,,,,,True,,1,
111908194,https://www.idealista.com/inmueble/111908194/,sale,Córdoba,Córdoba,37.8818023,-4.7939154,True,,,Ciudad Jardín,Ciudad Jardín,,,,flat,54.0,,,2,1,,False,,False,,,,,good,False,,,,,,,,,,,,,False,,bj,
109849103,https://www.idealista.com/inmueble/109849103/,sale,Córdoba,Córdoba,37.8795473,-4.7730671,True,,,Centro - Casco Histórico,Casco Histórico - Corredera - Ribera,,,,flat,95.0,,,1,1,,False,,False,,,,,good,False,,,,,,,,,,,,,False,,,
111314087,https://www.idealista.com/inmueble/111314087/,sale,Córdoba,Córdoba,37.8885516,-4.7744976,True,,,Centro - Casco Histórico,Casco Histórico - Ollerías - Marrubial,,,,flat,95.0,,,4,1,,False,,False,,,,,good,False,,,,,,,,,,,,,True,,2,
109603082,https://www.idealista.com/inmueble/109603082/,sale,Córdoba,Córdoba,37.8817764,-4.7635395,True,,,Fuensanta - Zona Arcángel,Fuensanta - Arcángel - Santuario,,,,flat,80.0,,,3,1,,False,,False,,,,,good,False,,,,,,,,,,,,,False,,,
109768045,https://www.idealista.com/inmueble/109768045/,sale,Córdoba,Córdoba,37.8883783,-4.770548,True,,,Centro - Casco Histórico,Casco Histórico - Ollerías - Marrubial,,,,independantHouse,725.0,,,7,6,,False,,False,,,,,good,,,,,,,,,,,,,,True,,,
109022031,https://www.idealista.com/inmueble/109022031/,sale,Córdoba,Córdoba,37.8748095,-4.7761655,True,,,Campo de la Verdad,Campo de la Verdad,,,,terracedHouse,100.0,,,3,2,,False,,False,,,,,good,,,,,,,,,,,,,,True,,,
112226008,https://www.idealista.com/inmueble/112226008/,sale,Córdoba,Córdoba,37.8917683,-4.7856602,True,,,Santa Rosa - Valdeolleros,Huerta de la Reina,,,,flat,120.0,,,3,2,,False,,False,,,,,good,False,,,,,,,,,,,,,True,,1,
111180000,https://www.idealista.com/inmueble/111180000/,sale,Córdoba,Córdoba,37.8884103,-4.7913575,True,,,Centro - Casco Histórico,Cercadilla - Medina Azahara,,,,flat,92.0,,,2,1,,False,,False,,,,,good,True,,,,,,,,,,,,,True,,1,
85436981,https://www.idealista.com/inmueble/85436981/,sale,Córdoba,Córdoba,37.8856064,-4.7800282,True,,,Centro - Casco Histórico,Centro,,,,independantHouse,367.0,,,4,5,,False,,False,,,,,good,,,,,,,,,,,,,,True,,,
109936967,https://www.idealista.com/inmueble/109936967/,sale,Córdoba,Córdoba,37.8838113,-4.772095,True,,,Centro - Casco Histórico,Casco Histórico - Corredera - Ribera,,,,studio,45.0,,,0,1,,False,,True,,,,,good,False,,,,,,,,,,,,,False,,,
110690840,https://www.idealista.com/inmueble/110690840/,sale,Córdoba,Córdoba,37.882368,-4.7869994,True,,,Ciudad Jardín,Ciudad Jardín,,,,flat,61.0,,,2,1,,False,,False,,,,,good,False,,,,,,,,,,,,,True,,1,
111267807,https://www.idealista.com/inmueble/111267807/,sale,Córdoba,Córdoba,37.911252,-4.8020977,True,,,Brillante - Trassierra - Naranjo,Brillante,,,,independantHouse,813.0,,,11,9,,False,,False,,,,,good,,,,,,,,,,,,,,True,,,
112193781,https://www.idealista.com/inmueble/112193781/,sale,Córdoba,Córdoba,37.919777,-4.8016416,True,,,Brillante - Trassierra - Naranjo,Brillante,,,,independantHouse,336.0,,,4,3,,False,,False,,,,,good,,,,,,,,,,,,,,True,,,
112164758,https://www.idealista.com/inmueble/112164758/,sale,Córdoba,Córdoba,37.9089991,-4.777003,True,,,Brillante - Trassierra - Naranjo,Naranjo - Mirabueno,,,,flat,74.0,,,3,1,,False,,False,,,,,renew,False,,,,,,,,,,,,,False,,3,
111394750,https://www.idealista.com/inmueble/111394750/,sale,Córdoba,Córdoba,37.9006772,-4.7890406,True,,,Noreña - Figueroa,Tablero,,,,independantHouse,460.0,,,6,3,,False,,False,,,,,good,,,,,,,,,,,,,,True,,,
111379732,https://www.idealista.com/inmueble/111379732/,sale,Córdoba,Córdoba,37.8936127,-4.7609694,True,,,Levante - Lepanto - Fátima,La Viñuela,,,,flat,77.0,,,3,2,,False,,False,,,,,good,True,,,,,,,,,,,,,False,,,
111320715,https://www.idealista.com/inmueble/111320715/,sale,Córdoba,Córdoba,37.8878123,-4.7735127,True,,,Centro - Casco Histórico,Casco Histórico - Ollerías - Marrubial,,,,independantHouse,181.0,,,3,1,,False,,False,,,,,good,,,,,,,,,,,,,,True,,,
85540677,https://www.idealista.com/inmueble/85540677/,sale,Córdoba,Córdoba,37.8963901,-4.8029518,True,,,Noreña - Figueroa,Tablero,,,,penthouse,143.0,,,3,2,,False,,False,,,,,good,True,,,,,,,,,,,,,False,,5,
102470672,https://www.idealista.com/inmueble/102470672/,sale,Córdoba,Córdoba,37.887549,-4.7743629,True,,,Centro - Casco Histórico,Casco Histórico - Ollerías - Marrubial,,,,independantHouse,428.0,,,5,4,,False,,False,,,,,good,,,,,,,,,,,,,,True,,,
107236654,https://www.idealista.com/inmueble/107236654/,sale,Córdoba,Córdoba,37.887795,-4.7717723,True,,,Centro - Casco Histórico,Casco Histórico - Ollerías - Marrubial,,,,independantHouse,177.0,,,5,2,,False,,False,,,,,good,,,,,,,,,,,,,,False,,,
111797644,https://www.idealista.com/inmueble/111797644/,sale,Córdoba,Córdoba,37.8934939,-4.7938876,True,,,Noreña - Figueroa,Carretera Trassierra - Colonia de la Paz,,,,independantHouse,176.0,,,4,2,,False,,False,,,,,good,,,,,,,,,,,,,,False,,,
111471633,https://www.idealista.com/inmueble/111471633/,sale,Córdoba,Córdoba,37.8903057,-4.7824707,True,,,Centro - Casco Histórico,El Vial - Ronda de Tejares,,,,flat,53.0,,,1,1,,False,,False,,,,,good,True,,,,,,,,,,,,,False,,4,
105561634,https://www.idealista.com/inmueble/105561634/,sale,Córdoba,Córdoba,37.8752976,-4.7952685,True,,,Zoco - Poniente - Vistalegre,Zoco - Poniente,,,,flat,36.0,,,1,1,,False,,False,,,,,good,True,,,,,,,,,,,,,False,,1,
111508601,https://www.idealista.com/inmueble/111508601/,sale,Córdoba,Córdoba,37.889695,-4.7632247,True,,,Levante - Lepanto - Fátima,La Viñuela,,,,flat,90.0,,,3,1,,False,,False,,,,,good,True,,,,,,,,,,,,,True,,2,
112156593,https://www.idealista.com/inmueble/112156593/,sale,Córdoba,Córdoba,37.8952694,-4.7734045,True,,,Centro - Casco Histórico,San Cayetano,,,,flat,148.0,,,3,2,,False,,False,,,,,good,True,,,,,,,,,,,,,True,,2,
112224354,https://www.idealista.com/inmueble/112224354/,sale,Córdoba,Córdoba,37.895029,-4.7755092,True,,,Santa Rosa - Valdeolleros,Santa Rosa - San José,,,,flat,73.0,,,3,1,,False,,False,,,,,renew,True,,,,,,,,,,,,,False,,1,
112322330,https://www.idealista.com/inmueble/112322330/,sale,Córdoba,Córdoba,37.8886308,-4.7638458,True,,,Levante - Lepanto - Fátima,La Viñuela,,,,flat,92.0,,,3,1,,False,,False,,,,,good,True,,,,,,,,,,,,,False,,3,
112227215,https://www.idealista.com/inmueble/112227215/,sale,Córdoba,Córdoba,37.9010181,-4.757307,True,,,Levante - Lepanto - Fátima,Fátima - Campiñuela,,,,flat,113.0,,,3,2,,False,,False,,,,,good,True,,,,,,,,,,,,,True,,4,
112106068,https://www.idealista.com/inmueble/112106068/,sale,Córdoba,Córdoba,37.8624755,-4.7717909,True,,,Campo de la Verdad,Campo de la Verdad,,,,independantHouse,107.0,,,3,1,,False,,False,,,,,renew,,,,,,,,,,,,,,False,,,
107040929,https://www.idealista.com/inmueble/107040929/,sale,Córdoba,Córdoba,37.8800892,-4.8130331,True,,,Noreña - Figueroa,Miralbaida - Parque Azahara,,,,flat,67.0,,,2,1,,False,,False,,,,,good,False,,,,,,,,,,,,,False,,7,
109512907,https://www.idealista.com/inmueble/109512907/,sale,Córdoba,Córdoba,37.8848968,-4.7777213,True,,,Centro - Casco Histórico,Centro,,,,flat,90.0,,,2,2,,False,,False,,,,,good,True,,,,,,,,,,,,,True,,1,
109600885,https://www.idealista.com/inmueble/109600885/,sale,Córdoba,Córdoba,37.8900281,-4.7695477,False,,,Centro - Casco Histórico,Casco Histórico - Ollerías - Marrubial,,,,flat,74.0,,,3,1,,False,,False,,,,,good,False,,,,,,,,,,,,,False,,1,
111398862,https://www.idealista.com/inmueble/111398862/,sale,Córdoba,Córdoba,37.8653116,-4.7778638,True,,,Sector sur - Santa Cruz,Sector sur - Santa Cruz,,,,flat,57.0,,,3,1,,False,,False,,,,,good,False,,,,,,,,,,,,,False,,1,
111471858,https://www.idealista.com/inmueble/111471858/,sale,Córdoba,Córdoba,37.8825679,-4.7940666,True,,,Ciudad Jardín,Ciudad Jardín,,,,flat,79.0,,,3,1,,False,,False,,,,,good,True,,,,,,,,,,,,,False,,1,
108586854,https://www.idealista.com/inmueble/108586854/,sale,Córdoba,Córdoba,37.8787781,-4.7821358,True,,,Centro - Casco Histórico,Judería - San Basilio,,,,flat,102.0,,,2,2,,False,,False,,,,,good,True,,,,,,,,,,,,,False,,bj,
112214824,https://www.idealista.com/inmueble/112214824/,sale,Córdoba,Córdoba,37.8897348,-4.7635379,True,,,Levante - Lepanto - Fátima,La Viñuela,,,,flat,62.0,,,3,1,,False,,False,,,,,good,True,,,,,,,,,,,,,False,,1,
112144719,https://www.idealista.com/inmueble/112144719/,sale,Córdoba,Córdoba,37.8813824,-4.7653834,True,,,Fuensanta - Zona Arcángel,Fuensanta - Arcángel - Santuario,,,,flat,64.0,,,3,1,,False,,False,,,,,good,False,,,,,,,,,,,,,False,,1,
111632613,https://www.idealista.com/inmueble/111632613/,sale,Córdoba,Córdoba,37.8894829,-4.7630923,True,,,Levante - Lepanto - Fátima,La Viñuela,,,,flat,62.0,,,3,1,,False,,False,,,,,good,True,,,,,,,,,,,,,False,,1,
109392599,https://www.idealista.com/inmueble/109392599/,sale,Córdoba,Córdoba,37.8922208,-4.7947637,True,,,Noreña - Figueroa,Carretera Trassierra - Colonia de la Paz,,,,flat,63.0,,,3,1,,False,,False,,,,,renew,False,,,,,,,,,,,,,False,,1,
112008593,https://www.idealista.com/inmueble/112008593/,sale,Córdoba,Córdoba,37.8686423,-4.7711031,True,,,Campo de la Verdad,Campo de la Verdad,,,,independantHouse,97.0,,,2,1,,False,,False,,,,,good,,,,,,,,,,,,,,False,,,
111819570,https://www.idealista.com/inmueble/111819570/,sale,Córdoba,Córdoba,37.8941344,-4.7736749,True,,,Santa Rosa - Valdeolleros,Santa Rosa - San José,,,,studio,50.0,,,0,1,,False,,True,,,,,good,False,,,,,,,,,,,,,False,,,
112341558,https://www.idealista.com/inmueble/112341558/,sale,Córdoba,Córdoba,37.8979835,-4.7772915,True,,,Santa Rosa - Valdeolleros,Santa Rosa - San José,,,,studio,40.0,,,0,1,,False,,True,,,,,good,False,,,,,,,,,,,,,False,,,
111819543,https://www.idealista.com/inmueble/111819543/,sale,Córdoba,Córdoba,37.8948852,-4.7735652,True,,,Santa Rosa - Valdeolleros,Santa Rosa - San José,,,,studio,51.0,,,0,1,,False,,True,,,,,good,False,,,,,,,,,,,,,False,,,
111819540,https://www.idealista.com/inmueble/111819540/,sale,Córdoba,Córdoba,37.8965384,-4.7760729,True,,,Santa Rosa - Valdeolleros,Santa Rosa - San José,,,,studio,52.0,,,0,1,,False,,True,,,,,good,False,,,,,,,,,,,,,False,,,
112152526,https://www.idealista.com/inmueble/112152526/,sale,Córdoba,Córdoba,37.879783,-4.766291,True,,,Fuensanta - Zona Arcángel,Fuensanta - Arcángel - Santuario,,,,flat,42.0,,,1,1,,False,,False,,,,,renew,False,,,,,,,,,,,,,False,,bj,
111145524,https://www.idealista.com/inmueble/111145524/,sale,Córdoba,Córdoba,37.9004785,-4.7599461,True,,,Levante - Lepanto - Fátima,Fátima - Campiñuela,,,,flat,79.0,,,3,1,,False,,False,,,,,good,,,,,,,,,,,,,,False,,,
110023503,https://www.idealista.com/inmueble/110023503/,sale,Córdoba,Córdoba,37.8964483,-4.763049,True,,,Levante - Lepanto - Fátima,Levante,,,,studio,45.0,,,0,1,,False,,True,,,,,good,False,,,,,,,,,,,,,False,,,
112156422,https://www.idealista.com/inmueble/112156422/,sale,Córdoba,Córdoba,37.8786553,-4.7643619,True,,,Fuensanta - Zona Arcángel,Fuensanta - Arcángel - Santuario,,,,flat,76.0,,,3,1,,False,,False,,,,,renew,True,,,,,,,,,,,,,False,,1,
112172385,https://www.idealista.com/inmueble/112172385/,sale,Córdoba,Córdoba,37.8967607,-4.765411,True,,,Levante - Lepanto - Fátima,Levante,,,,flat,112.0,,,4,2,,False,,False,,,,,good,False,,,,,,,,,,,,,False,,2,
112127323,https://www.idealista.com/inmueble/112127323/,sale,Córdoba,Córdoba,37.8721443,-4.7769009,True,,,Sector sur - Santa Cruz,Sector sur - Santa Cruz,,,,flat,102.0,,,3,2,,False,,False,,,,,good,True,,,,,,,,,,,,,False,,2,
111959297,https://www.idealista.com/inmueble/111959297/,sale,Córdoba,Córdoba,37.8910188,-4.764249,True,,,Levante - Lepanto - Fátima,La Viñuela,,,,flat,73.0,,,3,1,,False,,False,,,,,renew,False,,,,,,,,,,,,,False,,2,
111840293,https://www.idealista.com/inmueble/111840293/,sale,Córdoba,Córdoba,37.8891439,-4.7556806,True,,,Fuensanta - Zona Arcángel,Cañero - Fidiana,,,,independantHouse,79.0,,,3,1,,False,,False,,,,,renew,,,,,,,,,,,,,,False,,,
111991291,https://www.idealista.com/inmueble/111991291/,sale,Córdoba,Córdoba,37.8946208,-4.7868619,False,,,Santa Rosa - Valdeolleros,Huerta de la Reina,,,,semidetachedHouse,125.0,,,4,2,,False,,False,,,,,good,,,,,,,,,,,,,,True,,,
111889276,https://www.idealista.com/inmueble/111889276/,sale,Córdoba,Córdoba,37.8796609,-4.7978381,True,,,Zoco - Poniente - Vistalegre,Zoco - Poniente,,,,flat,69.0,,,2,2,,False,,False,,,,,good,True,,,,,,,,,,,,,True,,1,
110939251,https://www.idealista.com/inmueble/110939251/,sale,Córdoba,Córdoba,37.8823766,-4.7695893,True,,,Centro - Casco Histórico,Casco Histórico - Corredera - Ribera,,,,flat,93.0,,,2,1,,False,,False,,,,,good,False,,,,,,,,,,,,,False,,1,
112172238,https://www.idealista.com/inmueble/112172238/,sale,Córdoba,Córdoba,37.891671,-4.7927481,True,,,Noreña - Figueroa,Carretera Trassierra - Colonia de la Paz,,,,flat,45.0,,,1,1,,False,,False,,,,,good,False,,,,,,,,,,,,,False,,2,
112172217,https://www.idealista.com/inmueble/112172217/,sale,Córdoba,Córdoba,37.8701944,-4.7705114,True,,,Campo de la Verdad,Campo de la Verdad,,,,chalet,65.0,,,2,1,,False,,False,,,,,good,,,,,,,,,,,,,,False,,,
110842199,https://www.idealista.com/inmueble/110842199/,sale,Córdoba,Córdoba,37.8980707,-4.7565403,False,,,Levante - Lepanto - Fátima,Fátima - Campiñuela,,,,flat,78.0,,,3,1,,False,,False,,,,,good,True,,,,,,,,,,,,,False,,1,
112357183,https://www.idealista.com/inmueble/112357183/,sale,Córdoba,Córdoba,37.8971713,-4.7780635,True,,,Santa Rosa - Valdeolleros,Valdeolleros - Zumbacón - Camping,,,,independantHouse,108.0,,,3,2,,False,,False,,,,,renew,,,,,,,,,,,,,,False,,,
112172159,https://www.idealista.com/inmueble/112172159/,sale,Córdoba,Córdoba,37.8668174,-4.7815936,True,,,Sector sur - Santa Cruz,Sector sur - Santa Cruz,,,,chalet,59.0,,,1,1,,False,,False,,,,,good,,,,,,,,,,,,,,False,,,
111737105,https://www.idealista.com/inmueble/111737105/,sale,Córdoba,Córdoba,37.8582997,-4.7815861,False,,,Sector sur - Santa Cruz,Sector sur - Santa Cruz,,,,flat,74.0,,,3,1,,False,,False,,,,,good,False,,,,,,,,,,,,,False,,2,
112172077,https://www.idealista.com/inmueble/112172077/,sale,Córdoba,Córdoba,37.8679328,-4.7751016,True,,,Sector sur - Santa Cruz,Sector sur - Santa Cruz,,,,chalet,58.0,,,1,1,,False,,False,,,,,good,,,,,,,,,,,,,,False,,,
111434083,https://www.idealista.com/inmueble/111434083/,sale,Córdoba,Córdoba,37.8953601,-4.7760936,True,,,Santa Rosa - Valdeolleros,Valdeolleros - Zumbacón - Camping,,,,flat,108.0,,,3,2,,False,,False,,,,,good,True,,,,,,,,,,,,,True,,,
112172073,https://www.idealista.com/inmueble/112172073/,sale,Córdoba,Córdoba,37.8635874,-4.780871,True,,,Sector sur - Santa Cruz,Sector sur - Santa Cruz,,,,flat,59.0,,,1,1,,False,,False,,,,,good,False,,,,,,,,,,,,,False,,bj,
112172072,https://www.idealista.com/inmueble/112172072/,sale,Córdoba,Córdoba,37.8692405,-4.7724048,True,,,Campo de la Verdad,Campo de la Verdad,,,,chalet,69.0,,,2,1,,False,,False,,,,,good,,,,,,,,,,,,,,False,,,
112215056,https://www.idealista.com/inmueble/112215056/,sale,Córdoba,Córdoba,37.8915225,-4.7622488,True,,,Levante - Lepanto - Fátima,La Viñuela,,,,flat,62.0,,,3,1,,False,,False,,,,,good,True,,,,,,,,,,,,,False,,1,
112172054,https://www.idealista.com/inmueble/112172054/,sale,Córdoba,Córdoba,37.8639337,-4.7817097,True,,,Sector sur - Santa Cruz,Sector sur - Santa Cruz,,,,flat,57.0,,,1,1,,False,,False,,,,,good,False,,,,,,,,,,,,,False,,2,
110294041,https://www.idealista.com/inmueble/110294041/,sale,Córdoba,Córdoba,37.8788872,-4.7729635,True,,,Centro - Casco Histórico,Casco Histórico - Corredera - Ribera,,,,terracedHouse,270.0,,,6,2,,False,,False,,,,,renew,,,,,,,,,,,,,,False,,,
111331015,https://www.idealista.com/inmueble/111331015/,sale,Córdoba,Córdoba,37.8917908,-4.7641523,True,,,Levante - Lepanto - Fátima,La Viñuela,,,,flat,70.0,,,3,1,,False,,False,,,,,good,True,,,,,,,,,,,,,False,,3,
112171978,https://www.idealista.com/inmueble/112171978/,sale,Córdoba,Córdoba,37.8811899,-4.8188329,True,,,Noreña - Figueroa,Miralbaida - Parque Azahara,,,,flat,85.0,,,3,2,,False,,False,,,,,good,False,,,,,,,,,,,,,False,,1,
111878971,https://www.idealista.com/inmueble/111878971/,sale,Córdoba,Córdoba,37.8924457,-4.7609253,True,,,Levante - Lepanto - Fátima,Levante,,,,flat,80.0,,,2,1,,False,,False,,,,,renew,True,,,,,,,,,,,,,False,,bj,
112232960,https://www.idealista.com/inmueble/112232960/,sale,Córdoba,Córdoba,37.8705028,-4.7781117,True,,,Sector sur - Santa Cruz,Sector sur - Santa Cruz,,,,chalet,65.0,,,2,1,,False,,False,,,,,good,,,,,,,,,,,,,,False,,,
111208936,https://www.idealista.com/inmueble/111208936/,sale,Córdoba,Córdoba,37.8754599,-4.7840616,True,,,Centro - Casco Histórico,Judería - San Basilio,,,,flat,60.0,,,3,1,,False,,False,,,,,good,False,,,,,,,,,,,,,False,,1,
112114929,https://www.idealista.com/inmueble/112114929/,sale,Córdoba,Córdoba,37.8834685,-4.7865334,True,,,Centro - Casco Histórico,Centro,,,,flat,143.0,,,4,2,,False,,False,,,,,good,True,,,,,,,,,,,,,True,,2,
112155907,https://www.idealista.com/inmueble/112155907/,sale,Córdoba,Córdoba,37.8816091,-4.7906148,True,,,Ciudad Jardín,Ciudad Jardín,,,,flat,75.0,,,4,1,,False,,False,,,,,good,True,,,,,,,,,,,,,False,,en,
108951849,https://www.idealista.com/inmueble/108951849/,sale,Córdoba,Córdoba,37.8946369,-4.7785969,True,,,Santa Rosa - Valdeolleros,Santa Rosa - San José,,,,studio,53.0,,,0,1,,False,,True,,,,,good,False,,,,,,,,,,,,,False,,,
110278840,https://www.idealista.com/inmueble/110278840/,sale,Córdoba,Córdoba,37.8908449,-4.7792795,True,,,Centro - Casco Histórico,San Cayetano,,,,flat,140.0,,,5,2,,False,,False,,,,,good,True,,,,,,,,,,,,,True,,5,
110174799,https://www.idealista.com/inmueble/110174799/,sale,Córdoba,Córdoba,37.8833276,-4.7794497,True,,,Centro - Casco Histórico,Centro,,,,flat,199.0,,,4,4,,False,,False,,,,,good,True,,,,,,,,,,,,,True,,2,
109564802,https://www.idealista.com/inmueble/109564802/,sale,Córdoba,Córdoba,37.8819268,-4.7698321,False,,,Centro - Casco Histórico,Casco Histórico - Corredera - Ribera,,,,independantHouse,194.0,,,6,2,,False,,False,,,,,renew,,,,,,,,,,,,,,False,,,
112163781,https://www.idealista.com/inmueble/112163781/,sale,Córdoba,Córdoba,37.925515,-4.7594255,True,,,Brillante - Trassierra - Naranjo,Paraíso Arenal - La Colina,,,,chalet,109.0,,,3,2,,False,,False,,,,,good,,,,,,,,,,,,,,False,,,
109803783,https://www.idealista.com/inmueble/109803783/,sale,Córdoba,Córdoba,37.8902921,-4.7834964,False,,,Centro - Casco Histórico,El Vial - Ronda de Tejares,,,,flat,102.0,,,3,2,,False,,False,,,,,good,True,,,,,,,,,,,,,False,,3,
110304774,https://www.idealista.com/inmueble/110304774/,sale,Córdoba,Córdoba,37.8830642,-4.7711239,False,,,Centro - Casco Histórico,Casco Histórico - Corredera - Ribera,,,,flat,42.0,,,1,1,,False,,False,,,,,good,True,,,,,,,,,,,,,False,,bj,
111279763,https://www.idealista.com/inmueble/111279763/,sale,Córdoba,Córdoba,37.8836385,-4.7732669,True,,,Centro - Casco Histórico,Casco Histórico - Corredera - Ribera,,,,terracedHouse,368.0,,,4,2,,False,,False,,,,,good,,,,,,,,,,,,,,False,,,
112341732,https://www.idealista.com/inmueble/112341732/,sale,Córdoba,Córdoba,37.8826425,-4.7751111,True,,,Centro - Casco Histórico,Casco Histórico - Corredera - Ribera,,,,flat,61.0,,,2,1,,False,,False,,,,,good,False,,,,,,,,,,,,,False,,,
109804731,https://www.idealista.com/inmueble/109804731/,sale,Córdoba,Córdoba,37.8903961,-4.7742688,False,,,Centro - Casco Histórico,Casco Histórico - Ollerías - Marrubial,,,,independantHouse,248.0,,,5,3,,False,,False,,,,,good,,,,,,,,,,,,,,False,,,
111716705,https://www.idealista.com/inmueble/111716705/,sale,Córdoba,Córdoba,37.8926289,-4.760867,True,,,Levante - Lepanto - Fátima,Levante,,,,flat,85.0,,,3,1,,False,,False,,,,,good,False,,,,,,,,,,,,,False,,3,
111950665,https://www.idealista.com/inmueble/111950665/,sale,Córdoba,Córdoba,37.8827176,-4.7830913,True,,,Centro - Casco Histórico,Centro,,,,flat,250.0,,,5,4,,False,,False,,,,,good,True,,,,,,,,,,,,,True,,3,
111819605,https://www.idealista.com/inmueble/111819605/,sale,Córdoba,Córdoba,37.8970872,-4.7743432,True,,,Santa Rosa - Valdeolleros,Santa Rosa - San José,,,,studio,48.0,,,0,1,,False,,True,,,,,good,False,,,,,,,,,,,,,False,,,
111990602,https://www.idealista.com/inmueble/111990602/,sale,Córdoba,Córdoba,37.8920087,-4.7841018,True,,,Santa Rosa - Valdeolleros,Huerta de la Reina,,,,flat,115.0,,,4,2,,False,,False,,,,,good,False,,,,,,,,,,,,,False,,1,
111819595,https://www.idealista.com/inmueble/111819595/,sale,Córdoba,Córdoba,37.8951907,-4.7734093,True,,,Santa Rosa - Valdeolleros,Santa Rosa - San José,,,,studio,52.0,,,0,1,,False,,True,,,,,good,False,,,,,,,,,,,,,False,,,
108639576,https://www.idealista.com/inmueble/108639576/,sale,Córdoba,Córdoba,37.9019666,-4.7874486,True,,,Brillante - Trassierra - Naranjo,Brillante,,,,independantHouse,368.0,,,7,4,,False,,False,,,,,good,,,,,,,,,,,,,,True,,,
111291559,https://www.idealista.com/inmueble/111291559/,sale,Córdoba,Córdoba,37.8891357,-4.7658051,True,,,Levante - Lepanto - Fátima,La Viñuela,,,,flat,104.0,,,3,2,,False,,False,,,,,good,True,,,,,,,,,,,,,True,,2,
107834558,https://www.idealista.com/inmueble/107834558/,sale,Córdoba,Córdoba,37.8984391,-4.7680205,True,,,Santa Rosa - Valdeolleros,Valdeolleros - Zumbacón - Camping,,,,terracedHouse,104.0,,,4,2,,False,,False,,,,,good,,,,,,,,,,,,,,False,,,
110460553,https://www.idealista.com/inmueble/110460553/,sale,Córdoba,Córdoba,37.8841329,-4.7799053,True,,,Centro - Casco Histórico,Centro,,,,duplex,50.0,,,1,1,,True,,False,,,,,good,False,,,,,,,,,,,,,False,,,
112264454,https://www.idealista.com/inmueble/112264454/,sale,Córdoba,Córdoba,37.8838845,-4.7915233,True,,,Ciudad Jardín,Ciudad Jardín,,,,flat,81.0,,,4,1,,False,,False,,,,,renew,False,,,,,,,,,,,,,False,,,
85467381,https://www.idealista.com/inmueble/85467381/,sale,Córdoba,Córdoba,37.8983098,-4.7991381,True,,,Noreña - Figueroa,Tablero,,,,flat,125.0,,,3,2,,False,,False,,,,,good,True,,,,,,,,,,,,,True,,,
111528362,https://www.idealista.com/inmueble/111528362/,sale,Córdoba,Córdoba,37.8765745,-4.7931435,True,,,Zoco - Poniente - Vistalegre,Vistalegre - Parque Cruz - Universidades,,,,flat,184.0,,,5,2,,False,,False,,,,,good,True,,,,,,,,,,,,,True,,1,
111213347,https://www.idealista.com/inmueble/111213347/,sale,Córdoba,Córdoba,37.9107996,-4.781295,True,,,Brillante - Trassierra - Naranjo,Naranjo - Mirabueno,,,,flat,100.0,,,3,2,,False,,False,,,,,good,False,,,,,,,,,,,,,False,,,
112355310,https://www.idealista.com/inmueble/112355310/,sale,Córdoba,Córdoba,37.9097082,-4.7805371,True,,,Brillante - Trassierra - Naranjo,Naranjo - Mirabueno,,,,flat,43.0,,,2,1,,False,,False,,,,,good,False,,,,,,,,,,,,,False,,1,
108570313,https://www.idealista.com/inmueble/108570313/,sale,Córdoba,Córdoba,37.8901701,-4.7600187,True,,,Levante - Lepanto - Fátima,La Viñuela,,,,flat,70.0,,,3,1,,False,,False,,,,,good,False,,,,,,,,,,,,,False,,bj,
111524262,https://www.idealista.com/inmueble/111524262/,sale,Córdoba,Córdoba,37.8893935,-4.7716838,True,,,Centro - Casco Histórico,Casco Histórico - Ollerías - Marrubial,,,,flat,53.0,,,3,1,,False,,False,,,,,good,False,,,,,,,,,,,,,False,,3,
112356260,https://www.idealista.com/inmueble/112356260/,sale,Córdoba,Córdoba,37.8627393,-4.7699619,True,,,Campo de la Verdad,Campo de la Verdad,,,,flat,702.0,,,3,1,,False,,False,,,,,good,False,,,,,,,,,,,,,False,,3,
112172199,https://www.idealista.com/inmueble/112172199/,sale,Córdoba,Córdoba,37.8865627,-4.7680001,True,,,Centro - Casco Histórico,Casco Histórico - Corredera - Ribera,,,,chalet,80.0,,,2,1,,False,,False,,,,,good,,,,,,,,,,,,,,False,,,
111328186,https://www.idealista.com/inmueble/111328186/,sale,Córdoba,Córdoba,37.8918379,-4.7621437,True,,,Levante - Lepanto - Fátima,La Viñuela,,,,penthouse,80.0,,,3,1,,False,,False,,,,,good,False,,,,,,,,,,,,,False,,4,
112224152,https://www.idealista.com/inmueble/112224152/,sale,Córdoba,Córdoba,37.8879079,-4.7895592,True,,,Centro - Casco Histórico,Cercadilla - Medina Azahara,,,,flat,111.0,,,3,2,,False,,False,,,,,good,True,,,,,,,,,,,,,True,,,
108646135,https://www.idealista.com/inmueble/108646135/,sale,Córdoba,Córdoba,37.8931541,-4.7846374,True,,,Centro - Casco Histórico,El Vial - Ronda de Tejares,,,,flat,183.0,,,3,2,,False,,False,,,,,good,True,,,,,,,,,,,,,True,,1,
105282104,https://www.idealista.com/inmueble/105282104/,sale,Córdoba,Córdoba,37.8860177,-4.7578252,False,,,Fuensanta - Zona Arcángel,Fuensanta - Arcángel - Santuario,,,,flat,88.0,,,3,2,,False,,False,,,,,good,,,,,,,,,,,,,,False,,,
111328097,https://www.idealista.com/inmueble/111328097/,sale,Córdoba,Córdoba,37.891707,-4.7623854,True,,,Levante - Lepanto - Fátima,La Viñuela,,,,penthouse,69.0,,,3,1,,False,,False,,,,,good,False,,,,,,,,,,,,,False,,4,
109867093,https://www.idealista.com/inmueble/109867093/,sale,Córdoba,Córdoba,37.8827231,-4.7739678,True,,,Centro - Casco Histórico,Casco Histórico - Corredera - Ribera,,,,flat,65.0,,,1,1,,False,,False,,,,,good,False,,,,,,,,,,,,,False,,,
110431015,https://www.idealista.com/inmueble/110431015/,sale,Córdoba,Córdoba,37.8901655,-4.7764845,True,,,Centro - Casco Histórico,Casco Histórico - Ollerías - Marrubial,,,,independantHouse,235.0,,,7,3,,False,,False,,,,,good,,,,,,,,,,,,,,False,,,
112171993,https://www.idealista.com/inmueble/112171993/,sale,Córdoba,Córdoba,37.8906569,-4.7725016,True,,,Centro - Casco Histórico,Casco Histórico - Ollerías - Marrubial,,,,flat,57.0,,,1,1,,False,,False,,,,,good,False,,,,,,,,,,,,,False,,1,
112315947,https://www.idealista.com/inmueble/112315947/,sale,Córdoba,Córdoba,37.9081728,-4.7814298,True,,,Brillante - Trassierra - Naranjo,Naranjo - Mirabueno,,,,flat,98.0,,,3,3,,False,,False,,,,,good,False,,,,,,,,,,,,,False,,,
110703937,https://www.idealista.com/inmueble/110703937/,sale,Córdoba,Córdoba,37.8930788,-4.7874009,False,,,Santa Rosa - Valdeolleros,Huerta de la Reina,,,,flat,57.0,,,2,1,,False,,False,,,,,good,,,,,,,,,,,,,,False,,,
111635852,https://www.idealista.com/inmueble/111635852/,sale,Córdoba,Córdoba,37.8665066,-4.8071033,True,,,Periurbano oeste,El Higuerón,,,,independantHouse,350.0,,,7,4,,False,,False,,,,,good,,,,,,,,,,,,,,True,,,
110895832,https://www.idealista.com/inmueble/110895832/,sale,Córdoba,Córdoba,37.8954035,-4.7497244,True,,,Levante - Lepanto - Fátima,Fátima - Campiñuela,,,,flat,117.0,,,2,1,,False,,False,,,,,good,False,,,,,,,,,,,,,False,,bj,
111419759,https://www.idealista.com/inmueble/111419759/,sale,Córdoba,Córdoba,37.8818188,-4.7796845,True,,,Centro - Casco Histórico,Centro,,,,flat,45.0,,,1,1,,False,,False,,,,,good,False,,,,,,,,,,,,,False,,1,
110431745,https://www.idealista.com/inmueble/110431745/,sale,Córdoba,Córdoba,37.8878378,-4.7913554,True,,,Centro - Casco Histórico,Cercadilla - Medina Azahara,,,,flat,272.0,,,6,6,,False,,False,,,,,good,False,,,,,,,,,,,,,False,,,
109689739,https://www.idealista.com/inmueble/109689739/,sale,Córdoba,Córdoba,37.9191276,-4.8023411,True,,,Brillante - Trassierra - Naranjo,Brillante,,,,independantHouse,540.0,,,6,4,,False,,False,,,,,good,,,,,,,,,,,,,,True,,,
104425727,https://www.idealista.com/inmueble/104425727/,sale,Córdoba,Córdoba,37.8833854,-4.7748538,True,,,Centro - Casco Histórico,Casco Histórico - Corredera - Ribera,,,,flat,2000.0,,,20,6,,False,,False,,,,,good,False,,,,,,,,,,,,,False,,,
111541720,https://www.idealista.com/inmueble/111541720/,sale,Córdoba,Córdoba,37.8899928,-4.7736307,True,,,Centro - Casco Histórico,Casco Histórico - Ollerías - Marrubial,,,,flat,57.0,,,2,1,,False,,False,,,,,good,False,,,,,,,,,,,,,True,,1,
107315701,https://www.idealista.com/inmueble/107315701/,sale,Córdoba,Córdoba,37.8808482,-4.8149424,False,,,Noreña - Figueroa,Miralbaida - Parque Azahara,,,,flat,67.0,,,2,1,,False,,False,,,,,good,True,,,,,,,,,,,,,False,,1,
111696622,https://www.idealista.com/inmueble/111696622/,sale,Córdoba,Córdoba,37.8852101,-4.772238,True,,,Centro - Casco Histórico,Casco Histórico - Corredera - Ribera,,,,flat,86.0,,,2,1,,False,,False,,,,,good,False,,,,,,,,,,,,,False,,,
110512614,https://www.idealista.com/inmueble/110512614/,sale,Córdoba,Córdoba,37.8845476,-4.7736228,True,,,Centro - Casco Histórico,Casco Histórico - Corredera - Ribera,,,,flat,35.0,,,1,1,,False,,False,,,,,good,True,,,,,,,,,,,,,False,,,
111264584,https://www.idealista.com/inmueble/111264584/,sale,Córdoba,Córdoba,37.8659832,-4.772195,True,,,Campo de la Verdad,Campo de la Verdad,,,,flat,85.0,,,3,1,,False,,False,,,,,good,False,,,,,,,,,,,,,False,,3,
112204578,https://www.idealista.com/inmueble/112204578/,sale,Córdoba,Córdoba,37.8901986,-4.7719892,True,,,Centro - Casco Histórico,Casco Histórico - Ollerías - Marrubial,,,,flat,95.0,,,3,1,,False,,False,,,,,good,False,,,,,,,,,,,,,False,,,
112040565,https://www.idealista.com/inmueble/112040565/,sale,Córdoba,Córdoba,37.8816679,-4.7937083,True,,,Ciudad Jardín,Ciudad Jardín,,,,flat,80.0,,,3,1,,False,,False,,,,,good,True,,,,,,,,,,,,,False,,1,
112051563,https://www.idealista.com/inmueble/112051563/,sale,Córdoba,Córdoba,37.8977138,-4.773278,True,,,Santa Rosa - Valdeolleros,Valdeolleros - Zumbacón - Camping,,,,flat,97.0,,,2,2,,False,,False,,,,,good,True,,,,,,,,,,,,,False,,1,
110567528,https://www.idealista.com/inmueble/110567528/,sale,Córdoba,Córdoba,37.8773251,-4.7862033,True,,,Centro - Casco Histórico,Judería - San Basilio,,,,flat,111.0,,,5,2,,False,,False,,,,,renew,True,,,,,,,,,,,,,False,,2,
111109513,https://www.idealista.com/inmueble/111109513/,sale,Córdoba,Córdoba,37.8818724,-4.7737064,True,,,Centro - Casco Histórico,Casco Histórico - Corredera - Ribera,,,,independantHouse,200.0,,,4,2,,False,,False,,,,,good,,,,,,,,,,,,,,True,,,
112297506,https://www.idealista.com/inmueble/112297506/,sale,Córdoba,Córdoba,37.8574135,-4.7833165,True,,,Sector sur - Santa Cruz,Sector sur - Santa Cruz,,,,flat,75.0,,,3,1,,False,,False,,,,,good,False,,,,,,,,,,,,,False,,1,
110332504,https://www.idealista.com/inmueble/110332504/,sale,Córdoba,Córdoba,37.8816462,-4.7787156,True,,,Centro - Casco Histórico,Judería - San Basilio,,,,flat,192.0,,,4,3,,False,,False,,,,,good,True,,,,,,,,,,,,,False,,1,
110733466,https://www.idealista.com/inmueble/110733466/,sale,Córdoba,Córdoba,37.8889195,-4.7829835,True,,,Centro - Casco Histórico,Centro,,,,flat,416.0,,,8,5,,False,,False,,,,,renew,True,,,,,,,,,,,,,True,,3,
111766398,https://www.idealista.com/inmueble/111766398/,sale,Córdoba,Córdoba,37.8685089,-4.7729196,True,,,Campo de la Verdad,Campo de la Verdad,,,,chalet,127.0,,,3,2,,False,,False,,,,,good,,,,,,,,,,,,,,False,,,
110936403,https://www.idealista.com/inmueble/110936403/,sale,Córdoba,Córdoba,37.893454,-4.8004873,True,,,Noreña - Figueroa,Tablero,,,,flat,99.0,,,3,2,,False,,False,,,,,good,True,,,,,,,,,,,,,True,,,
111540395,https://www.idealista.com/inmueble/111540395/,sale,Córdoba,Córdoba,37.8906006,-4.774788,True,,,Centro - Casco Histórico,Casco Histórico - Ollerías - Marrubial,,,,flat,57.0,,,2,1,,False,,False,,,,,good,False,,,,,,,,,,,,,True,,1,
112298330,https://www.idealista.com/inmueble/112298330/,sale,Córdoba,Córdoba,37.8808601,-4.7865612,True,,,Ciudad Jardín,Ciudad Jardín,,,,flat,90.0,,,3,1,,False,,False,,,,,good,True,,,,,,,,,,,,,False,,5,
111199324,https://www.idealista.com/inmueble/111199324/,sale,Córdoba,Córdoba,37.8956743,-4.7659331,True,,,Levante - Lepanto - Fátima,Levante,,,,flat,64.0,,,3,1,,False,,False,,,,,good,False,,,,,,,,,,,,,False,,3,
111210313,https://www.idealista.com/inmueble/111210313/,sale,Córdoba,Córdoba,37.8952619,-4.8039249,False,,,Noreña - Figueroa,Tablero,,,,flat,133.0,,,4,2,,False,,False,,,,,good,True,,,,,,,,,,,,,True,,5,
112250295,https://www.idealista.com/inmueble/112250295/,sale,Córdoba,Córdoba,37.8864431,-4.7667294,True,,,Centro - Casco Histórico,Casco Histórico - Corredera - Ribera,,,,flat,80.0,,,2,1,,False,,False,,,,,good,False,,,,,,,,,,,,,False,,2,
110912280,https://www.idealista.com/inmueble/110912280/,sale,Córdoba,Córdoba,37.895043,-4.7791472,True,,,Santa Rosa - Valdeolleros,Santa Rosa - San José,,,,flat,123.0,,,2,2,,False,,False,,,,,good,True,,,,,,,,,,,,,True,,4,
111774274,https://www.idealista.com/inmueble/111774274/,sale,Córdoba,Córdoba,37.8914568,-4.7938932,True,,,Noreña - Figueroa,Carretera Trassierra - Colonia de la Paz,,,,independantHouse,176.0,,,4,2,,False,,False,,,,,good,,,,,,,,,,,,,,False,,,
110017269,https://www.idealista.com/inmueble/110017269/,sale,Córdoba,Córdoba,37.884425,-4.7746228,True,,,Centro - Casco Histórico,Casco Histórico - Corredera - Ribera,,,,flat,128.0,,,3,3,,False,,False,,,,,good,False,,,,,,,,,,,,,False,,2,
110165259,https://www.idealista.com/inmueble/110165259/,sale,Córdoba,Córdoba,37.8828278,-4.7791398,True,,,Centro - Casco Histórico,Centro,,,,flat,189.0,,,6,3,,False,,False,,,,,good,True,,,,,,,,,,,,,True,,2,
112135226,https://www.idealista.com/inmueble/112135226/,sale,Córdoba,Córdoba,37.8969359,-4.7771099,True,,,Santa Rosa - Valdeolleros,Valdeolleros - Zumbacón - Camping,,,,independantHouse,108.0,,,3,2,,False,,False,,,,,renew,,,,,,,,,,,,,,False,,,
111147217,https://www.idealista.com/inmueble/111147217/,sale,Córdoba,Córdoba,37.8883706,-4.7951324,True,,,Noreña - Figueroa,Carretera Trassierra - Colonia de la Paz,,,,chalet,341.0,,,5,4,,False,,False,,,,,good,,,,,,,,,,,,,,True,,,
112279198,https://www.idealista.com/inmueble/112279198/,sale,Córdoba,Córdoba,37.8916373,-4.7879289,True,,,Santa Rosa - Valdeolleros,Huerta de la Reina,,,,flat,147.0,,,4,2,,False,,False,,,,,good,False,,,,,,,,,,,,,True,,,
112165175,https://www.idealista.com/inmueble/112165175/,sale,Córdoba,Córdoba,37.8981447,-4.8092682,True,,,Noreña - Figueroa,Tablero,,,,independantHouse,189.0,,,4,3,,False,,False,,,,,good,,,,,,,,,,,,,,True,,,
112270097,https://www.idealista.com/inmueble/112270097/,sale,Córdoba,Córdoba,37.8646451,-4.7812078,True,,,Sector sur - Santa Cruz,Sector sur - Santa Cruz,,,,flat,91.0,,,3,1,,False,,False,,,,,good,True,,,,,,,,,,,,,False,,5,
112329080,https://www.idealista.com/inmueble/112329080/,sale,Córdoba,Córdoba,37.8916899,-4.7606827,True,,,Levante - Lepanto - Fátima,La Viñuela,,,,flat,62.0,,,3,1,,False,,False,,,,,good,True,,,,,,,,,,,,,False,,1,
112143025,https://www.idealista.com/inmueble/112143025/,sale,Córdoba,Córdoba,37.9292218,-4.7591272,True,,,Brillante - Trassierra - Naranjo,Paraíso Arenal - La Colina,,,,semidetachedHouse,168.0,,,4,3,,False,,False,,,,,good,,,,,,,,,,,,,,True,,,
112054023,https://www.idealista.com/inmueble/112054023/,sale,Córdoba,Córdoba,37.8653349,-4.7710393,True,,,Campo de la Verdad,Campo de la Verdad,,,,chalet,70.0,,,2,1,,False,,False,,,,,good,,,,,,,,,,,,,,False,,,
111947019,https://www.idealista.com/inmueble/111947019/,sale,Córdoba,Córdoba,37.9187152,-4.7980876,True,,,Brillante - Trassierra - Naranjo,Brillante,,,,independantHouse,385.0,,,3,3,,False,,False,,,,,good,,,,,,,,,,,,,,False,,,
112201997,https://www.idealista.com/inmueble/112201997/,sale,Córdoba,Córdoba,37.8788374,-4.7741191,True,,,Centro - Casco Histórico,Casco Histórico - Corredera - Ribera,,,,flat,123.0,,,4,2,,False,,False,,,,,good,False,,,,,,,,,,,,,False,,1,
111335940,https://www.idealista.com/inmueble/111335940/,sale,Córdoba,Córdoba,37.8898436,-4.7623375,True,,,Levante - Lepanto - Fátima,La Viñuela,,,,penthouse,69.0,,,3,1,,False,,False,,,,,good,False,,,,,,,,,,,,,False,,4,
111511914,https://www.idealista.com/inmueble/111511914/,sale,Córdoba,Córdoba,37.910402,-4.7792204,True,,,Brillante - Trassierra - Naranjo,Naranjo - Mirabueno,,,,independantHouse,279.0,,,5,2,,False,,False,,,,,renew,,,,,,,,,,,,,,True,,,
112070875,https://www.idealista.com/inmueble/112070875/,sale,Córdoba,Córdoba,37.9009583,-4.7344956,True,,,Fuensanta - Zona Arcángel,Las Quemadas - Las Quemadillas,,,,studio,43.0,,,0,1,,False,,True,,,,,good,False,,,,,,,,,,,,,False,,,
111888865,https://www.idealista.com/inmueble/111888865/,sale,Córdoba,Córdoba,37.8861156,-4.772229,True,,,Centro - Casco Histórico,Casco Histórico - Corredera - Ribera,,,,flat,113.0,,,4,2,,False,,False,,,,,good,False,,,,,,,,,,,,,False,,,
112054811,https://www.idealista.com/inmueble/112054811/,sale,Córdoba,Córdoba,37.8881887,-4.7763001,True,,,Centro - Casco Histórico,Casco Histórico - Ollerías - Marrubial,,,,independantHouse,118.0,,,4,2,,False,,False,,,,,good,,,,,,,,,,,,,,True,,,
110950790,https://www.idealista.com/inmueble/110950790/,sale,Córdoba,Córdoba,37.8959861,-4.7609014,True,,,Levante - Lepanto - Fátima,Levante,,,,flat,50.0,,,1,1,,False,,False,,,,,good,False,,,,,,,,,,,,,False,,bj,
109631793,https://www.idealista.com/inmueble/109631793/,sale,Córdoba,Córdoba,37.8850443,-4.7723834,True,,,Centro - Casco Histórico,Casco Histórico - Corredera - Ribera,,,,independantHouse,681.0,,,4,2,,False,,False,,,,,renew,,,,,,,,,,,,,,False,,,
112105778,https://www.idealista.com/inmueble/112105778/,sale,Córdoba,Córdoba,37.8906626,-4.7658423,True,,,Levante - Lepanto - Fátima,La Viñuela,,,,flat,92.0,,,3,2,,False,,False,,,,,good,True,,,,,,,,,,,,,True,,2,
112251768,https://www.idealista.com/inmueble/112251768/,sale,Córdoba,Córdoba,37.8897821,-4.7759176,False,,,Centro - Casco Histórico,Casco Histórico - Ollerías - Marrubial,,,,flat,79.0,,,3,1,,False,,False,,,,,good,True,,,,,,,,,,,,,False,,bj,
111967754,https://www.idealista.com/inmueble/111967754/,sale,Córdoba,Córdoba,37.9033354,-4.7887504,True,,,Brillante - Trassierra - Naranjo,Brillante,,,,independantHouse,377.0,,,7,2,,False,,False,,,,,good,,,,,,,,,,,,,,False,,,
111206746,https://www.idealista.com/inmueble/111206746/,sale,Córdoba,Córdoba,37.8828692,-4.7780917,True,,,Centro - Casco Histórico,Centro,,,,chalet,411.0,,,8,4,,False,,False,,,,,good,,,,,,,,,,,,,,False,,,
111786737,https://www.idealista.com/inmueble/111786737/,sale,Córdoba,Córdoba,37.925242,-4.7942497,True,,,Brillante - Trassierra - Naranjo,Brillante,,,,countryHouse,260.0,,,6,2,,False,,False,,,,,good,,,,,,,,,,,,,,False,,,
110928720,https://www.idealista.com/inmueble/110928720/,sale,Córdoba,Córdoba,37.8972433,-4.7541771,True,,,Levante - Lepanto - Fátima,El Cairo,,,,flat,45.0,,,2,1,,False,,False,,,,,good,False,,,,,,,,,,,,,False,,bj,
112306702,https://www.idealista.com/inmueble/112306702/,sale,Córdoba,Córdoba,37.8964109,-4.7673612,True,,,Santa Rosa - Valdeolleros,Valdeolleros - Zumbacón - Camping,,,,terracedHouse,70.0,,,2,2,,False,,False,,,,,good,,,,,,,,,,,,,,False,,,
111755660,https://www.idealista.com/inmueble/111755660/,sale,Córdoba,Córdoba,37.9127477,-4.7834258,True,,,Brillante - Trassierra - Naranjo,Brillante,,,,independantHouse,434.0,,,3,3,,False,,False,,,,,good,,,,,,,,,,,,,,True,,,
111930570,https://www.idealista.com/inmueble/111930570/,sale,Córdoba,Córdoba,37.86804,-4.7771809,True,,,Sector sur - Santa Cruz,Sector sur - Santa Cruz,,,,flat,80.0,,,3,1,,False,,False,,,,,good,True,,,,,,,,,,,,,False,,5,
111399564,https://www.idealista.com/inmueble/111399564/,sale,Córdoba,Córdoba,37.8856684,-4.7742857,True,,,Centro - Casco Histórico,Casco Histórico - Corredera - Ribera,,,,duplex,101.0,,,2,2,,True,,False,,,,,good,False,,,,,,,,,,,,,False,,2,
110767562,https://www.idealista.com/inmueble/110767562/,sale,Córdoba,Córdoba,37.905068,-4.79012,True,,,Brillante - Trassierra - Naranjo,Brillante,,,,independantHouse,244.0,,,3,3,,False,,False,,,,,good,,,,,,,,,,,,,,True,,,
111066526,https://www.idealista.com/inmueble/111066526/,sale,Córdoba,Córdoba,37.8822196,-4.7725847,True,,,Centro - Casco Histórico,Casco Histórico - Corredera - Ribera,,,,independantHouse,200.0,,,4,2,,False,,False,,,,,good,,,,,,,,,,,,,,True,,,
111792490,https://www.idealista.com/inmueble/111792490/,sale,Córdoba,Córdoba,37.8930342,-4.7795883,True,,,Centro - Casco Histórico,San Cayetano,,,,flat,109.0,,,3,2,,False,,False,,,,,good,True,,,,,,,,,,,,,False,,5,
111391484,https://www.idealista.com/inmueble/111391484/,sale,Córdoba,Córdoba,37.8872553,-4.7586999,True,,,Fuensanta - Zona Arcángel,Fuensanta - Arcángel - Santuario,,,,flat,88.0,,,3,2,,False,,False,,,,,good,False,,,,,,,,,,,,,False,,,
111729482,https://www.idealista.com/inmueble/111729482/,sale,Córdoba,Córdoba,37.8931382,-4.7569881,True,,,Levante - Lepanto - Fátima,La Viñuela,,,,flat,70.0,,,3,1,,False,,False,,,,,good,False,,,,,,,,,,,,,False,,2,
112305462,https://www.idealista.com/inmueble/112305462/,sale,Córdoba,Córdoba,37.880582,-4.773442,True,,,Centro - Casco Histórico,Casco Histórico - Corredera - Ribera,,,,flat,123.0,,,4,2,,False,,False,,,,,good,False,,,,,,,,,,,,,False,,1,
112100458,https://www.idealista.com/inmueble/112100458/,sale,Córdoba,Córdoba,37.9093216,-4.7919226,True,,,Brillante - Trassierra - Naranjo,Brillante,,,,independantHouse,244.0,,,4,3,,False,,False,,,,,good,,,,,,,,,,,,,,False,,,
112150433,https://www.idealista.com/inmueble/112150433/,sale,Córdoba,Córdoba,37.9178905,-4.787362,True,,,Brillante - Trassierra - Naranjo,Brillante,,,,independantHouse,400.0,,,6,4,,False,,False,,,,,renew,,,,,,,,,,,,,,True,,,
111172416,https://www.idealista.com/inmueble/111172416/,sale,Córdoba,Córdoba,37.8833852,-4.7958761,True,,,Ciudad Jardín,Ciudad Jardín,,,,flat,79.0,,,3,1,,False,,False,,,,,good,True,,,,,,,,,,,,,False,,1,
111855410,https://www.idealista.com/inmueble/111855410/,sale,Córdoba,Córdoba,37.875835,-4.7831875,True,,,Centro - Casco Histórico,Judería - San Basilio,,,,flat,60.0,,,3,1,,False,,False,,,,,good,False,,,,,,,,,,,,,False,,1,
111924365,https://www.idealista.com/inmueble/111924365/,sale,Córdoba,Córdoba,37.8798637,-4.8083458,True,,,Noreña - Figueroa,Miralbaida - Parque Azahara,,,,countryHouse,1092.0,,,10,8,,False,,False,,,,,good,,,,,,,,,,,,,,True,,,
112103340,https://www.idealista.com/inmueble/112103340/,sale,Córdoba,Córdoba,37.8683727,-4.7735247,True,,,Campo de la Verdad,Campo de la Verdad,,,,independantHouse,56.0,,,2,1,,False,,False,,,,,good,,,,,,,,,,,,,,False,,,
110170333,https://www.idealista.com/inmueble/110170333/,sale,Córdoba,Córdoba,37.8825747,-4.7798004,True,,,Centro - Casco Histórico,Centro,,,,flat,189.0,,,6,3,,False,,False,,,,,good,True,,,,,,,,,,,,,True,,2,
112243330,https://www.idealista.com/inmueble/112243330/,sale,Córdoba,Córdoba,37.8879866,-4.7902596,True,,,Centro - Casco Histórico,Cercadilla - Medina Azahara,,,,flat,64.0,,,1,1,,False,,False,,,,,good,False,,,,,,,,,,,,,False,,bj,
111566320,https://www.idealista.com/inmueble/111566320/,sale,Córdoba,Córdoba,37.8697356,-4.7789119,True,,,Sector sur - Santa Cruz,Sector sur - Santa Cruz,,,,flat,77.0,,,2,2,,False,,False,,,,,good,True,,,,,,,,,,,,,False,,6,
112201313,https://www.idealista.com/inmueble/112201313/,sale,Córdoba,Córdoba,37.8967952,-4.7791729,True,,,Santa Rosa - Valdeolleros,Valdeolleros - Zumbacón - Camping,,,,flat,65.0,,,2,1,,False,,False,,,,,good,False,,,,,,,,,,,,,False,,2,
111029285,https://www.idealista.com/inmueble/111029285/,sale,Córdoba,Córdoba,37.8900357,-4.7711841,True,,,Centro - Casco Histórico,Casco Histórico - Ollerías - Marrubial,,,,flat,115.0,,,3,3,,False,,False,,,,,good,False,,,,,,,,,,,,,True,,1,
111637284,https://www.idealista.com/inmueble/111637284/,sale,Córdoba,Córdoba,37.8800008,-4.7704565,True,,,Centro - Casco Histórico,Casco Histórico - Corredera - Ribera,,,,flat,35.0,,,1,1,,False,,False,,,,,good,False,,,,,,,,,,,,,False,,bj,
111264260,https://www.idealista.com/inmueble/111264260/,sale,Córdoba,Córdoba,37.8798883,-4.7871618,True,,,Ciudad Jardín,Ciudad Jardín,,,,flat,112.0,,,4,2,,False,,False,,,,,renew,True,,,,,,,,,,,,,False,,1,
110163256,https://www.idealista.com/inmueble/110163256/,sale,Córdoba,Córdoba,37.8837511,-4.7732873,True,,,Centro - Casco Histórico,Casco Histórico - Corredera - Ribera,,,,flat,38.0,,,2,1,,False,,False,,,,,good,False,,,,,,,,,,,,,False,,bj,
110271251,https://www.idealista.com/inmueble/110271251/,sale,Córdoba,Córdoba,37.901685,-4.7918151,True,,,Noreña - Figueroa,Tablero,,,,independantHouse,402.0,,,8,5,,False,,False,,,,,good,,,,,,,,,,,,,,True,,,
110753242,https://www.idealista.com/inmueble/110753242/,sale,Córdoba,Córdoba,37.8850907,-4.790959,True,,,Ciudad Jardín,Ciudad Jardín,,,,flat,121.0,,,4,2,,False,,False,,,,,renew,True,,,,,,,,,,,,,False,,3,
111678232,https://www.idealista.com/inmueble/111678232/,sale,Córdoba,Córdoba,37.8910013,-4.7617432,True,,,Levante - Lepanto - Fátima,La Viñuela,,,,penthouse,84.0,,,3,1,,False,,False,,,,,good,True,,,,,,,,,,,,,False,,4,
111280234,https://www.idealista.com/inmueble/111280234/,sale,Córdoba,Córdoba,37.8947797,-4.7760532,True,,,Santa Rosa - Valdeolleros,Valdeolleros - Zumbacón - Camping,,,,flat,102.0,,,4,1,,False,,False,,,,,good,True,,,,,,,,,,,,,False,,1,
111802205,https://www.idealista.com/inmueble/111802205/,sale,Córdoba,Córdoba,37.8850067,-4.7696289,True,,,Centro - Casco Histórico,Casco Histórico - Corredera - Ribera,,,,flat,104.0,,,3,1,,False,,False,,,,,good,False,,,,,,,,,,,,,True,,3,
111768205,https://www.idealista.com/inmueble/111768205/,sale,Córdoba,Córdoba,37.8921607,-4.7688206,True,,,Centro - Casco Histórico,Casco Histórico - Ollerías - Marrubial,,,,independantHouse,277.0,,,3,1,,False,,False,,,,,renew,,,,,,,,,,,,,,False,,,
112296200,https://www.idealista.com/inmueble/112296200/,sale,Córdoba,Córdoba,37.8820273,-4.7766158,True,,,Centro - Casco Histórico,Casco Histórico - Corredera - Ribera,,,,flat,123.0,,,4,2,,False,,False,,,,,good,False,,,,,,,,,,,,,False,,1,
111399182,https://www.idealista.com/inmueble/111399182/,sale,Córdoba,Córdoba,37.8830858,-4.7931472,True,,,Ciudad Jardín,Ciudad Jardín,,,,flat,80.0,,,3,1,,False,,False,,,,,good,True,,,,,,,,,,,,,False,,1,
111889175,https://www.idealista.com/inmueble/111889175/,sale,Córdoba,Córdoba,37.8839751,-4.7716357,True,,,Centro - Casco Histórico,Casco Histórico - Corredera - Ribera,,,,independantHouse,380.0,,,6,3,,False,,False,,,,,good,,,,,,,,,,,,,,True,,,
110127174,https://www.idealista.com/inmueble/110127174/,sale,Córdoba,Córdoba,37.8769977,-4.7890577,True,,,Ciudad Jardín,Ciudad Jardín,,,,flat,100.0,,,4,1,,False,,False,,,,,good,False,,,,,,,,,,,,,False,,3,
111962159,https://www.idealista.com/inmueble/111962159/,sale,Córdoba,Córdoba,37.9000275,-4.7733942,True,,,Santa Rosa - Valdeolleros,Valdeolleros - Zumbacón - Camping,,,,flat,101.0,,,2,2,,False,,False,,,,,good,False,,,,,,,,,,,,,False,,1,
112076152,https://www.idealista.com/inmueble/112076152/,sale,Córdoba,Córdoba,37.8824577,-4.781648,True,,,Centro - Casco Histórico,Centro,,,,flat,189.0,,,6,3,,False,,False,,,,,good,True,,,,,,,,,,,,,True,,2,
111328131,https://www.idealista.com/inmueble/111328131/,sale,Córdoba,Córdoba,37.8900556,-4.7895561,True,,,Noreña - Figueroa,Carretera Trassierra - Colonia de la Paz,,,,flat,49.0,,,1,1,,False,,False,,,,,good,True,,,,,,,,,,,,,False,,bj,
111526121,https://www.idealista.com/inmueble/111526121/,sale,Córdoba,Córdoba,37.8759044,-4.7916828,True,,,Zoco - Poniente - Vistalegre,Vistalegre - Parque Cruz - Universidades,,,,flat,184.0,,,5,2,,False,,False,,,,,good,True,,,,,,,,,,,,,True,,1,
109377085,https://www.idealista.com/inmueble/109377085/,sale,Córdoba,Córdoba,37.8985689,-4.8104467,True,,,Noreña - Figueroa,Tablero,,,,independantHouse,168.0,,,3,3,,False,,False,,,,,good,,,,,,,,,,,,,,True,,,
111768079,https://www.idealista.com/inmueble/111768079/,sale,Córdoba,Córdoba,37.8913929,-4.7938733,True,,,Noreña - Figueroa,Carretera Trassierra - Colonia de la Paz,,,,independantHouse,176.0,,,4,2,,False,,False,,,,,good,,,,,,,,,,,,,,False,,,
111333058,https://www.idealista.com/inmueble/111333058/,sale,Córdoba,Córdoba,37.8895766,-4.7651649,True,,,Levante - Lepanto - Fátima,La Viñuela,,,,penthouse,69.0,,,3,1,,False,,False,,,,,good,False,,,,,,,,,,,,,False,,4,
111991057,https://www.idealista.com/inmueble/111991057/,sale,Córdoba,Córdoba,37.8675194,-4.7803722,True,,,Sector sur - Santa Cruz,Sector sur - Santa Cruz,,,,flat,57.0,,,3,1,,False,,False,,,,,good,False,,,,,,,,,,,,,False,,bj,
111994045,https://www.idealista.com/inmueble/111994045/,sale,Córdoba,Córdoba,37.884123,-4.7926737,True,,,Ciudad Jardín,Ciudad Jardín,,,,flat,83.0,,,3,2,,False,,False,,,,,good,False,,,,,,,,,,,,,False,,3,
111528049,https://www.idealista.com/inmueble/111528049/,sale,Córdoba,Córdoba,37.8843785,-4.7767269,True,,,Centro - Casco Histórico,Centro,,,,flat,138.0,,,4,2,,False,,False,,,,,good,True,,,,,,,,,,,,,False,,1,
108502025,https://www.idealista.com/inmueble/108502025/,sale,Córdoba,Córdoba,37.9104013,-4.7800854,True,,,Brillante - Trassierra - Naranjo,Naranjo - Mirabueno,,,,independantHouse,750.0,,,4,3,,False,,False,,,,,good,,,,,,,,,,,,,,True,,,
112027999,https://www.idealista.com/inmueble/112027999/,sale,Córdoba,Córdoba,37.8825553,-4.7939862,True,,,Ciudad Jardín,Ciudad Jardín,,,,flat,90.0,,,3,1,,False,,False,,,,,good,True,,,,,,,,,,,,,False,,1,
111716004,https://www.idealista.com/inmueble/111716004/,sale,Córdoba,Córdoba,37.8892393,-4.7623807,False,,,Levante - Lepanto - Fátima,La Viñuela,,,,flat,62.0,,,2,1,,False,,False,,,,,good,False,,,,,,,,,,,,,False,,3,
110244983,https://www.idealista.com/inmueble/110244983/,sale,Córdoba,Córdoba,37.9076296,-4.7945427,True,,,Brillante - Trassierra - Naranjo,Brillante,,,,independantHouse,325.0,,,5,4,,False,,False,,,,,good,,,,,,,,,,,,,,True,,,
111722966,https://www.idealista.com/inmueble/111722966/,sale,Córdoba,Córdoba,37.8772456,-4.7915945,True,,,Zoco - Poniente - Vistalegre,Vistalegre - Parque Cruz - Universidades,,,,flat,184.0,,,5,2,,False,,False,,,,,good,True,,,,,,,,,,,,,True,,1,
112316964,https://www.idealista.com/inmueble/112316964/,sale,Córdoba,Córdoba,37.8906429,-4.7931721,True,,,Noreña - Figueroa,Carretera Trassierra - Colonia de la Paz,,,,independantHouse,176.0,,,4,2,,False,,False,,,,,good,,,,,,,,,,,,,,False,,,
111976943,https://www.idealista.com/inmueble/111976943/,sale,Córdoba,Córdoba,37.8766897,-4.7921026,True,,,Zoco - Poniente - Vistalegre,Vistalegre - Parque Cruz - Universidades,,,,flat,184.0,,,5,2,,False,,False,,,,,good,True,,,,,,,,,,,,,True,,1,
112316914,https://www.idealista.com/inmueble/112316914/,sale,Córdoba,Córdoba,37.8827287,-4.7750443,True,,,Centro - Casco Histórico,Casco Histórico - Corredera - Ribera,,,,flat,43.0,,,1,1,,False,,False,,,,,good,False,,,,,,,,,,,,,False,,bj,
112095907,https://www.idealista.com/inmueble/112095907/,sale,Córdoba,Córdoba,37.8908668,-4.7732583,True,,,Centro - Casco Histórico,Casco Histórico - Ollerías - Marrubial,,,,flat,57.0,,,2,1,,False,,False,,,,,good,False,,,,,,,,,,,,,True,,1,
111977886,https://www.idealista.com/inmueble/111977886/,sale,Córdoba,Córdoba,37.8910741,-4.7582748,True,,,Levante - Lepanto - Fátima,La Viñuela,,,,flat,72.0,,,3,1,,False,,False,,,,,good,False,,,,,,,,,,,,,False,,1,
110418881,https://www.idealista.com/inmueble/110418881/,sale,Córdoba,Córdoba,37.8905082,-4.7739574,True,,,Centro - Casco Histórico,Casco Histórico - Ollerías - Marrubial,,,,independantHouse,235.0,,,7,3,,False,,False,,,,,good,,,,,,,,,,,,,,False,,,
111463837,https://www.idealista.com/inmueble/111463837/,sale,Córdoba,Córdoba,37.8634709,-4.7790901,True,,,Sector sur - Santa Cruz,Sector sur - Santa Cruz,,,,flat,59.0,,,3,1,,False,,False,,,,,renew,False,,,,,,,,,,,,,False,,,
105333834,https://www.idealista.com/inmueble/105333834/,sale,Córdoba,Córdoba,37.9144428,-4.7968905,True,,,Brillante - Trassierra - Naranjo,Brillante,,,,independantHouse,611.0,,,5,6,,False,,False,,,,,good,,,,,,,,,,,,,,True,,,
111726812,https://www.idealista.com/inmueble/111726812/,sale,Córdoba,Córdoba,37.8689063,-4.772341,True,,,Campo de la Verdad,Campo de la Verdad,,,,independantHouse,127.0,,,3,2,,False,,False,,,,,good,,,,,,,,,,,,,,False,,,
112008799,https://www.idealista.com/inmueble/112008799/,sale,Córdoba,Córdoba,37.8950057,-4.7702654,True,,,Santa Rosa - Valdeolleros,Valdeolleros - Zumbacón - Camping,,,,terracedHouse,140.0,,,3,2,,False,,False,,,,,good,,,,,,,,,,,,,,True,,,
111500795,https://www.idealista.com/inmueble/111500795/,sale,Córdoba,Córdoba,37.9084707,-4.7784893,True,,,Brillante - Trassierra - Naranjo,Naranjo - Mirabueno,,,,independantHouse,279.0,,,5,2,,False,,False,,,,,renew,,,,,,,,,,,,,,True,,,
112263770,https://www.idealista.com/inmueble/112263770/,sale,Córdoba,Córdoba,37.8738148,-4.799733,True,,,Zoco - Poniente - Vistalegre,Zoco - Poniente,,,,flat,120.0,,,3,2,,False,,False,,,,,good,True,,,,,,,,,,,,,True,,bj,
112142766,https://www.idealista.com/inmueble/112142766/,sale,Córdoba,Córdoba,37.8954862,-4.771168,True,,,Centro - Casco Histórico,San Cayetano,,,,independantHouse,147.0,,,3,2,,False,,False,,,,,good,,,,,,,,,,,,,,False,,,
111729756,https://www.idealista.com/inmueble/111729756/,sale,Córdoba,Córdoba,37.8826763,-4.7757191,True,,,Centro - Casco Histórico,Casco Histórico - Corredera - Ribera,,,,flat,120.0,,,4,2,,False,,False,,,,,good,False,,,,,,,,,,,,,True,,2,
111558707,https://www.idealista.com/inmueble/111558707/,sale,Córdoba,Córdoba,37.8877846,-4.7733621,True,,,Centro - Casco Histórico,Casco Histórico - Ollerías - Marrubial,,,,flat,57.0,,,2,1,,False,,False,,,,,good,False,,,,,,,,,,,,,True,,1,
112132694,https://www.idealista.com/inmueble/112132694/,sale,Córdoba,Córdoba,37.8934366,-4.77291,True,,,Centro - Casco Histórico,San Cayetano,,,,flat,112.0,,,4,2,,False,,False,,,,,good,False,,,,,,,,,,,,,True,,1,
111175643,https://www.idealista.com/inmueble/111175643/,sale,Córdoba,Córdoba,37.8826506,-4.7726089,True,,,Centro - Casco Histórico,Casco Histórico - Corredera - Ribera,,,,flat,118.0,,,3,2,,False,,False,,,,,good,False,,,,,,,,,,,,,False,,1,
110206625,https://www.idealista.com/inmueble/110206625/,sale,Córdoba,Córdoba,37.9175178,-4.805196,True,,,Brillante - Trassierra - Naranjo,Brillante,,,,independantHouse,440.0,,,6,2,,False,,False,,,,,good,,,,,,,,,,,,,,False,,,
109520590,https://www.idealista.com/inmueble/109520590/,sale,Córdoba,Córdoba,37.8854317,-4.7735197,True,,,Centro - Casco Histórico,Casco Histórico - Corredera - Ribera,,,,independantHouse,225.0,,,4,2,,False,,False,,,,,renew,,,,,,,,,,,,,,False,,,
111399581,https://www.idealista.com/inmueble/111399581/,sale,Córdoba,Córdoba,37.908168,-4.7752116,True,,,Brillante - Trassierra - Naranjo,Naranjo - Mirabueno,,,,flat,80.0,,,3,2,,False,,False,,,,,good,True,,,,,,,,,,,,,True,,2,
110304572,https://www.idealista.com/inmueble/110304572/,sale,Córdoba,Córdoba,37.883174,-4.7732497,False,,,Centro - Casco Histórico,Casco Histórico - Corredera - Ribera,,,,flat,42.0,,,1,1,,False,,False,,,,,good,False,,,,,,,,,,,,,False,,bj,
111405567,https://www.idealista.com/inmueble/111405567/,sale,Córdoba,Córdoba,37.8978528,-4.7740933,True,,,Santa Rosa - Valdeolleros,Valdeolleros - Zumbacón - Camping,,,,flat,105.0,,,3,2,,False,,False,,,,,good,True,,,,,,,,,,,,,True,,bj,
94688523,https://www.idealista.com/inmueble/94688523/,sale,Córdoba,Córdoba,37.9103758,-4.7857624,True,,,Brillante - Trassierra - Naranjo,Brillante,,,,independantHouse,450.0,,,7,4,,False,,False,,,,,good,,,,,,,,,,,,,,True,,,
111625514,https://www.idealista.com/inmueble/111625514/,sale,Córdoba,Córdoba,37.8891456,-4.7605043,True,,,Levante - Lepanto - Fátima,La Viñuela,,,,flat,62.0,,,3,1,,False,,False,,,,,good,True,,,,,,,,,,,,,False,,1,
110991469,https://www.idealista.com/inmueble/110991469/,sale,Córdoba,Córdoba,37.8812641,-4.7727534,False,,,Centro - Casco Histórico,Casco Histórico - Corredera - Ribera,,,,duplex,65.0,,,1,1,,True,,False,,,,,good,False,,,,,,,,,,,,,False,,bj,
110613469,https://www.idealista.com/inmueble/110613469/,sale,Córdoba,Córdoba,37.8628879,-4.7761517,False,,,Sector sur - Santa Cruz,Sector sur - Santa Cruz,,,,flat,57.0,,,3,1,,False,,False,,,,,good,True,,,,,,,,,,,,,False,,,
112195459,https://www.idealista.com/inmueble/112195459/,sale,Córdoba,Córdoba,37.8670998,-4.7736011,True,,,Campo de la Verdad,Campo de la Verdad,,,,independantHouse,80.0,,,2,1,,False,,False,,,,,renew,,,,,,,,,,,,,,False,,,
111887431,https://www.idealista.com/inmueble/111887431/,sale,Córdoba,Córdoba,37.8965463,-4.7859018,True,,,Santa Rosa - Valdeolleros,Huerta de la Reina,,,,flat,65.0,,,2,1,,False,,False,,,,,good,False,,,,,,,,,,,,,False,,2,
111239408,https://www.idealista.com/inmueble/111239408/,sale,Córdoba,Córdoba,37.8916274,-4.7606726,False,,,Levante - Lepanto - Fátima,La Viñuela,,,,terracedHouse,98.0,,,3,1,,False,,False,,,,,renew,,,,,,,,,,,,,,False,,,
110443406,https://www.idealista.com/inmueble/110443406/,sale,Córdoba,Córdoba,37.8820693,-4.7671629,True,,,Fuensanta - Zona Arcángel,Fuensanta - Arcángel - Santuario,,,,flat,108.0,,,3,2,,False,,False,,,,,good,False,,,,,,,,,,,,,False,,,
111842380,https://www.idealista.com/inmueble/111842380/,sale,Córdoba,Córdoba,37.8930582,-4.7870417,True,,,Santa Rosa - Valdeolleros,Huerta de la Reina,,,,flat,107.0,,,4,2,,False,,False,,,,,good,False,,,,,,,,,,,,,True,,1,
110029370,https://www.idealista.com/inmueble/110029370/,sale,Córdoba,Córdoba,37.9086408,-4.7875222,True,,,Brillante - Trassierra - Naranjo,Brillante,,,,independantHouse,586.0,,,5,6,,False,,False,,,,,good,,,,,,,,,,,,,,True,,,
82492368,https://www.idealista.com/inmueble/82492368/,sale,Córdoba,Córdoba,37.8885364,-4.7750635,True,,,Centro - Casco Histórico,Centro,,,,independantHouse,400.0,,,4,4,,False,,False,,,,,good,,,,,,,,,,,,,,True,,,
111760312,https://www.idealista.com/inmueble/111760312/,sale,Córdoba,Córdoba,37.8955776,-4.7982297,True,,,Noreña - Figueroa,Tablero,,,,flat,102.0,,,3,2,,False,,False,,,,,good,True,,,,,,,,,,,,,True,,bj,
110829311,https://www.idealista.com/inmueble/110829311/,sale,Córdoba,Córdoba,37.87105,-4.7744828,True,,,Campo de la Verdad,Campo de la Verdad,,,,independantHouse,65.0,,,2,1,,False,,False,,,,,renew,,,,,,,,,,,,,,False,,,
111540303,https://www.idealista.com/inmueble/111540303/,sale,Córdoba,Córdoba,37.9005043,-4.7805256,True,,,Santa Rosa - Valdeolleros,Valdeolleros - Zumbacón - Camping,,,,penthouse,75.0,,,4,1,,False,,False,,,,,good,False,,,,,,,,,,,,,False,,3,
111911292,https://www.idealista.com/inmueble/111911292/,sale,Córdoba,Córdoba,37.8987129,-4.7545772,True,,,Levante - Lepanto - Fátima,Fátima - Campiñuela,,,,flat,85.0,,,3,1,,False,,False,,,,,good,True,,,,,,,,,,,,,False,,2,
111409277,https://www.idealista.com/inmueble/111409277/,sale,Córdoba,Córdoba,37.895518,-4.7690261,True,,,Santa Rosa - Valdeolleros,Valdeolleros - Zumbacón - Camping,,,,penthouse,126.0,,,4,2,,False,,False,,,,,good,True,,,,,,,,,,,,,True,,3,
112170269,https://www.idealista.com/inmueble/112170269/,sale,Córdoba,Córdoba,37.8822584,-4.7885436,True,,,Ciudad Jardín,Ciudad Jardín,,,,flat,70.0,,,3,1,,False,,False,,,,,good,False,,,,,,,,,,,,,False,,1,
111264274,https://www.idealista.com/inmueble/111264274/,sale,Córdoba,Córdoba,37.8973492,-4.7754582,False,,,Santa Rosa - Valdeolleros,Valdeolleros - Zumbacón - Camping,,,,flat,78.0,,,3,1,,False,,False,,,,,good,False,,,,,,,,,,,,,False,,2,
108240254,https://www.idealista.com/inmueble/108240254/,sale,Córdoba,Córdoba,37.9109271,-4.7956618,True,,,Brillante - Trassierra - Naranjo,Brillante,,,,independantHouse,350.0,,,6,4,,False,,False,,,,,good,,,,,,,,,,,,,,True,,,
111642245,https://www.idealista.com/inmueble/111642245/,sale,Córdoba,Córdoba,37.869148,-4.7789803,True,,,Sector sur - Santa Cruz,Sector sur - Santa Cruz,,,,flat,77.0,,,2,2,,False,,False,,,,,good,True,,,,,,,,,,,,,False,,6,
111986234,https://www.idealista.com/inmueble/111986234/,sale,Córdoba,Córdoba,37.889093,-4.7538214,True,,,Fuensanta - Zona Arcángel,Cañero - Fidiana,,,,independantHouse,97.0,,,3,1,,False,,False,,,,,renew,,,,,,,,,,,,,,False,,,
109509229,https://www.idealista.com/inmueble/109509229/,sale,Córdoba,Córdoba,37.8875433,-4.7580865,True,,,Fuensanta - Zona Arcángel,Cañero - Fidiana,,,,terracedHouse,144.0,,,3,2,,False,,False,,,,,good,,,,,,,,,,,,,,False,,,
111321154,https://www.idealista.com/inmueble/111321154/,sale,Córdoba,Córdoba,37.8848352,-4.7718836,False,,,Centro - Casco Histórico,Casco Histórico - Corredera - Ribera,,,,flat,81.0,,,1,1,,False,,False,,,,,good,False,,,,,,,,,,,,,False,,bj,
112024106,https://www.idealista.com/inmueble/112024106/,sale,Córdoba,Córdoba,37.9098505,-4.7790675,True,,,Brillante - Trassierra - Naranjo,Naranjo - Mirabueno,,,,flat,98.0,,,3,3,,False,,False,,,,,good,False,,,,,,,,,,,,,False,,bj,
111741083,https://www.idealista.com/inmueble/111741083/,sale,Córdoba,Córdoba,37.8883997,-4.7768314,True,,,Centro - Casco Histórico,Casco Histórico - Ollerías - Marrubial,,,,flat,80.0,,,2,1,,False,,False,,,,,renew,True,,,,,,,,,,,,,False,,1,
111697039,https://www.idealista.com/inmueble/111697039/,sale,Córdoba,Córdoba,37.8980647,-4.7628416,True,,,Levante - Lepanto - Fátima,Levante,,,,flat,63.0,,,1,0,,False,,False,,,,,renew,True,,,,,,,,,,,,,True,,5,
110056043,https://www.idealista.com/inmueble/110056043/,sale,Córdoba,Córdoba,37.8628793,-4.7708598,True,,,Campo de la Verdad,Campo de la Verdad,,,,terracedHouse,196.0,,,4,3,,False,,False,,,,,good,,,,,,,,,,,,,,False,,,
108361031,https://www.idealista.com/inmueble/108361031/,sale,Córdoba,Córdoba,37.8852398,-4.7598949,True,,,Fuensanta - Zona Arcángel,Fuensanta - Arcángel - Santuario,,,,flat,100.0,,,3,2,,False,,False,,,,,good,False,,,,,,,,,,,,,False,,4,
107917023,https://www.idealista.com/inmueble/107917023/,sale,Córdoba,Córdoba,37.881994,-4.7767673,True,,,Centro - Casco Histórico,Casco Histórico - Corredera - Ribera,,,,independantHouse,547.0,,,10,4,,False,,False,,,,,good,,,,,,,,,,,,,,True,,,
112180009,https://www.idealista.com/inmueble/112180009/,sale,Córdoba,Córdoba,37.8648216,-4.7759899,False,,,Sector sur - Santa Cruz,Sector sur - Santa Cruz,,,,flat,54.0,,,3,1,,False,,False,,,,,good,False,,,,,,,,,,,,,False,,1,
111668987,https://www.idealista.com/inmueble/111668987/,sale,Córdoba,Córdoba,37.8955252,-4.7726431,True,,,Centro - Casco Histórico,San Cayetano,,,,independantHouse,147.0,,,3,2,,False,,False,,,,,good,,,,,,,,,,,,,,False,,,
110189973,https://www.idealista.com/inmueble/110189973/,sale,Córdoba,Córdoba,37.8954825,-4.7605661,False,,,Levante - Lepanto - Fátima,Levante,,,,flat,71.0,,,2,1,,False,,False,,,,,good,False,,,,,,,,,,,,,False,,4,
110460963,https://www.idealista.com/inmueble/110460963/,sale,Córdoba,Córdoba,37.8903479,-4.761111,True,,,Levante - Lepanto - Fátima,La Viñuela,,,,independantHouse,490.0,,,6,4,,False,,False,,,,,good,,,,,,,,,,,,,,True,,,
110479952,https://www.idealista.com/inmueble/110479952/,sale,Córdoba,Córdoba,37.8840063,-4.7698246,True,,,Centro - Casco Histórico,Casco Histórico - Corredera - Ribera,,,,independantHouse,347.0,,,6,3,,False,,False,,,,,renew,,,,,,,,,,,,,,True,,,
112103913,https://www.idealista.com/inmueble/112103913/,sale,Córdoba,Córdoba,37.8879589,-4.7715942,True,,,Centro - Casco Histórico,Casco Histórico - Ollerías - Marrubial,,,,flat,51.0,,,2,1,,False,,False,,,,,good,False,,,,,,,,,,,,,False,,bj,
112123902,https://www.idealista.com/inmueble/112123902/,sale,Córdoba,Córdoba,37.8944527,-4.7885699,True,,,Santa Rosa - Valdeolleros,Huerta de la Reina,,,,flat,65.0,,,2,1,,False,,False,,,,,good,False,,,,,,,,,,,,,False,,2,
107686886,https://www.idealista.com/inmueble/107686886/,sale,Córdoba,Córdoba,37.8792289,-4.7729053,True,,,Centro - Casco Histórico,Casco Histórico - Corredera - Ribera,,,,duplex,40.0,,,1,1,,True,,False,,,,,good,False,,,,,,,,,,,,,False,,1,
111438874,https://www.idealista.com/inmueble/111438874/,sale,Córdoba,Córdoba,37.8885147,-4.7706824,True,,,Centro - Casco Histórico,Casco Histórico - Ollerías - Marrubial,,,,independantHouse,725.0,,,8,6,,False,,False,,,,,good,,,,,,,,,,,,,,True,,,
111764857,https://www.idealista.com/inmueble/111764857/,sale,Córdoba,Córdoba,37.8964399,-4.7750346,False,,,Santa Rosa - Valdeolleros,Valdeolleros - Zumbacón - Camping,,,,flat,90.0,,,3,2,,False,,False,,,,,good,True,,,,,,,,,,,,,True,,bj,
111921837,https://www.idealista.com/inmueble/111921837/,sale,Córdoba,Córdoba,37.8903247,-4.7624887,True,,,Levante - Lepanto - Fátima,La Viñuela,,,,penthouse,65.0,,,3,1,,False,,False,,,,,good,True,,,,,,,,,,,,,False,,,
110547843,https://www.idealista.com/inmueble/110547843/,sale,Córdoba,Córdoba,37.907467,-4.7751897,True,,,Brillante - Trassierra - Naranjo,Naranjo - Mirabueno,,,,terracedHouse,241.0,,,3,3,,False,,False,,,,,good,,,,,,,,,,,,,,True,,,
109762842,https://www.idealista.com/inmueble/109762842/,sale,Córdoba,Córdoba,37.8759077,-4.7825636,True,,,Centro - Casco Histórico,Judería - San Basilio,,,,flat,87.0,,,3,2,,False,,False,,,,,good,False,,,,,,,,,,,,,False,,bj,
111785788,https://www.idealista.com/inmueble/111785788/,sale,Córdoba,Córdoba,37.8868104,-4.7671968,True,,,Centro - Casco Histórico,Casco Histórico - Corredera - Ribera,,,,flat,79.0,,,3,1,,False,,False,,,,,good,False,,,,,,,,,,,,,False,,2,
111447765,https://www.idealista.com/inmueble/111447765/,sale,Córdoba,Córdoba,37.8919255,-4.7864539,True,,,Centro - Casco Histórico,El Vial - Ronda de Tejares,,,,flat,116.0,,,2,2,,False,,False,,,,,good,True,,,,,,,,,,,,,True,,3,
110213708,https://www.idealista.com/inmueble/110213708/,sale,Córdoba,Córdoba,37.8896162,-4.7718593,True,,,Centro - Casco Histórico,Casco Histórico - Ollerías - Marrubial,,,,independantHouse,298.0,,,1,0,,False,,False,,,,,renew,,,,,,,,,,,,,,False,,,
104898686,https://www.idealista.com/inmueble/104898686/,sale,Córdoba,Córdoba,37.8896084,-4.7871757,True,,,Centro - Casco Histórico,El Vial - Ronda de Tejares,,,,flat,183.0,,,3,2,,False,,False,,,,,good,True,,,,,,,,,,,,,True,,1,
111267682,https://www.idealista.com/inmueble/111267682/,sale,Córdoba,Córdoba,37.9203404,-4.7565616,True,,,Brillante - Trassierra - Naranjo,Paraíso Arenal - La Colina,,,,countryHouse,137.0,,,3,3,,False,,False,,,,,renew,,,,,,,,,,,,,,False,,,
109767672,https://www.idealista.com/inmueble/109767672/,sale,Córdoba,Córdoba,37.8906093,-4.7722298,True,,,Centro - Casco Histórico,Casco Histórico - Ollerías - Marrubial,,,,independantHouse,344.0,,,8,3,,False,,False,,,,,good,,,,,,,,,,,,,,False,,,
106066667,https://www.idealista.com/inmueble/106066667/,sale,Córdoba,Córdoba,37.8828638,-4.7703889,True,,,Centro - Casco Histórico,Casco Histórico - Corredera - Ribera,,,,independantHouse,114.0,,,3,2,,False,,False,,,,,good,,,,,,,,,,,,,,False,,,
111028636,https://www.idealista.com/inmueble/111028636/,sale,Córdoba,Córdoba,37.9040925,-4.7902366,True,,,Brillante - Trassierra - Naranjo,Brillante,,,,independantHouse,647.0,,,7,4,,False,,False,,,,,renew,,,,,,,,,,,,,,True,,,
109776638,https://www.idealista.com/inmueble/109776638/,sale,Córdoba,Córdoba,37.8792711,-4.789317,True,,,Zoco - Poniente - Vistalegre,Vistalegre - Parque Cruz - Universidades,,,,flat,175.0,,,5,3,,False,,False,,,,,good,True,,,,,,,,,,,,,True,,3,
110585631,https://www.idealista.com/inmueble/110585631/,sale,Córdoba,Córdoba,37.8871762,-4.7736929,True,,,Centro - Casco Histórico,Casco Histórico - Corredera - Ribera,,,,flat,105.0,,,3,2,,False,,False,,,,,good,False,,,,,,,,,,,,,False,,2,
111718599,https://www.idealista.com/inmueble/111718599/,sale,Córdoba,Córdoba,37.8857688,-4.7692771,True,,,Centro - Casco Histórico,Casco Histórico - Corredera - Ribera,,,,terracedHouse,589.0,,,16,3,,False,,False,,,,,renew,,,,,,,,,,,,,,False,,,
111979581,https://www.idealista.com/inmueble/111979581/,sale,Córdoba,Córdoba,37.8875697,-4.751721,True,,,Fuensanta - Zona Arcángel,Cañero - Fidiana,,,,independantHouse,97.0,,,3,1,,False,,False,,,,,renew,,,,,,,,,,,,,,False,,,
112154567,https://www.idealista.com/inmueble/112154567/,sale,Córdoba,Córdoba,37.8800107,-4.7934206,True,,,Ciudad Jardín,Ciudad Jardín,,,,flat,80.0,,,4,1,,False,,False,,,,,good,True,,,,,,,,,,,,,False,,bj,
111907572,https://www.idealista.com/inmueble/111907572/,sale,Córdoba,Córdoba,37.8961111,-4.7852181,True,,,Santa Rosa - Valdeolleros,Huerta de la Reina,,,,flat,65.0,,,2,1,,False,,False,,,,,good,False,,,,,,,,,,,,,False,,2,
112157540,https://www.idealista.com/inmueble/112157540/,sale,Córdoba,Córdoba,37.8882451,-4.7805808,True,,,Centro - Casco Histórico,Centro,,,,flat,101.0,,,3,2,,False,,False,,,,,good,True,,,,,,,,,,,,,False,,2,
111980502,https://www.idealista.com/inmueble/111980502/,sale,Córdoba,Córdoba,37.8905705,-4.7823509,True,,,Centro - Casco Histórico,El Vial - Ronda de Tejares,,,,flat,622.0,,,6,5,,False,,False,,,,,good,True,,,,,,,,,,,,,True,,3,
110824489,https://www.idealista.com/inmueble/110824489/,sale,Córdoba,Córdoba,37.8859543,-4.7672442,False,,,Centro - Casco Histórico,Casco Histórico - Corredera - Ribera,,,,flat,97.0,,,3,1,,False,,False,,,,,renew,False,,,,,,,,,,,,,False,,2,
111171466,https://www.idealista.com/inmueble/111171466/,sale,Córdoba,Córdoba,37.8948759,-4.7664469,True,,,Levante - Lepanto - Fátima,Levante,,,,flat,64.0,,,3,1,,False,,False,,,,,good,False,,,,,,,,,,,,,False,,3,
109972466,https://www.idealista.com/inmueble/109972466/,sale,Córdoba,Córdoba,37.8642756,-4.7692807,True,,,Campo de la Verdad,Campo de la Verdad,,,,flat,69.0,,,3,1,,False,,False,,,,,good,False,,,,,,,,,,,,,False,,4,
112330455,https://www.idealista.com/inmueble/112330455/,sale,Córdoba,Córdoba,37.8981351,-4.7653365,True,,,Levante - Lepanto - Fátima,Fátima - Campiñuela,,,,flat,42.0,,,1,1,,False,,False,,,,,good,False,,,,,,,,,,,,,False,,,
107380447,https://www.idealista.com/inmueble/107380447/,sale,Córdoba,Córdoba,37.884186,-4.7900118,True,,,Ciudad Jardín,Ciudad Jardín,,,,flat,140.0,,,5,2,,False,,False,,,,,good,False,,,,,,,,,,,,,False,,1,
106218412,https://www.idealista.com/inmueble/106218412/,sale,Córdoba,Córdoba,37.9073079,-4.7793723,True,,,Brillante - Trassierra - Naranjo,Naranjo - Mirabueno,,,,flat,120.0,,,4,3,,False,,False,,,,,good,False,,,,,,,,,,,,,False,,1,
106218396,https://www.idealista.com/inmueble/106218396/,sale,Córdoba,Córdoba,37.9020387,-4.7572256,True,,,Levante - Lepanto - Fátima,Fátima - Campiñuela,,,,flat,87.0,,,3,2,,False,,False,,,,,good,False,,,,,,,,,,,,,False,,3,
112103384,https://www.idealista.com/inmueble/112103384/,sale,Córdoba,Córdoba,37.8726499,-4.79104,True,,,Zoco - Poniente - Vistalegre,Vistalegre - Parque Cruz - Universidades,,,,flat,61.0,,,3,1,,False,,False,,,,,good,False,,,,,,,,,,,,,False,,3,
106908377,https://www.idealista.com/inmueble/106908377/,sale,Córdoba,Córdoba,37.8847709,-4.7706873,True,,,Centro - Casco Histórico,Casco Histórico - Corredera - Ribera,,,,flat,114.0,,,4,3,,False,,False,,,,,good,False,,,,,,,,,,,,,False,,2,
111496322,https://www.idealista.com/inmueble/111496322/,sale,Córdoba,Córdoba,37.8834931,-4.776025,True,,,Centro - Casco Histórico,Casco Histórico - Corredera - Ribera,,,,flat,55.0,,,2,1,,False,,False,,,,,good,False,,,,,,,,,,,,,False,,bj,
106218300,https://www.idealista.com/inmueble/106218300/,sale,Córdoba,Córdoba,37.8766498,-4.7637718,True,,,Fuensanta - Zona Arcángel,Fuensanta - Arcángel - Santuario,,,,flat,114.0,,,4,3,,False,,False,,,,,good,False,,,,,,,,,,,,,False,,5,
111913293,https://www.idealista.com/inmueble/111913293/,sale,Córdoba,Córdoba,37.8674555,-4.7726165,False,,,Campo de la Verdad,Campo de la Verdad,,,,semidetachedHouse,127.0,,,3,2,,False,,False,,,,,good,,,,,,,,,,,,,,False,,,
110996287,https://www.idealista.com/inmueble/110996287/,sale,Córdoba,Córdoba,37.8710611,-4.7747812,True,,,Campo de la Verdad,Campo de la Verdad,,,,independantHouse,65.0,,,2,1,,False,,False,,,,,renew,,,,,,,,,,,,,,False,,,
110219242,https://www.idealista.com/inmueble/110219242/,sale,Córdoba,Córdoba,37.8810162,-4.7880891,True,,,Ciudad Jardín,Ciudad Jardín,,,,flat,100.0,,,4,1,,False,,False,,,,,good,False,,,,,,,,,,,,,False,,3,
112153218,https://www.idealista.com/inmueble/112153218/,sale,Córdoba,Córdoba,37.8936603,-4.7879782,True,,,Santa Rosa - Valdeolleros,Huerta de la Reina,,,,flat,65.0,,,2,1,,False,,False,,,,,good,False,,,,,,,,,,,,,False,,2,
111347182,https://www.idealista.com/inmueble/111347182/,sale,Córdoba,Córdoba,37.8896987,-4.7725167,True,,,Centro - Casco Histórico,Casco Histórico - Ollerías - Marrubial,,,,flat,57.0,,,2,1,,False,,False,,,,,good,False,,,,,,,,,,,,,True,,1,
112071167,https://www.idealista.com/inmueble/112071167/,sale,Córdoba,Córdoba,37.8637385,-4.7707271,True,,,Campo de la Verdad,Campo de la Verdad,,,,independantHouse,83.0,,,3,1,,False,,False,,,,,renew,,,,,,,,,,,,,,False,,,
109380052,https://www.idealista.com/inmueble/109380052/,sale,Córdoba,Córdoba,37.8908758,-4.782349,True,,,Centro - Casco Histórico,El Vial - Ronda de Tejares,,,,flat,100.0,,,3,2,,False,,False,,,,,good,True,,,,,,,,,,,,,True,,3,
111410009,https://www.idealista.com/inmueble/111410009/,sale,Córdoba,Córdoba,37.8978565,-4.7791631,True,,,Santa Rosa - Valdeolleros,Santa Rosa - San José,,,,studio,50.0,,,0,1,,False,,True,,,,,good,False,,,,,,,,,,,,,False,,,
107695974,https://www.idealista.com/inmueble/107695974/,sale,Córdoba,Córdoba,37.8813289,-4.7795274,True,,,Centro - Casco Histórico,Judería - San Basilio,,,,flat,117.0,,,5,2,,False,,False,,,,,good,True,,,,,,,,,,,,,False,,1,
111373958,https://www.idealista.com/inmueble/111373958/,sale,Córdoba,Córdoba,37.8840121,-4.7716061,True,,,Centro - Casco Histórico,Casco Histórico - Corredera - Ribera,,,,flat,73.0,,,2,1,,False,,False,,,,,good,False,,,,,,,,,,,,,False,,bj,
111464941,https://www.idealista.com/inmueble/111464941/,sale,Córdoba,Córdoba,37.887105,-4.7851274,True,,,Centro - Casco Histórico,El Vial - Ronda de Tejares,,,,flat,129.0,,,3,2,,False,,False,,,,,good,True,,,,,,,,,,,,,True,,6,
100650856,https://www.idealista.com/inmueble/100650856/,sale,Córdoba,Córdoba,37.8668126,-4.7705002,True,,,Campo de la Verdad,Campo de la Verdad,,,,independantHouse,112.0,,,4,1,,False,,False,,,,,good,,,,,,,,,,,,,,False,,,
100588779,https://www.idealista.com/inmueble/100588779/,sale,Córdoba,Córdoba,37.8827236,-4.7979851,True,,,Zoco - Poniente - Vistalegre,Zoco - Poniente,,,,independantHouse,200.0,,,4,2,,False,,False,,,,,good,,,,,,,,,,,,,,True,,,
110108717,https://www.idealista.com/inmueble/110108717/,sale,Córdoba,Córdoba,37.8727509,-4.7719725,False,,,Campo de la Verdad,Campo de la Verdad,,,,flat,109.0,,,3,2,,False,,False,,,,,good,True,,,,,,,,,,,,,False,,2,
111564684,https://www.idealista.com/inmueble/111564684/,sale,Córdoba,Córdoba,37.8902961,-4.7693656,False,,,Centro - Casco Histórico,Casco Histórico - Ollerías - Marrubial,,,,terracedHouse,250.0,,,5,1,,False,,False,,,,,renew,,,,,,,,,,,,,,False,,,
111933668,https://www.idealista.com/inmueble/111933668/,sale,Córdoba,Córdoba,37.8812235,-4.8153253,True,,,Noreña - Figueroa,Miralbaida - Parque Azahara,,,,flat,95.0,,,3,2,,False,,False,,,,,good,False,,,,,,,,,,,,,False,,4,
111548553,https://www.idealista.com/inmueble/111548553/,sale,Córdoba,Córdoba,37.8622302,-4.7783459,True,,,Sector sur - Santa Cruz,Sector sur - Santa Cruz,,,,flat,57.0,,,3,1,,False,,False,,,,,good,True,,,,,,,,,,,,,False,,1,
112261526,https://www.idealista.com/inmueble/112261526/,sale,Córdoba,Córdoba,37.899286,-4.7759845,True,,,Santa Rosa - Valdeolleros,Valdeolleros - Zumbacón - Camping,,,,studio,108.0,,,0,2,,False,,True,,,,,renew,False,,,,,,,,,,,,,False,,2,
111628499,https://www.idealista.com/inmueble/111628499/,sale,Córdoba,Córdoba,37.8678489,-4.7720565,True,,,Campo de la Verdad,Campo de la Verdad,,,,terracedHouse,100.0,,,3,2,,False,,False,,,,,good,,,,,,,,,,,,,,False,,,
111396487,https://www.idealista.com/inmueble/111396487/,sale,Córdoba,Córdoba,37.8865519,-4.7876001,True,,,Centro - Casco Histórico,Cercadilla - Medina Azahara,,,,flat,129.0,,,3,2,,False,,False,,,,,good,True,,,,,,,,,,,,,True,,,
107081469,https://www.idealista.com/inmueble/107081469/,sale,Córdoba,Córdoba,37.8729214,-4.7912687,True,,,Zoco - Poniente - Vistalegre,Vistalegre - Parque Cruz - Universidades,,,,flat,60.0,,,1,1,,False,,False,,,,,good,False,,,,,,,,,,,,,False,,bj,
111791461,https://www.idealista.com/inmueble/111791461/,sale,Córdoba,Córdoba,37.8799026,-4.8149422,True,,,Noreña - Figueroa,Miralbaida - Parque Azahara,,,,flat,89.0,,,3,1,,False,,False,,,,,good,False,,,,,,,,,,,,,False,,4,
112215419,https://www.idealista.com/inmueble/112215419/,sale,Córdoba,Córdoba,37.8884284,-4.8034618,True,,,Noreña - Figueroa,Noreña - Turruñuelos,,,,flat,52.0,,,1,1,,False,,False,,,,,good,True,,,,,,,,,,,,,False,,1,
112144412,https://www.idealista.com/inmueble/112144412/,sale,Córdoba,Córdoba,37.9007057,-4.7580241,True,,,Levante - Lepanto - Fátima,Fátima - Campiñuela,,,,flat,113.0,,,3,2,,False,,False,,,,,good,True,,,,,,,,,,,,,True,,4,
111968394,https://www.idealista.com/inmueble/111968394/,sale,Córdoba,Córdoba,37.8884342,-4.7659,True,,,Centro - Casco Histórico,Casco Histórico - Corredera - Ribera,,,,flat,115.0,,,4,2,,False,,False,,,,,good,False,,,,,,,,,,,,,False,,,
111518379,https://www.idealista.com/inmueble/111518379/,sale,Córdoba,Córdoba,37.8894945,-4.7582984,True,,,Fuensanta - Zona Arcángel,Cañero - Fidiana,,,,independantHouse,58.0,,,2,1,,False,,False,,,,,good,,,,,,,,,,,,,,False,,,
109583338,https://www.idealista.com/inmueble/109583338/,sale,Córdoba,Córdoba,37.8801038,-4.7824471,True,,,Centro - Casco Histórico,Centro,,,,penthouse,80.0,,,2,1,,False,,False,,,,,good,False,,,,,,,,,,,,,False,,,
111885284,https://www.idealista.com/inmueble/111885284/,sale,Córdoba,Córdoba,37.8844388,-4.7701529,True,,,Centro - Casco Histórico,Casco Histórico - Corredera - Ribera,,,,flat,105.0,,,3,1,,False,,False,,,,,good,False,,,,,,,,,,,,,False,,,
108563252,https://www.idealista.com/inmueble/108563252/,sale,Córdoba,Córdoba,37.8647747,-4.7719948,True,,,Campo de la Verdad,Campo de la Verdad,,,,independantHouse,69.0,,,3,2,,False,,False,,,,,good,,,,,,,,,,,,,,False,,,
112199182,https://www.idealista.com/inmueble/112199182/,sale,Córdoba,Córdoba,37.8728007,-4.7954967,True,,,Zoco - Poniente - Vistalegre,Vistalegre - Parque Cruz - Universidades,,,,flat,43.0,,,1,1,,False,,False,,,,,good,False,,,,,,,,,,,,,False,,bj,
111327183,https://www.idealista.com/inmueble/111327183/,sale,Córdoba,Córdoba,37.8986797,-4.7558704,True,,,Levante - Lepanto - Fátima,Fátima - Campiñuela,,,,flat,78.0,,,2,1,,False,,False,,,,,good,True,,,,,,,,,,,,,False,,bj,
111240187,https://www.idealista.com/inmueble/111240187/,sale,Córdoba,Córdoba,37.8836168,-4.7899559,True,,,Ciudad Jardín,Ciudad Jardín,,,,flat,67.0,,,3,1,,False,,False,,,,,renew,True,,,,,,,,,,,,,False,,3,
111328168,https://www.idealista.com/inmueble/111328168/,sale,Córdoba,Córdoba,37.896963,-4.7813653,True,,,Santa Rosa - Valdeolleros,Santa Rosa - San José,,,,flat,53.0,,,1,1,,False,,False,,,,,good,True,,,,,,,,,,,,,False,,,
111509156,https://www.idealista.com/inmueble/111509156/,sale,Córdoba,Córdoba,37.8971854,-4.7770797,True,,,Santa Rosa - Valdeolleros,Valdeolleros - Zumbacón - Camping,,,,flat,103.0,,,3,1,,False,,False,,,,,good,True,,,,,,,,,,,,,False,,,
112318090,https://www.idealista.com/inmueble/112318090/,sale,Córdoba,Córdoba,37.8974817,-4.7621926,True,,,Levante - Lepanto - Fátima,Fátima - Campiñuela,,,,flat,42.0,,,1,1,,False,,False,,,,,good,False,,,,,,,,,,,,,False,,bj,
112251085,https://www.idealista.com/inmueble/112251085/,sale,Córdoba,Córdoba,37.893951,-4.755021,True,,,Levante - Lepanto - Fátima,El Cairo,,,,flat,55.0,,,1,1,,False,,False,,,,,good,False,,,,,,,,,,,,,False,,,
109302085,https://www.idealista.com/inmueble/109302085/,sale,Córdoba,Córdoba,37.8649962,-4.7787572,True,,,Sector sur - Santa Cruz,Sector sur - Santa Cruz,,,,flat,48.0,,,2,1,,False,,False,,,,,good,False,,,,,,,,,,,,,False,,,
112126083,https://www.idealista.com/inmueble/112126083/,sale,Córdoba,Córdoba,37.8890633,-4.7668005,True,,,Levante - Lepanto - Fátima,La Viñuela,,,,flat,92.0,,,3,2,,False,,False,,,,,good,True,,,,,,,,,,,,,False,,,
112098082,https://www.idealista.com/inmueble/112098082/,sale,Córdoba,Córdoba,37.8784276,-4.7847231,False,,,Centro - Casco Histórico,Judería - San Basilio,,,,flat,104.0,,,4,2,,False,,False,,,,,good,True,,,,,,,,,,,,,False,,7,
111886021,https://www.idealista.com/inmueble/111886021/,sale,Córdoba,Córdoba,37.8833277,-4.791186,True,,,Ciudad Jardín,Ciudad Jardín,,,,flat,68.0,,,1,1,,False,,False,,,,,good,True,,,,,,,,,,,,,False,,3,
111969977,https://www.idealista.com/inmueble/111969977/,sale,Córdoba,Córdoba,37.8980153,-4.7535316,True,,,Levante - Lepanto - Fátima,Fátima - Campiñuela,,,,penthouse,70.0,,,1,1,,False,,False,,,,,good,False,,,,,,,,,,,,,False,,,
111706960,https://www.idealista.com/inmueble/111706960/,sale,Córdoba,Córdoba,37.8889239,-4.7762553,True,,,Centro - Casco Histórico,Casco Histórico - Ollerías - Marrubial,,,,flat,57.0,,,2,1,,False,,False,,,,,good,False,,,,,,,,,,,,,True,,1,
108894953,https://www.idealista.com/inmueble/108894953/,sale,Córdoba,Córdoba,37.8646311,-4.7736257,True,,,Campo de la Verdad,Campo de la Verdad,,,,independantHouse,47.0,,,3,1,,False,,False,,,,,good,,,,,,,,,,,,,,False,,,
112355929,https://www.idealista.com/inmueble/112355929/,sale,Córdoba,Córdoba,37.8889993,-4.76254,True,,,Levante - Lepanto - Fátima,La Viñuela,,,,flat,75.0,,,4,1,,False,,False,,,,,renew,False,,,,,,,,,,,,,False,,3,
111707768,https://www.idealista.com/inmueble/111707768/,sale,Córdoba,Córdoba,37.890196,-4.7642932,True,,,Levante - Lepanto - Fátima,La Viñuela,,,,flat,104.0,,,4,2,,False,,False,,,,,good,True,,,,,,,,,,,,,False,,,
111706748,https://www.idealista.com/inmueble/111706748/,sale,Córdoba,Córdoba,37.876887,-4.7913427,True,,,Zoco - Poniente - Vistalegre,Vistalegre - Parque Cruz - Universidades,,,,flat,184.0,,,5,2,,False,,False,,,,,good,True,,,,,,,,,,,,,True,,1,
110011728,https://www.idealista.com/inmueble/110011728/,sale,Córdoba,Córdoba,37.8807059,-4.7717893,True,,,Centro - Casco Histórico,Casco Histórico - Corredera - Ribera,,,,terracedHouse,200.0,,,4,2,,False,,False,,,,,good,,,,,,,,,,,,,,False,,,
99274678,https://www.idealista.com/inmueble/99274678/,sale,Córdoba,Córdoba,37.8847527,-4.7760847,True,,,Centro - Casco Histórico,Centro,,,,chalet,281.0,,,6,4,,False,,False,,,,,renew,,,,,,,,,,,,,,False,,,
111553617,https://www.idealista.com/inmueble/111553617/,sale,Córdoba,Córdoba,37.8663213,-4.7798455,True,,,Sector sur - Santa Cruz,Sector sur - Santa Cruz,,,,terracedHouse,75.0,,,3,1,,False,,False,,,,,good,,,,,,,,,,,,,,False,,,
94292580,https://www.idealista.com/inmueble/94292580/,sale,Córdoba,Córdoba,37.9121017,-4.7896257,True,,,Brillante - Trassierra - Naranjo,Brillante,,,,countryHouse,450.0,,,5,6,,False,,False,,,,,good,,,,,,,,,,,,,,False,,,
111733569,https://www.idealista.com/inmueble/111733569/,sale,Córdoba,Córdoba,37.8826459,-4.7661676,True,,,Centro - Casco Histórico,Casco Histórico - Corredera - Ribera,,,,flat,85.0,,,3,1,,False,,False,,,,,good,False,,,,,,,,,,,,,False,,4,
112201549,https://www.idealista.com/inmueble/112201549/,sale,Córdoba,Córdoba,37.8894266,-4.7782917,True,,,Centro - Casco Histórico,Centro,,,,flat,190.0,,,6,3,,False,,False,,,,,good,True,,,,,,,,,,,,,True,,4,
111763556,https://www.idealista.com/inmueble/111763556/,sale,Córdoba,Córdoba,37.8865153,-4.7560713,True,,,Fuensanta - Zona Arcángel,Cañero - Fidiana,,,,terracedHouse,60.0,,,2,0,,False,,False,,,,,renew,,,,,,,,,,,,,,False,,,
111560543,https://www.idealista.com/inmueble/111560543/,sale,Córdoba,Córdoba,37.9245039,-4.7590212,True,,,Brillante - Trassierra - Naranjo,Paraíso Arenal - La Colina,,,,independantHouse,216.0,,,4,4,,False,,False,,,,,good,,,,,,,,,,,,,,True,,,
111309544,https://www.idealista.com/inmueble/111309544/,sale,Córdoba,Córdoba,37.8614374,-4.7760321,True,,,Sector sur - Santa Cruz,Sector sur - Santa Cruz,,,,flat,59.0,,,2,1,,False,,False,,,,,good,True,,,,,,,,,,,,,False,,2,
111057466,https://www.idealista.com/inmueble/111057466/,sale,Córdoba,Córdoba,37.8798459,-4.7740915,True,,,Centro - Casco Histórico,Casco Histórico - Corredera - Ribera,,,,independantHouse,200.0,,,4,2,,False,,False,,,,,good,,,,,,,,,,,,,,True,,,
111419449,https://www.idealista.com/inmueble/111419449/,sale,Córdoba,Córdoba,37.8768782,-4.7754439,True,,,Campo de la Verdad,Campo de la Verdad,,,,independantHouse,120.0,,,3,2,,False,,False,,,,,good,,,,,,,,,,,,,,True,,,
111534433,https://www.idealista.com/inmueble/111534433/,sale,Córdoba,Córdoba,37.8770618,-4.7736397,True,,,Campo de la Verdad,Campo de la Verdad,,,,independantHouse,120.0,,,3,2,,False,,False,,,,,good,,,,,,,,,,,,,,True,,,
111741399,https://www.idealista.com/inmueble/111741399/,sale,Córdoba,Córdoba,37.8827905,-4.7715162,True,,,Centro - Casco Histórico,Casco Histórico - Corredera - Ribera,,,,flat,110.0,,,3,1,,False,,False,,,,,good,False,,,,,,,,,,,,,False,,bj,
112013395,https://www.idealista.com/inmueble/112013395/,sale,Córdoba,Córdoba,37.8621195,-4.7708583,True,,,Campo de la Verdad,Campo de la Verdad,,,,independantHouse,107.0,,,3,1,,False,,False,,,,,renew,,,,,,,,,,,,,,False,,,
111837389,https://www.idealista.com/inmueble/111837389/,sale,Córdoba,Córdoba,37.8993166,-4.7738185,True,,,Santa Rosa - Valdeolleros,Valdeolleros - Zumbacón - Camping,,,,studio,48.0,,,0,1,,False,,True,,,,,good,False,,,,,,,,,,,,,False,,,
112318383,https://www.idealista.com/inmueble/112318383/,sale,Córdoba,Córdoba,37.8937457,-4.757021,True,,,Levante - Lepanto - Fátima,El Cairo,,,,flat,85.0,,,3,1,,False,,False,,,,,good,True,,,,,,,,,,,,,False,,4,
111448388,https://www.idealista.com/inmueble/111448388/,sale,Córdoba,Córdoba,37.8945222,-4.7943723,True,,,Noreña - Figueroa,Tablero,,,,duplex,152.0,,,4,3,,True,,False,,,,,good,True,,,,,,,,,,,,,True,,3,
111384387,https://www.idealista.com/inmueble/111384387/,sale,Córdoba,Córdoba,37.8959712,-4.7699684,True,,,Santa Rosa - Valdeolleros,Valdeolleros - Zumbacón - Camping,,,,flat,108.0,,,3,2,,False,,False,,,,,good,True,,,,,,,,,,,,,True,,,
111534340,https://www.idealista.com/inmueble/111534340/,sale,Córdoba,Córdoba,37.8852202,-4.7936455,True,,,Ciudad Jardín,Ciudad Jardín,,,,flat,73.0,,,3,1,,False,,False,,,,,good,True,,,,,,,,,,,,,False,,1,
111786339,https://www.idealista.com/inmueble/111786339/,sale,Córdoba,Córdoba,37.8931484,-4.7608573,True,,,Levante - Lepanto - Fátima,La Viñuela,,,,flat,67.0,,,3,2,,False,,False,,,,,good,True,,,,,,,,,,,,,False,,2,
110057323,https://www.idealista.com/inmueble/110057323/,sale,Córdoba,Córdoba,37.8859712,-4.7799714,True,,,Centro - Casco Histórico,Centro,,,,flat,105.0,,,3,2,,False,,False,,,,,good,False,,,,,,,,,,,,,False,,1,
111440284,https://www.idealista.com/inmueble/111440284/,sale,Córdoba,Córdoba,37.8860391,-4.7800286,True,,,Centro - Casco Histórico,Centro,,,,flat,157.0,,,4,2,,False,,False,,,,,good,True,,,,,,,,,,,,,True,,2,
110629290,https://www.idealista.com/inmueble/110629290/,sale,Córdoba,Córdoba,37.8811663,-4.7884082,True,,,Ciudad Jardín,Ciudad Jardín,,,,flat,74.0,,,2,1,,False,,False,,,,,good,False,,,,,,,,,,,,,False,,4,
111546264,https://www.idealista.com/inmueble/111546264/,sale,Córdoba,Córdoba,37.8901445,-4.7750483,True,,,Centro - Casco Histórico,Casco Histórico - Ollerías - Marrubial,,,,flat,57.0,,,2,1,,False,,False,,,,,good,False,,,,,,,,,,,,,True,,1,
111856235,https://www.idealista.com/inmueble/111856235/,sale,Córdoba,Córdoba,37.8621998,-4.7828228,True,,,Sector sur - Santa Cruz,Sector sur - Santa Cruz,,,,flat,57.0,,,3,1,,False,,False,,,,,good,False,,,,,,,,,,,,,False,,3,
111078230,https://www.idealista.com/inmueble/111078230/,sale,Córdoba,Córdoba,37.8843569,-4.7705214,True,,,Centro - Casco Histórico,Casco Histórico - Corredera - Ribera,,,,flat,99.0,,,3,1,,False,,False,,,,,good,False,,,,,,,,,,,,,False,,2,
111908215,https://www.idealista.com/inmueble/111908215/,sale,Córdoba,Córdoba,37.9088626,-4.7756466,True,,,Brillante - Trassierra - Naranjo,Naranjo - Mirabueno,,,,flat,145.0,,,3,1,,False,,False,,,,,good,True,,,,,,,,,,,,,True,,2,
111856210,https://www.idealista.com/inmueble/111856210/,sale,Córdoba,Córdoba,37.869919,-4.7919941,True,,,Zoco - Poniente - Vistalegre,Vistalegre - Parque Cruz - Universidades,,,,flat,64.0,,,3,1,,False,,False,,,,,good,False,,,,,,,,,,,,,False,,2,
112103176,https://www.idealista.com/inmueble/112103176/,sale,Córdoba,Córdoba,37.8939788,-4.7689613,True,,,Centro - Casco Histórico,San Cayetano,,,,independantHouse,155.0,,,3,2,,False,,False,,,,,good,,,,,,,,,,,,,,False,,,
111405179,https://www.idealista.com/inmueble/111405179/,sale,Córdoba,Córdoba,37.860568,-4.7829397,True,,,Sector sur - Santa Cruz,Sector sur - Santa Cruz,,,,flat,110.0,,,3,2,,False,,False,,,,,good,False,,,,,,,,,,,,,False,,1,
110936179,https://www.idealista.com/inmueble/110936179/,sale,Córdoba,Córdoba,37.8825462,-4.7902701,True,,,Ciudad Jardín,Ciudad Jardín,,,,flat,137.0,,,3,2,,False,,False,,,,,good,True,,,,,,,,,,,,,False,,3,
111691165,https://www.idealista.com/inmueble/111691165/,sale,Córdoba,Córdoba,37.8861048,-4.7691644,True,,,Centro - Casco Histórico,Casco Histórico - Corredera - Ribera,,,,duplex,64.0,,,3,2,,True,,False,,,,,good,False,,,,,,,,,,,,,True,,1,
111501159,https://www.idealista.com/inmueble/111501159/,sale,Córdoba,Córdoba,37.9114423,-4.7783749,True,,,Brillante - Trassierra - Naranjo,Naranjo - Mirabueno,,,,independantHouse,279.0,,,5,2,,False,,False,,,,,renew,,,,,,,,,,,,,,False,,,
111360161,https://www.idealista.com/inmueble/111360161/,sale,Córdoba,Córdoba,37.890944,-4.7635178,True,,,Levante - Lepanto - Fátima,La Viñuela,,,,flat,92.0,,,3,2,,False,,False,,,,,good,True,,,,,,,,,,,,,False,,2,
110126147,https://www.idealista.com/inmueble/110126147/,sale,Córdoba,Córdoba,37.8873017,-4.7708714,True,,,Centro - Casco Histórico,Casco Histórico - Ollerías - Marrubial,,,,flat,65.0,,,2,1,,False,,False,,,,,good,False,,,,,,,,,,,,,False,,1,
112314135,https://www.idealista.com/inmueble/112314135/,sale,Córdoba,Córdoba,37.8924263,-4.7612223,True,,,Levante - Lepanto - Fátima,Levante,,,,flat,100.0,,,3,2,,False,,False,,,,,good,False,,,,,,,,,,,,,False,,2,
111927116,https://www.idealista.com/inmueble/111927116/,sale,Córdoba,Córdoba,37.8958925,-4.7716168,True,,,Centro - Casco Histórico,San Cayetano,,,,flat,100.0,,,4,2,,False,,False,,,,,good,False,,,,,,,,,,,,,True,,,
111767104,https://www.idealista.com/inmueble/111767104/,sale,Córdoba,Córdoba,37.8838724,-4.7716901,True,,,Centro - Casco Histórico,Casco Histórico - Corredera - Ribera,,,,independantHouse,128.0,,,5,2,,False,,False,,,,,good,,,,,,,,,,,,,,False,,,
111418093,https://www.idealista.com/inmueble/111418093/,sale,Córdoba,Córdoba,37.908551,-4.7815183,True,,,Brillante - Trassierra - Naranjo,Naranjo - Mirabueno,,,,flat,98.0,,,3,3,,False,,False,,,,,good,False,,,,,,,,,,,,,False,,,
111039096,https://www.idealista.com/inmueble/111039096/,sale,Córdoba,Córdoba,37.8790566,-4.758009,True,,,Fuensanta - Zona Arcángel,Fuensanta - Arcángel - Santuario,,,,flat,90.0,,,3,2,,False,,False,,,,,good,True,,,,,,,,,,,,,True,,2,
112204079,https://www.idealista.com/inmueble/112204079/,sale,Córdoba,Córdoba,37.8938983,-4.7645117,True,,,Levante - Lepanto - Fátima,Levante,,,,flat,67.0,,,3,1,,False,,False,,,,,good,False,,,,,,,,,,,,,False,,3,
112302055,https://www.idealista.com/inmueble/112302055/,sale,Córdoba,Córdoba,37.8931867,-4.7682733,True,,,Centro - Casco Histórico,Casco Histórico - Ollerías - Marrubial,,,,terracedHouse,106.0,,,3,4,,False,,False,,,,,good,,,,,,,,,,,,,,False,,,
111310035,https://www.idealista.com/inmueble/111310035/,sale,Córdoba,Córdoba,37.8948065,-4.7853396,True,,,Santa Rosa - Valdeolleros,Huerta de la Reina,,,,flat,44.0,,,1,1,,False,,False,,,,,good,False,,,,,,,,,,,,,False,,bj,
112223022,https://www.idealista.com/inmueble/112223022/,sale,Córdoba,Córdoba,37.8626136,-4.7765529,False,,,Sector sur - Santa Cruz,Sector sur - Santa Cruz,,,,flat,57.0,,,2,1,,False,,False,,,,,good,,,,,,,,,,,,,,False,,,
111878008,https://www.idealista.com/inmueble/111878008/,sale,Córdoba,Córdoba,37.8915796,-4.8127848,True,,,Noreña - Figueroa,Noreña - Turruñuelos,,,,flat,90.0,,,3,2,,False,,False,,,,,good,True,,,,,,,,,,,,,True,,6,
111439007,https://www.idealista.com/inmueble/111439007/,sale,Córdoba,Córdoba,37.8640508,-4.7725286,True,,,Campo de la Verdad,Campo de la Verdad,,,,independantHouse,73.0,,,3,1,,False,,False,,,,,good,,,,,,,,,,,,,,False,,,
110942995,https://www.idealista.com/inmueble/110942995/,sale,Córdoba,Córdoba,37.869629,-4.7778213,True,,,Sector sur - Santa Cruz,Sector sur - Santa Cruz,,,,flat,56.0,,,2,1,,False,,False,,,,,good,False,,,,,,,,,,,,,False,,2,
111831963,https://www.idealista.com/inmueble/111831963/,sale,Córdoba,Córdoba,37.8894137,-4.7661755,True,,,Levante - Lepanto - Fátima,La Viñuela,,,,flat,92.0,,,3,2,,False,,False,,,,,good,True,,,,,,,,,,,,,True,,2,
111368950,https://www.idealista.com/inmueble/111368950/,sale,Córdoba,Córdoba,37.8842539,-4.7923018,True,,,Ciudad Jardín,Ciudad Jardín,,,,flat,73.0,,,3,1,,False,,False,,,,,good,True,,,,,,,,,,,,,False,,1,
112345940,https://www.idealista.com/inmueble/112345940/,sale,Córdoba,Córdoba,37.8671702,-4.7826757,True,,,Sector sur - Santa Cruz,Sector sur - Santa Cruz,,,,flat,57.0,,,3,1,,False,,False,,,,,good,False,,,,,,,,,,,,,False,,,
110677940,https://www.idealista.com/inmueble/110677940/,sale,Córdoba,Córdoba,37.8823815,-4.7860382,True,,,Ciudad Jardín,Ciudad Jardín,,,,flat,61.0,,,1,1,,False,,False,,,,,good,False,,,,,,,,,,,,,True,,1,
108340934,https://www.idealista.com/inmueble/108340934/,sale,Córdoba,Córdoba,37.8971322,-4.7596315,True,,,Levante - Lepanto - Fátima,Levante,,,,flat,78.0,,,2,1,,False,,False,,,,,good,False,,,,,,,,,,,,,False,,4,
112105925,https://www.idealista.com/inmueble/112105925/,sale,Córdoba,Córdoba,37.8954432,-4.773111,True,,,Santa Rosa - Valdeolleros,Valdeolleros - Zumbacón - Camping,,,,flat,73.0,,,2,2,,False,,False,,,,,good,False,,,,,,,,,,,,,False,,,
111333905,https://www.idealista.com/inmueble/111333905/,sale,Córdoba,Córdoba,37.8899073,-4.7645737,True,,,Levante - Lepanto - Fátima,La Viñuela,,,,penthouse,69.0,,,3,1,,False,,False,,,,,good,False,,,,,,,,,,,,,False,,4,
111880904,https://www.idealista.com/inmueble/111880904/,sale,Córdoba,Córdoba,37.8902897,-4.7633629,True,,,Levante - Lepanto - Fátima,La Viñuela,,,,flat,73.0,,,3,1,,False,,False,,,,,good,True,,,,,,,,,,,,,False,,bj,
110605892,https://www.idealista.com/inmueble/110605892/,sale,Córdoba,Córdoba,37.8918256,-4.7763378,True,,,Centro - Casco Histórico,Casco Histórico - Ollerías - Marrubial,,,,independantHouse,235.0,,,7,3,,False,,False,,,,,good,,,,,,,,,,,,,,False,,,
110976870,https://www.idealista.com/inmueble/110976870/,sale,Córdoba,Córdoba,37.881039,-4.7656532,True,,,Fuensanta - Zona Arcángel,Fuensanta - Arcángel - Santuario,,,,flat,85.0,,,3,1,,False,,False,,,,,good,False,,,,,,,,,,,,,False,,3,
111507858,https://www.idealista.com/inmueble/111507858/,sale,Córdoba,Córdoba,37.8934123,-4.7981702,True,,,Noreña - Figueroa,Tablero,,,,flat,99.0,,,3,2,,False,,False,,,,,good,True,,,,,,,,,,,,,True,,4,
112202791,https://www.idealista.com/inmueble/112202791/,sale,Córdoba,Córdoba,37.8822816,-4.790228,False,,,Ciudad Jardín,Ciudad Jardín,,,,flat,90.0,,,3,2,,False,,False,,,,,good,,,,,,,,,,,,,,False,,,
112021756,https://www.idealista.com/inmueble/112021756/,sale,Córdoba,Córdoba,37.900444,-4.7753737,True,,,Santa Rosa - Valdeolleros,Valdeolleros - Zumbacón - Camping,,,,flat,101.0,,,2,2,,False,,False,,,,,good,True,,,,,,,,,,,,,False,,1,
111539763,https://www.idealista.com/inmueble/111539763/,sale,Córdoba,Córdoba,37.8901547,-4.7757373,True,,,Centro - Casco Histórico,Casco Histórico - Ollerías - Marrubial,,,,flat,57.0,,,2,1,,False,,False,,,,,good,False,,,,,,,,,,,,,True,,1,
100437737,https://www.idealista.com/inmueble/100437737/,sale,Córdoba,Córdoba,37.8808103,-4.7782739,False,,,Centro - Casco Histórico,Judería - San Basilio,,,,terracedHouse,280.0,,,5,3,,False,,False,,,,,renew,,,,,,,,,,,,,,True,,,
108453721,https://www.idealista.com/inmueble/108453721/,sale,Córdoba,Córdoba,37.883613,-4.7700825,True,,,Centro - Casco Histórico,Casco Histórico - Corredera - Ribera,,,,flat,114.0,,,3,2,,False,,False,,,,,good,False,,,,,,,,,,,,,False,,1,
109840695,https://www.idealista.com/inmueble/109840695/,sale,Córdoba,Córdoba,37.8939519,-4.7591708,True,,,Levante - Lepanto - Fátima,La Viñuela,,,,flat,93.0,,,3,2,,False,,False,,,,,good,True,,,,,,,,,,,,,True,,1,
112083658,https://www.idealista.com/inmueble/112083658/,sale,Córdoba,Córdoba,37.8881414,-4.7642355,True,,,Levante - Lepanto - Fátima,La Viñuela,,,,flat,97.0,,,4,2,,False,,False,,,,,good,False,,,,,,,,,,,,,False,,2,
111717653,https://www.idealista.com/inmueble/111717653/,sale,Córdoba,Córdoba,37.8799456,-4.7742823,True,,,Centro - Casco Histórico,Casco Histórico - Corredera - Ribera,,,,duplex,87.0,,,2,2,,True,,False,,,,,good,False,,,,,,,,,,,,,False,,2,
111001652,https://www.idealista.com/inmueble/111001652/,sale,Córdoba,Córdoba,37.8858349,-4.7814439,True,,,Centro - Casco Histórico,Centro,,,,flat,416.0,,,8,5,,False,,False,,,,,renew,True,,,,,,,,,,,,,True,,,
111365643,https://www.idealista.com/inmueble/111365643/,sale,Córdoba,Córdoba,37.8756497,-4.7767246,True,,,Campo de la Verdad,Campo de la Verdad,,,,terracedHouse,121.0,,,3,1,,False,,False,,,,,renew,,,,,,,,,,,,,,False,,,
111309600,https://www.idealista.com/inmueble/111309600/,sale,Córdoba,Córdoba,37.8664488,-4.776202,True,,,Sector sur - Santa Cruz,Sector sur - Santa Cruz,,,,flat,57.0,,,3,1,,False,,False,,,,,good,False,,,,,,,,,,,,,False,,1,
111527602,https://www.idealista.com/inmueble/111527602/,sale,Córdoba,Córdoba,37.8744533,-4.7934116,True,,,Zoco - Poniente - Vistalegre,Vistalegre - Parque Cruz - Universidades,,,,flat,184.0,,,5,2,,False,,False,,,,,good,True,,,,,,,,,,,,,True,,1,
111766559,https://www.idealista.com/inmueble/111766559/,sale,Córdoba,Córdoba,37.8774875,-4.7920935,False,,,Zoco - Poniente - Vistalegre,Vistalegre - Parque Cruz - Universidades,,,,flat,115.0,,,4,2,,False,,False,,,,,good,True,,,,,,,,,,,,,False,,4,
111570560,https://www.idealista.com/inmueble/111570560/,sale,Córdoba,Córdoba,37.8979966,-4.7550599,False,,,Levante - Lepanto - Fátima,Fátima - Campiñuela,,,,flat,62.0,,,2,1,,False,,False,,,,,good,True,,,,,,,,,,,,,False,,2,
111877555,https://www.idealista.com/inmueble/111877555/,sale,Córdoba,Córdoba,37.8900929,-4.7746561,True,,,Centro - Casco Histórico,Casco Histórico - Ollerías - Marrubial,,,,flat,90.0,,,3,2,,False,,False,,,,,renew,False,,,,,,,,,,,,,True,,1,
111512539,https://www.idealista.com/inmueble/111512539/,sale,Córdoba,Córdoba,37.8917767,-4.7500934,True,,,Fuensanta - Zona Arcángel,Cañero - Fidiana,,,,independantHouse,196.0,,,3,3,,False,,False,,,,,good,,,,,,,,,,,,,,True,,,
112033522,https://www.idealista.com/inmueble/112033522/,sale,Córdoba,Córdoba,37.8908862,-4.762799,True,,,Levante - Lepanto - Fátima,La Viñuela,,,,flat,87.0,,,3,1,,False,,False,,,,,good,False,,,,,,,,,,,,,False,,,
111239517,https://www.idealista.com/inmueble/111239517/,sale,Córdoba,Córdoba,37.8840589,-4.7729264,True,,,Centro - Casco Histórico,Casco Histórico - Corredera - Ribera,,,,flat,38.0,,,1,1,,False,,False,,,,,good,False,,,,,,,,,,,,,False,,,
111774512,https://www.idealista.com/inmueble/111774512/,sale,Córdoba,Córdoba,37.8738798,-4.7940217,True,,,Zoco - Poniente - Vistalegre,Vistalegre - Parque Cruz - Universidades,,,,flat,184.0,,,5,2,,False,,False,,,,,good,True,,,,,,,,,,,,,True,,1,
110523514,https://www.idealista.com/inmueble/110523514/,sale,Córdoba,Córdoba,37.8831187,-4.7717405,False,,,Centro - Casco Histórico,Casco Histórico - Corredera - Ribera,,,,flat,110.0,,,3,2,,False,,False,,,,,good,False,,,,,,,,,,,,,False,,1,
111884485,https://www.idealista.com/inmueble/111884485/,sale,Córdoba,Córdoba,37.8629102,-4.77144,False,,,Campo de la Verdad,Campo de la Verdad,,,,terracedHouse,75.0,,,3,1,,False,,False,,,,,good,,,,,,,,,,,,,,False,,,
111491469,https://www.idealista.com/inmueble/111491469/,sale,Córdoba,Córdoba,37.8879916,-4.7750265,True,,,Centro - Casco Histórico,Casco Histórico - Ollerías - Marrubial,,,,flat,51.0,,,2,1,,False,,False,,,,,good,False,,,,,,,,,,,,,False,,2,
111707446,https://www.idealista.com/inmueble/111707446/,sale,Córdoba,Córdoba,37.8741999,-4.7751606,True,,,Campo de la Verdad,Campo de la Verdad,,,,independantHouse,120.0,,,3,2,,False,,False,,,,,good,,,,,,,,,,,,,,True,,,
111139420,https://www.idealista.com/inmueble/111139420/,sale,Córdoba,Córdoba,37.8785462,-4.7913936,False,,,Ciudad Jardín,Ciudad Jardín,,,,flat,82.0,,,3,2,,False,,False,,,,,good,True,,,,,,,,,,,,,False,,5,
111219410,https://www.idealista.com/inmueble/111219410/,sale,Córdoba,Córdoba,37.8799112,-4.7726634,True,,,Centro - Casco Histórico,Casco Histórico - Corredera - Ribera,,,,independantHouse,200.0,,,4,2,,False,,False,,,,,good,,,,,,,,,,,,,,True,,,
111159408,https://www.idealista.com/inmueble/111159408/,sale,Córdoba,Córdoba,37.895808,-4.7567108,True,,,Levante - Lepanto - Fátima,El Cairo,,,,flat,78.0,,,3,1,,False,,False,,,,,good,True,,,,,,,,,,,,,False,,4,
112309390,https://www.idealista.com/inmueble/112309390/,sale,Córdoba,Córdoba,37.8978067,-4.7622551,True,,,Levante - Lepanto - Fátima,Fátima - Campiñuela,,,,flat,42.0,,,1,1,,False,,False,,,,,good,True,,,,,,,,,,,,,False,,bj,
112023387,https://www.idealista.com/inmueble/112023387/,sale,Córdoba,Córdoba,37.8650776,-4.7705941,True,,,Campo de la Verdad,Campo de la Verdad,,,,terracedHouse,83.0,,,3,1,,False,,False,,,,,good,,,,,,,,,,,,,,False,,,
111705387,https://www.idealista.com/inmueble/111705387/,sale,Córdoba,Córdoba,37.874514,-4.7733837,True,,,Campo de la Verdad,Campo de la Verdad,,,,independantHouse,120.0,,,3,2,,False,,False,,,,,good,,,,,,,,,,,,,,True,,,
110213369,https://www.idealista.com/inmueble/110213369/,sale,Córdoba,Córdoba,37.8957232,-4.7875936,True,,,Santa Rosa - Valdeolleros,Huerta de la Reina,,,,flat,60.0,,,1,1,,False,,False,,,,,good,True,,,,,,,,,,,,,False,,bj,
110167363,https://www.idealista.com/inmueble/110167363/,sale,Córdoba,Córdoba,37.8827167,-4.7819308,True,,,Centro - Casco Histórico,Centro,,,,flat,189.0,,,6,3,,False,,False,,,,,good,True,,,,,,,,,,,,,True,,2,
99492363,https://www.idealista.com/inmueble/99492363/,sale,Córdoba,Córdoba,37.8773031,-4.7734451,True,,,Campo de la Verdad,Campo de la Verdad,,,,independantHouse,113.0,,,3,3,,False,,False,,,,,good,,,,,,,,,,,,,,True,,,
104390363,https://www.idealista.com/inmueble/104390363/,sale,Córdoba,Córdoba,37.8851808,-4.7752666,True,,,Centro - Casco Histórico,Casco Histórico - Corredera - Ribera,,,,independantHouse,280.0,,,5,4,,False,,False,,,,,good,,,,,,,,,,,,,,True,,,
110978344,https://www.idealista.com/inmueble/110978344/,sale,Córdoba,Córdoba,37.8803266,-4.7908024,True,,,Ciudad Jardín,Ciudad Jardín,,,,flat,95.0,,,2,2,,False,,False,,,,,good,True,,,,,,,,,,,,,True,,4,
111328305,https://www.idealista.com/inmueble/111328305/,sale,Córdoba,Córdoba,37.8895116,-4.7635945,True,,,Levante - Lepanto - Fátima,La Viñuela,,,,penthouse,80.0,,,3,1,,False,,False,,,,,good,False,,,,,,,,,,,,,False,,4,
94281287,https://www.idealista.com/inmueble/94281287/,sale,Córdoba,Córdoba,37.9135239,-4.8070518,True,,,Brillante - Trassierra - Naranjo,Brillante,,,,independantHouse,861.0,,,10,7,,False,,False,,,,,good,,,,,,,,,,,,,,True,,,
111478264,https://www.idealista.com/inmueble/111478264/,sale,Córdoba,Córdoba,37.9094591,-4.7821665,True,,,Brillante - Trassierra - Naranjo,Brillante,,,,independantHouse,380.0,,,4,2,,False,,False,,,,,good,,,,,,,,,,,,,,True,,,
111367197,https://www.idealista.com/inmueble/111367197/,sale,Córdoba,Córdoba,37.8966742,-4.7748434,False,,,Santa Rosa - Valdeolleros,Valdeolleros - Zumbacón - Camping,,,,flat,90.0,,,3,2,,False,,False,,,,,good,True,,,,,,,,,,,,,False,,bj,
111971156,https://www.idealista.com/inmueble/111971156/,sale,Córdoba,Córdoba,37.9022363,-4.7577059,False,,,Levante - Lepanto - Fátima,Fátima - Campiñuela,,,,flat,93.0,,,3,2,,False,,False,,,,,good,True,,,,,,,,,,,,,True,,4,
111249120,https://www.idealista.com/inmueble/111249120/,sale,Córdoba,Córdoba,37.8921296,-4.782374,True,,,Centro - Casco Histórico,El Vial - Ronda de Tejares,,,,flat,323.0,,,6,3,,False,,False,,,,,good,True,,,,,,,,,,,,,True,,,
112008082,https://www.idealista.com/inmueble/112008082/,sale,Córdoba,Córdoba,37.910424,-4.7765814,True,,,Brillante - Trassierra - Naranjo,Naranjo - Mirabueno,,,,independantHouse,279.0,,,5,2,,False,,False,,,,,renew,,,,,,,,,,,,,,True,,,
111686082,https://www.idealista.com/inmueble/111686082/,sale,Córdoba,Córdoba,37.8903097,-4.7614648,False,,,Levante - Lepanto - Fátima,La Viñuela,,,,flat,97.0,,,3,1,,False,,False,,,,,good,True,,,,,,,,,,,,,False,,3,
101639060,https://www.idealista.com/inmueble/101639060/,sale,Córdoba,Córdoba,37.8899676,-4.7827601,True,,,Centro - Casco Histórico,El Vial - Ronda de Tejares,,,,independantHouse,750.0,,,8,4,,False,,False,,,,,good,,,,,,,,,,,,,,True,,,
111146037,https://www.idealista.com/inmueble/111146037/,sale,Córdoba,Córdoba,37.8974165,-4.7795717,True,,,Santa Rosa - Valdeolleros,Santa Rosa - San José,,,,flat,60.0,,,1,1,,False,,False,,,,,good,False,,,,,,,,,,,,,False,,bj,
110163042,https://www.idealista.com/inmueble/110163042/,sale,Córdoba,Córdoba,37.8847199,-4.779927,True,,,Centro - Casco Histórico,Centro,,,,flat,189.0,,,6,3,,False,,False,,,,,good,True,,,,,,,,,,,,,True,,2,
99238043,https://www.idealista.com/inmueble/99238043/,sale,Córdoba,Córdoba,37.8793144,-4.7754738,True,,,Centro - Casco Histórico,Judería - San Basilio,,,,chalet,120.0,,,4,2,,False,,False,,,,,good,,,,,,,,,,,,,,False,,,
111239032,https://www.idealista.com/inmueble/111239032/,sale,Córdoba,Córdoba,37.8834289,-4.7825185,True,,,Centro - Casco Histórico,Centro,,,,flat,189.0,,,6,3,,False,,False,,,,,good,True,,,,,,,,,,,,,True,,2,
111164999,https://www.idealista.com/inmueble/111164999/,sale,Córdoba,Córdoba,37.8870125,-4.7842217,True,,,Centro - Casco Histórico,El Vial - Ronda de Tejares,,,,flat,165.0,,,4,3,,False,,False,,,,,good,True,,,,,,,,,,,,,True,,3,
111727988,https://www.idealista.com/inmueble/111727988/,sale,Córdoba,Córdoba,37.8866311,-4.7718453,True,,,Centro - Casco Histórico,Casco Histórico - Ollerías - Marrubial,,,,flat,94.0,,,3,2,,False,,False,,,,,good,False,,,,,,,,,,,,,False,,2,
111656977,https://www.idealista.com/inmueble/111656977/,sale,Córdoba,Córdoba,37.8856594,-4.7680633,True,,,Centro - Casco Histórico,Casco Histórico - Corredera - Ribera,,,,flat,48.0,,,1,1,,False,,False,,,,,good,False,,,,,,,,,,,,,False,,,
109456973,https://www.idealista.com/inmueble/109456973/,sale,Córdoba,Córdoba,37.8868267,-4.7568277,True,,,Fuensanta - Zona Arcángel,Cañero - Fidiana,,,,terracedHouse,200.0,,,3,2,,False,,False,,,,,good,,,,,,,,,,,,,,False,,,
101821965,https://www.idealista.com/inmueble/101821965/,sale,Córdoba,Córdoba,37.9273984,-4.7647008,True,,,Brillante - Trassierra - Naranjo,Paraíso Arenal - La Colina,,,,countryHouse,583.0,,,8,6,,False,,False,,,,,good,,,,,,,,,,,,,,False,,,
111792961,https://www.idealista.com/inmueble/111792961/,sale,Córdoba,Córdoba,37.8787897,-4.7674522,True,,,Fuensanta - Zona Arcángel,Fuensanta - Arcángel - Santuario,,,,flat,78.0,,,3,1,,False,,False,,,,,good,False,,,,,,,,,,,,,False,,,
111362949,https://www.idealista.com/inmueble/111362949/,sale,Córdoba,Córdoba,37.882259,-4.7951896,True,,,Ciudad Jardín,Ciudad Jardín,,,,flat,73.0,,,3,1,,False,,False,,,,,good,True,,,,,,,,,,,,,False,,1,
111196953,https://www.idealista.com/inmueble/111196953/,sale,Córdoba,Córdoba,37.8902148,-4.7700734,True,,,Centro - Casco Histórico,Casco Histórico - Ollerías - Marrubial,,,,independantHouse,181.0,,,3,1,,False,,False,,,,,good,,,,,,,,,,,,,,True,,,
111009952,https://www.idealista.com/inmueble/111009952/,sale,Córdoba,Córdoba,37.8924101,-4.7757481,True,,,Centro - Casco Histórico,Casco Histórico - Ollerías - Marrubial,,,,independantHouse,235.0,,,7,3,,False,,False,,,,,good,,,,,,,,,,,,,,False,,,
111539928,https://www.idealista.com/inmueble/111539928/,sale,Córdoba,Córdoba,37.8900935,-4.7737637,True,,,Centro - Casco Histórico,Casco Histórico - Ollerías - Marrubial,,,,flat,57.0,,,2,1,,False,,False,,,,,good,False,,,,,,,,,,,,,True,,1,
112064896,https://www.idealista.com/inmueble/112064896/,sale,Córdoba,Córdoba,37.8965508,-4.7875632,True,,,Santa Rosa - Valdeolleros,Huerta de la Reina,,,,flat,65.0,,,2,1,,False,,False,,,,,good,False,,,,,,,,,,,,,False,,2,
107615857,https://www.idealista.com/inmueble/107615857/,sale,Córdoba,Córdoba,37.8868438,-4.7679671,True,,,Centro - Casco Histórico,Casco Histórico - Corredera - Ribera,,,,countryHouse,220.0,,,3,3,,False,,False,,,,,good,,,,,,,,,,,,,,False,,,
111708825,https://www.idealista.com/inmueble/111708825/,sale,Córdoba,Córdoba,37.8977077,-4.7607505,True,,,Levante - Lepanto - Fátima,Levante,,,,flat,63.0,,,1,0,,False,,False,,,,,renew,True,,,,,,,,,,,,,True,,5,
111687767,https://www.idealista.com/inmueble/111687767/,sale,Córdoba,Córdoba,37.8966658,-4.7703691,True,,,Santa Rosa - Valdeolleros,Valdeolleros - Zumbacón - Camping,,,,penthouse,126.0,,,4,2,,False,,False,,,,,good,True,,,,,,,,,,,,,True,,3,
111965756,https://www.idealista.com/inmueble/111965756/,sale,Córdoba,Córdoba,37.8978393,-4.7730232,True,,,Santa Rosa - Valdeolleros,Valdeolleros - Zumbacón - Camping,,,,flat,101.0,,,2,2,,False,,False,,,,,good,False,,,,,,,,,,,,,False,,1,
111330748,https://www.idealista.com/inmueble/111330748/,sale,Córdoba,Córdoba,37.8901661,-4.774627,True,,,Centro - Casco Histórico,Casco Histórico - Ollerías - Marrubial,,,,terracedHouse,124.0,,,3,3,,False,,False,,,,,good,,,,,,,,,,,,,,False,,,
111335748,https://www.idealista.com/inmueble/111335748/,sale,Córdoba,Córdoba,37.8821484,-4.7739197,True,,,Centro - Casco Histórico,Casco Histórico - Corredera - Ribera,,,,independantHouse,200.0,,,4,2,,False,,False,,,,,good,,,,,,,,,,,,,,False,,,
111757718,https://www.idealista.com/inmueble/111757718/,sale,Córdoba,Córdoba,37.8889843,-4.7731646,True,,,Centro - Casco Histórico,Casco Histórico - Ollerías - Marrubial,,,,flat,57.0,,,2,1,,False,,False,,,,,good,False,,,,,,,,,,,,,True,,1,
104762720,https://www.idealista.com/inmueble/104762720/,sale,Córdoba,Córdoba,37.8957434,-4.7830238,True,,,Santa Rosa - Valdeolleros,Huerta de la Reina,,,,independantHouse,130.0,,,4,4,,False,,False,,,,,good,,,,,,,,,,,,,,False,,,
110266697,https://www.idealista.com/inmueble/110266697/,sale,Córdoba,Córdoba,37.9121374,-4.7916948,True,,,Brillante - Trassierra - Naranjo,Brillante,,,,terracedHouse,280.0,,,5,4,,False,,False,,,,,good,,,,,,,,,,,,,,True,,,
112134654,https://www.idealista.com/inmueble/112134654/,sale,Córdoba,Córdoba,37.8869742,-4.7890291,True,,,Centro - Casco Histórico,Cercadilla - Medina Azahara,,,,flat,143.0,,,4,2,,False,,False,,,,,good,True,,,,,,,,,,,,,True,,2,
112218647,https://www.idealista.com/inmueble/112218647/,sale,Córdoba,Córdoba,37.8910824,-4.7642746,True,,,Levante - Lepanto - Fátima,La Viñuela,,,,flat,69.0,,,3,1,,False,,False,,,,,good,False,,,,,,,,,,,,,False,,4,
112005642,https://www.idealista.com/inmueble/112005642/,sale,Córdoba,Córdoba,37.8825722,-4.7697432,True,,,Centro - Casco Histórico,Casco Histórico - Corredera - Ribera,,,,flat,109.0,,,2,2,,False,,False,,,,,good,False,,,,,,,,,,,,,False,,1,
111866623,https://www.idealista.com/inmueble/111866623/,sale,Córdoba,Córdoba,37.893755,-4.7656954,True,,,Levante - Lepanto - Fátima,Levante,,,,flat,115.0,,,3,2,,False,,False,,,,,good,True,,,,,,,,,,,,,True,,,
112103619,https://www.idealista.com/inmueble/112103619/,sale,Córdoba,Córdoba,37.9061868,-4.7766587,True,,,Brillante - Trassierra - Naranjo,Naranjo - Mirabueno,,,,flat,80.0,,,2,1,,False,,False,,,,,good,True,,,,,,,,,,,,,False,,,
111320617,https://www.idealista.com/inmueble/111320617/,sale,Córdoba,Córdoba,37.8894804,-4.7726917,True,,,Centro - Casco Histórico,Casco Histórico - Ollerías - Marrubial,,,,independantHouse,181.0,,,3,1,,False,,False,,,,,good,,,,,,,,,,,,,,True,,,
111738611,https://www.idealista.com/inmueble/111738611/,sale,Córdoba,Córdoba,37.8967546,-4.7822049,True,,,Santa Rosa - Valdeolleros,Santa Rosa - San José,,,,flat,110.0,,,3,2,,False,,False,,,,,good,True,,,,,,,,,,,,,False,,2,
112086548,https://www.idealista.com/inmueble/112086548/,sale,Córdoba,Córdoba,37.8683134,-4.7727786,True,,,Campo de la Verdad,Campo de la Verdad,,,,independantHouse,56.0,,,2,1,,False,,False,,,,,good,,,,,,,,,,,,,,False,,,
111729490,https://www.idealista.com/inmueble/111729490/,sale,Córdoba,Córdoba,37.882727,-4.7794864,True,,,Centro - Casco Histórico,Judería - San Basilio,,,,flat,53.0,,,1,1,,False,,False,,,,,good,False,,,,,,,,,,,,,False,,bj,
108428452,https://www.idealista.com/inmueble/108428452/,sale,Córdoba,Córdoba,37.8799276,-4.7628054,False,,,Fuensanta - Zona Arcángel,Fuensanta - Arcángel - Santuario,,,,flat,77.0,,,2,1,,False,,False,,,,,good,False,,,,,,,,,,,,,True,,1,
110670441,https://www.idealista.com/inmueble/110670441/,sale,Córdoba,Córdoba,37.9054105,-4.7448641,True,,,Levante - Lepanto - Fátima,Fátima - Campiñuela,,,,independantHouse,384.0,,,5,5,,False,,False,,,,,good,,,,,,,,,,,,,,True,,,
112099402,https://www.idealista.com/inmueble/112099402/,sale,Córdoba,Córdoba,37.8940138,-4.7871841,True,,,Santa Rosa - Valdeolleros,Huerta de la Reina,,,,flat,65.0,,,2,1,,False,,False,,,,,good,False,,,,,,,,,,,,,False,,2,
110831399,https://www.idealista.com/inmueble/110831399/,sale,Córdoba,Córdoba,37.871226,-4.7740124,True,,,Campo de la Verdad,Campo de la Verdad,,,,independantHouse,65.0,,,2,1,,False,,False,,,,,renew,,,,,,,,,,,,,,False,,,
100883384,https://www.idealista.com/inmueble/100883384/,sale,Córdoba,Córdoba,37.9193797,-4.7965535,True,,,Brillante - Trassierra - Naranjo,Brillante,,,,independantHouse,450.0,,,12,6,,False,,False,,,,,good,,,,,,,,,,,,,,False,,,
111331372,https://www.idealista.com/inmueble/111331372/,sale,Córdoba,Córdoba,37.891361,-4.7607896,True,,,Levante - Lepanto - Fátima,La Viñuela,,,,penthouse,46.0,,,2,1,,False,,False,,,,,good,False,,,,,,,,,,,,,False,,4,
111841369,https://www.idealista.com/inmueble/111841369/,sale,Córdoba,Córdoba,37.8853271,-4.7820405,True,,,Centro - Casco Histórico,Centro,,,,flat,126.0,,,3,2,,False,,False,,,,,good,True,,,,,,,,,,,,,False,,2,
106124331,https://www.idealista.com/inmueble/106124331/,sale,Córdoba,Córdoba,37.8970045,-4.7749508,True,,,Santa Rosa - Valdeolleros,Valdeolleros - Zumbacón - Camping,,,,flat,70.0,,,3,1,,False,,False,,,,,good,False,,,,,,,,,,,,,False,,4,
111717295,https://www.idealista.com/inmueble/111717295/,sale,Córdoba,Córdoba,37.8869401,-4.7794347,True,,,Centro - Casco Histórico,Centro,,,,flat,200.0,,,5,3,,False,,False,,,,,good,True,,,,,,,,,,,,,True,,4,
111972201,https://www.idealista.com/inmueble/111972201/,sale,Córdoba,Córdoba,37.8753218,-4.777613,True,,,Campo de la Verdad,Campo de la Verdad,,,,flat,74.0,,,3,1,,False,,False,,,,,good,False,,,,,,,,,,,,,False,,2,
111305187,https://www.idealista.com/inmueble/111305187/,sale,Córdoba,Córdoba,37.8750293,-4.7859622,True,,,Centro - Casco Histórico,Judería - San Basilio,,,,flat,56.0,,,3,1,,False,,False,,,,,good,False,,,,,,,,,,,,,False,,1,
107868151,https://www.idealista.com/inmueble/107868151/,sale,Córdoba,Córdoba,37.8851693,-4.782084,True,,,Centro - Casco Histórico,Centro,,,,flat,167.0,,,3,2,,False,,False,,,,,good,True,,,,,,,,,,,,,True,,1,
108448140,https://www.idealista.com/inmueble/108448140/,sale,Córdoba,Córdoba,37.8840384,-4.7762296,True,,,Centro - Casco Histórico,Centro,,,,flat,192.0,,,6,3,,False,,False,,,,,good,True,,,,,,,,,,,,,True,,1,
112072104,https://www.idealista.com/inmueble/112072104/,sale,Córdoba,Córdoba,37.8839324,-4.8165846,True,,,Noreña - Figueroa,Miralbaida - Parque Azahara,,,,flat,90.0,,,3,2,,False,,False,,,,,good,True,,,,,,,,,,,,,True,,1,
111316076,https://www.idealista.com/inmueble/111316076/,sale,Córdoba,Córdoba,37.8884712,-4.7700573,True,,,Centro - Casco Histórico,Casco Histórico - Ollerías - Marrubial,,,,independantHouse,181.0,,,3,1,,False,,False,,,,,good,,,,,,,,,,,,,,True,,,
112189070,https://www.idealista.com/inmueble/112189070/,sale,Córdoba,Córdoba,37.8881924,-4.7908168,True,,,Centro - Casco Histórico,Cercadilla - Medina Azahara,,,,studio,28.0,,,0,1,,False,,True,,,,,good,True,,,,,,,,,,,,,False,,4,
111374060,https://www.idealista.com/inmueble/111374060/,sale,Córdoba,Córdoba,37.8838887,-4.7809576,True,,,Centro - Casco Histórico,Centro,,,,flat,182.0,,,5,3,,False,,False,,,,,good,True,,,,,,,,,,,,,True,,2,
111657058,https://www.idealista.com/inmueble/111657058/,sale,Córdoba,Córdoba,37.8681447,-4.7726977,True,,,Campo de la Verdad,Campo de la Verdad,,,,independantHouse,75.0,,,5,1,,False,,False,,,,,renew,,,,,,,,,,,,,,False,,,
111406038,https://www.idealista.com/inmueble/111406038/,sale,Córdoba,Córdoba,37.8981226,-4.775213,True,,,Santa Rosa - Valdeolleros,Valdeolleros - Zumbacón - Camping,,,,flat,103.0,,,4,1,,False,,False,,,,,good,True,,,,,,,,,,,,,False,,1,
106583040,https://www.idealista.com/inmueble/106583040/,sale,Córdoba,Córdoba,37.8919916,-4.7782568,True,,,Centro - Casco Histórico,Casco Histórico - Ollerías - Marrubial,,,,flat,160.0,,,4,2,,False,,False,,,,,good,True,,,,,,,,,,,,,False,,2,
111663029,https://www.idealista.com/inmueble/111663029/,sale,Córdoba,Córdoba,37.8932848,-4.7703196,True,,,Santa Rosa - Valdeolleros,Valdeolleros - Zumbacón - Camping,,,,penthouse,126.0,,,4,2,,False,,False,,,,,good,True,,,,,,,,,,,,,True,,3,
105900011,https://www.idealista.com/inmueble/105900011/,sale,Córdoba,Córdoba,37.8909973,-4.7710913,True,,,Centro - Casco Histórico,Casco Histórico - Ollerías - Marrubial,,,,flat,62.0,,,2,1,,False,,False,,,,,good,False,,,,,,,,,,,,,False,,1,
112128999,https://www.idealista.com/inmueble/112128999/,sale,Córdoba,Córdoba,37.880097,-4.7735862,True,,,Centro - Casco Histórico,Casco Histórico - Corredera - Ribera,,,,flat,75.0,,,3,1,,False,,False,,,,,good,False,,,,,,,,,,,,,False,,1,
112097994,https://www.idealista.com/inmueble/112097994/,sale,Córdoba,Córdoba,37.8942848,-4.7876994,True,,,Santa Rosa - Valdeolleros,Huerta de la Reina,,,,flat,65.0,,,2,1,,False,,False,,,,,good,False,,,,,,,,,,,,,False,,2,
111802975,https://www.idealista.com/inmueble/111802975/,sale,Córdoba,Córdoba,37.9034938,-4.7868102,True,,,Brillante - Trassierra - Naranjo,Brillante,,,,independantHouse,177.0,,,4,2,,False,,False,,,,,good,,,,,,,,,,,,,,False,,,
500970,https://www.idealista.com/inmueble/500970/,sale,Córdoba,Córdoba,37.8934574,-4.7547694,True,,,Levante - Lepanto - Fátima,El Cairo,,,,flat,74.0,,,3,1,,False,,False,,,,,good,True,,,,,,,,,,,,,False,,4,
111405962,https://www.idealista.com/inmueble/111405962/,sale,Córdoba,Córdoba,37.8951254,-4.7724315,True,,,Santa Rosa - Valdeolleros,Valdeolleros - Zumbacón - Camping,,,,penthouse,126.0,,,4,2,,False,,False,,,,,good,True,,,,,,,,,,,,,True,,3,
111465948,https://www.idealista.com/inmueble/111465948/,sale,Córdoba,Córdoba,37.8945797,-4.7700385,True,,,Santa Rosa - Valdeolleros,Valdeolleros - Zumbacón - Camping,,,,penthouse,126.0,,,4,2,,False,,False,,,,,good,True,,,,,,,,,,,,,True,,3,
112066928,https://www.idealista.com/inmueble/112066928/,sale,Córdoba,Córdoba,37.894898,-4.7561196,True,,,Levante - Lepanto - Fátima,El Cairo,,,,flat,94.0,,,4,1,,False,,False,,,,,good,True,,,,,,,,,,,,,False,,2,
107974872,https://www.idealista.com/inmueble/107974872/,sale,Córdoba,Córdoba,37.8928138,-4.7838042,True,,,Centro - Casco Histórico,El Vial - Ronda de Tejares,,,,flat,147.0,,,3,2,,False,,False,,,,,good,True,,,,,,,,,,,,,True,,3,
109513852,https://www.idealista.com/inmueble/109513852/,sale,Córdoba,Córdoba,37.8837341,-4.7705618,True,,,Centro - Casco Histórico,Casco Histórico - Corredera - Ribera,,,,flat,80.0,,,3,1,,False,,False,,,,,good,False,,,,,,,,,,,,,False,,2,
111850846,https://www.idealista.com/inmueble/111850846/,sale,Córdoba,Córdoba,37.8939416,-4.7713341,True,,,Santa Rosa - Valdeolleros,Valdeolleros - Zumbacón - Camping,,,,penthouse,126.0,,,4,2,,False,,False,,,,,good,True,,,,,,,,,,,,,True,,3,
104809810,https://www.idealista.com/inmueble/104809810/,sale,Córdoba,Córdoba,37.8615135,-4.7829726,False,,,Sector sur - Santa Cruz,Sector sur - Santa Cruz,,,,flat,93.0,,,3,1,,False,,False,,,,,good,True,,,,,,,,,,,,,True,,1,
110586803,https://www.idealista.com/inmueble/110586803/,sale,Córdoba,Córdoba,37.864935,-4.772148,True,,,Campo de la Verdad,Campo de la Verdad,,,,terracedHouse,47.0,,,2,1,,False,,False,,,,,renew,,,,,,,,,,,,,,False,,,
111967793,https://www.idealista.com/inmueble/111967793/,sale,Córdoba,Córdoba,37.8809007,-4.8122255,True,,,Noreña - Figueroa,Miralbaida - Parque Azahara,,,,flat,108.0,,,3,1,,False,,False,,,,,good,False,,,,,,,,,,,,,False,,1,
111689779,https://www.idealista.com/inmueble/111689779/,sale,Córdoba,Córdoba,37.897364,-4.7570662,True,,,Levante - Lepanto - Fátima,Fátima - Campiñuela,,,,flat,70.0,,,3,1,,False,,False,,,,,good,False,,,,,,,,,,,,,False,,2,
111396767,https://www.idealista.com/inmueble/111396767/,sale,Córdoba,Córdoba,37.8810386,-4.766549,True,,,Fuensanta - Zona Arcángel,Fuensanta - Arcángel - Santuario,,,,flat,100.0,,,3,1,,False,,False,,,,,good,False,,,,,,,,,,,,,False,,3,
111386729,https://www.idealista.com/inmueble/111386729/,sale,Córdoba,Córdoba,37.8760888,-4.7827159,True,,,Centro - Casco Histórico,Judería - San Basilio,,,,flat,77.0,,,2,1,,False,,False,,,,,good,False,,,,,,,,,,,,,True,,1,
110314712,https://www.idealista.com/inmueble/110314712/,sale,Córdoba,Córdoba,37.9263279,-4.7511005,True,,,Brillante - Trassierra - Naranjo,Paraíso Arenal - La Colina,,,,independantHouse,280.0,,,6,3,,False,,False,,,,,good,,,,,,,,,,,,,,True,,,
111274700,https://www.idealista.com/inmueble/111274700/,sale,Córdoba,Córdoba,37.9111332,-4.7816481,True,,,Brillante - Trassierra - Naranjo,Naranjo - Mirabueno,,,,flat,105.0,,,3,2,,False,,False,,,,,good,False,,,,,,,,,,,,,False,,bj,
111325680,https://www.idealista.com/inmueble/111325680/,sale,Córdoba,Córdoba,37.8704007,-4.7720937,True,,,Campo de la Verdad,Campo de la Verdad,,,,independantHouse,379.0,,,7,3,,False,,False,,,,,renew,,,,,,,,,,,,,,True,,,
111458634,https://www.idealista.com/inmueble/111458634/,sale,Córdoba,Córdoba,37.8934725,-4.7547346,True,,,Levante - Lepanto - Fátima,El Cairo,,,,flat,90.0,,,3,2,,False,,False,,,,,good,True,,,,,,,,,,,,,True,,2,
110696604,https://www.idealista.com/inmueble/110696604/,sale,Córdoba,Córdoba,37.8812518,-4.7615951,True,,,Fuensanta - Zona Arcángel,Fuensanta - Arcángel - Santuario,,,,flat,77.0,,,3,1,,False,,False,,,,,renew,False,,,,,,,,,,,,,False,,1,
111769580,https://www.idealista.com/inmueble/111769580/,sale,Córdoba,Córdoba,37.8638223,-4.7760002,True,,,Sector sur - Santa Cruz,Sector sur - Santa Cruz,,,,flat,54.0,,,3,1,,False,,False,,,,,renew,True,,,,,,,,,,,,,False,,4,
106088491,https://www.idealista.com/inmueble/106088491/,sale,Córdoba,Córdoba,37.881965,-4.7731563,True,,,Centro - Casco Histórico,Casco Histórico - Corredera - Ribera,,,,terracedHouse,139.0,,,3,3,,False,,False,,,,,renew,,,,,,,,,,,,,,False,,,
112182465,https://www.idealista.com/inmueble/112182465/,sale,Córdoba,Córdoba,37.8776387,-4.7892141,True,,,Ciudad Jardín,Ciudad Jardín,,,,flat,90.0,,,3,1,,False,,False,,,,,good,True,,,,,,,,,,,,,False,,6,
112122461,https://www.idealista.com/inmueble/112122461/,sale,Córdoba,Córdoba,37.8957776,-4.7860175,True,,,Santa Rosa - Valdeolleros,Huerta de la Reina,,,,flat,65.0,,,2,1,,False,,False,,,,,good,False,,,,,,,,,,,,,False,,2,
111952464,https://www.idealista.com/inmueble/111952464/,sale,Córdoba,Córdoba,37.8808892,-4.7818396,True,,,Centro - Casco Histórico,Judería - San Basilio,,,,flat,85.0,,,2,1,,False,,False,,,,,good,True,,,,,,,,,,,,,True,,en,
110829458,https://www.idealista.com/inmueble/110829458/,sale,Córdoba,Córdoba,37.8743046,-4.7730168,True,,,Campo de la Verdad,Campo de la Verdad,,,,independantHouse,65.0,,,2,1,,False,,False,,,,,renew,,,,,,,,,,,,,,False,,,
112018448,https://www.idealista.com/inmueble/112018448/,sale,Córdoba,Córdoba,37.8960024,-4.7881115,True,,,Santa Rosa - Valdeolleros,Huerta de la Reina,,,,flat,65.0,,,2,1,,False,,False,,,,,good,False,,,,,,,,,,,,,False,,2,
111684445,https://www.idealista.com/inmueble/111684445/,sale,Córdoba,Córdoba,37.8947268,-4.7756545,True,,,Santa Rosa - Valdeolleros,Valdeolleros - Zumbacón - Camping,,,,flat,90.0,,,3,2,,False,,False,,,,,good,True,,,,,,,,,,,,,False,,bj,
111361400,https://www.idealista.com/inmueble/111361400/,sale,Córdoba,Córdoba,37.8960091,-4.7761678,True,,,Santa Rosa - Valdeolleros,Valdeolleros - Zumbacón - Camping,,,,flat,90.0,,,3,2,,False,,False,,,,,good,True,,,,,,,,,,,,,False,,,
111133403,https://www.idealista.com/inmueble/111133403/,sale,Córdoba,Córdoba,37.9197905,-4.8037595,True,,,Brillante - Trassierra - Naranjo,Brillante,,,,independantHouse,250.0,,,4,3,,False,,False,,,,,renew,,,,,,,,,,,,,,True,,,
110653391,https://www.idealista.com/inmueble/110653391/,sale,Córdoba,Córdoba,37.8861003,-4.78167,True,,,Centro - Casco Histórico,Centro,,,,flat,379.0,,,8,5,,False,,False,,,,,renew,True,,,,,,,,,,,,,True,,7,
111957376,https://www.idealista.com/inmueble/111957376/,sale,Córdoba,Córdoba,37.8969313,-4.7935595,True,,,Noreña - Figueroa,Tablero,,,,flat,110.0,,,3,2,,False,,False,,,,,good,True,,,,,,,,,,,,,True,,1,
106012367,https://www.idealista.com/inmueble/106012367/,sale,Córdoba,Córdoba,37.8812612,-4.7721737,True,,,Centro - Casco Histórico,Casco Histórico - Corredera - Ribera,,,,flat,50.0,,,1,1,,False,,False,,,,,good,False,,,,,,,,,,,,,False,,1,
110677174,https://www.idealista.com/inmueble/110677174/,sale,Córdoba,Córdoba,37.8837432,-4.7648796,True,,,Fuensanta - Zona Arcángel,Fuensanta - Arcángel - Santuario,,,,flat,100.0,,,3,2,,False,,False,,,,,good,True,,,,,,,,,,,,,False,,,
112135156,https://www.idealista.com/inmueble/112135156/,sale,Córdoba,Córdoba,37.9139839,-4.7904574,True,,,Brillante - Trassierra - Naranjo,Brillante,,,,independantHouse,112.0,,,5,3,,False,,False,,,,,good,,,,,,,,,,,,,,False,,,
107303142,https://www.idealista.com/inmueble/107303142/,sale,Córdoba,Córdoba,37.8880945,-4.7557353,True,,,Fuensanta - Zona Arcángel,Cañero - Fidiana,,,,independantHouse,207.0,,,3,2,,False,,False,,,,,good,,,,,,,,,,,,,,True,,,
105455137,https://www.idealista.com/inmueble/105455137/,sale,Córdoba,Córdoba,37.9105862,-4.8023041,True,,,Brillante - Trassierra - Naranjo,Brillante,,,,independantHouse,700.0,,,12,10,,False,,False,,,,,good,,,,,,,,,,,,,,True,,,
110855040,https://www.idealista.com/inmueble/110855040/,sale,Córdoba,Córdoba,37.8845306,-4.7714655,True,,,Centro - Casco Histórico,Casco Histórico - Corredera - Ribera,,,,flat,114.0,,,3,2,,False,,False,,,,,good,False,,,,,,,,,,,,,False,,1,
111500034,https://www.idealista.com/inmueble/111500034/,sale,Córdoba,Córdoba,37.885282,-4.779256,True,,,Centro - Casco Histórico,Centro,,,,flat,50.0,,,1,1,,False,,False,,,,,good,False,,,,,,,,,,,,,False,,bj,
110581982,https://www.idealista.com/inmueble/110581982/,sale,Córdoba,Córdoba,37.8959112,-4.7991931,True,,,Noreña - Figueroa,Tablero,,,,flat,137.0,,,3,2,,False,,False,,,,,good,True,,,,,,,,,,,,,True,,2,
111641936,https://www.idealista.com/inmueble/111641936/,sale,Córdoba,Córdoba,37.8739648,-4.7733818,True,,,Campo de la Verdad,Campo de la Verdad,,,,flat,47.0,,,1,1,,False,,False,,,,,good,True,,,,,,,,,,,,,False,,,
112140925,https://www.idealista.com/inmueble/112140925/,sale,Córdoba,Córdoba,37.898107,-4.7775327,True,,,Santa Rosa - Valdeolleros,Valdeolleros - Zumbacón - Camping,,,,independantHouse,108.0,,,1,2,,False,,False,,,,,renew,,,,,,,,,,,,,,False,,,
110828844,https://www.idealista.com/inmueble/110828844/,sale,Córdoba,Córdoba,37.8711366,-4.7732708,True,,,Campo de la Verdad,Campo de la Verdad,,,,independantHouse,65.0,,,2,1,,False,,False,,,,,renew,,,,,,,,,,,,,,False,,,
109244843,https://www.idealista.com/inmueble/109244843/,sale,Córdoba,Córdoba,37.8835033,-4.7822962,True,,,Centro - Casco Histórico,Centro,,,,flat,200.0,,,4,4,,False,,False,,,,,good,True,,,,,,,,,,,,,True,,,
112051818,https://www.idealista.com/inmueble/112051818/,sale,Córdoba,Córdoba,37.8867797,-4.7514159,True,,,Fuensanta - Zona Arcángel,Cañero - Fidiana,,,,independantHouse,97.0,,,3,1,,False,,False,,,,,renew,,,,,,,,,,,,,,False,,,
111913776,https://www.idealista.com/inmueble/111913776/,sale,Córdoba,Córdoba,37.8613606,-4.7777559,True,,,Sector sur - Santa Cruz,Sector sur - Santa Cruz,,,,flat,57.0,,,3,1,,False,,False,,,,,good,True,,,,,,,,,,,,,False,,1,
111465758,https://www.idealista.com/inmueble/111465758/,sale,Córdoba,Córdoba,37.8819946,-4.7915928,True,,,Ciudad Jardín,Ciudad Jardín,,,,flat,73.0,,,3,1,,False,,False,,,,,good,False,,,,,,,,,,,,,False,,3,
112133750,https://www.idealista.com/inmueble/112133750/,sale,Córdoba,Córdoba,37.8969135,-4.7865929,True,,,Santa Rosa - Valdeolleros,Huerta de la Reina,,,,flat,44.0,,,1,1,,False,,False,,,,,good,False,,,,,,,,,,,,,False,,,
111886736,https://www.idealista.com/inmueble/111886736/,sale,Córdoba,Córdoba,37.8898424,-4.7871558,True,,,Noreña - Figueroa,Carretera Trassierra - Colonia de la Paz,,,,flat,55.0,,,1,1,,False,,False,,,,,good,True,,,,,,,,,,,,,False,,bj,
111635723,https://www.idealista.com/inmueble/111635723/,sale,Córdoba,Córdoba,37.896944,-4.7593672,True,,,Levante - Lepanto - Fátima,Levante,,,,flat,73.0,,,2,1,,False,,False,,,,,good,False,,,,,,,,,,,,,False,,2,
110993606,https://www.idealista.com/inmueble/110993606/,sale,Córdoba,Córdoba,37.8847608,-4.7946061,True,,,Ciudad Jardín,Ciudad Jardín,,,,flat,75.0,,,3,1,,False,,False,,,,,good,True,,,,,,,,,,,,,False,,1,
112135584,https://www.idealista.com/inmueble/112135584/,sale,Córdoba,Córdoba,37.8955501,-4.7773323,True,,,Santa Rosa - Valdeolleros,Santa Rosa - San José,,,,flat,50.0,,,2,1,,False,,False,,,,,good,False,,,,,,,,,,,,,False,,,
112137572,https://www.idealista.com/inmueble/112137572/,sale,Córdoba,Córdoba,37.8988972,-4.7746287,True,,,Santa Rosa - Valdeolleros,Valdeolleros - Zumbacón - Camping,,,,independantHouse,108.0,,,1,2,,False,,False,,,,,renew,,,,,,,,,,,,,,False,,,
112206545,https://www.idealista.com/inmueble/112206545/,sale,Córdoba,Córdoba,37.8905163,-4.7607032,True,,,Levante - Lepanto - Fátima,La Viñuela,,,,flat,62.0,,,3,1,,False,,False,,,,,good,True,,,,,,,,,,,,,False,,1,
82615503,https://www.idealista.com/inmueble/82615503/,sale,Córdoba,Córdoba,37.8926949,-4.7725212,True,,,Centro - Casco Histórico,San Cayetano,,,,terracedHouse,114.0,,,5,1,,False,,False,,,,,good,,,,,,,,,,,,,,False,,,
109538493,https://www.idealista.com/inmueble/109538493/,sale,Córdoba,Córdoba,37.9084326,-4.7813155,True,,,Brillante - Trassierra - Naranjo,Naranjo - Mirabueno,,,,flat,108.0,,,3,1,,False,,False,,,,,good,False,,,,,,,,,,,,,False,,2,
111186479,https://www.idealista.com/inmueble/111186479/,sale,Córdoba,Córdoba,37.9002417,-4.7616802,True,,,Levante - Lepanto - Fátima,Fátima - Campiñuela,,,,flat,100.0,,,4,2,,False,,False,,,,,good,True,,,,,,,,,,,,,True,,4,
85467472,https://www.idealista.com/inmueble/85467472/,sale,Córdoba,Córdoba,37.8858401,-4.7730338,True,,,Centro - Casco Histórico,Casco Histórico - Corredera - Ribera,,,,independantHouse,396.0,,,5,2,,False,,False,,,,,renew,,,,,,,,,,,,,,False,,,
111820453,https://www.idealista.com/inmueble/111820453/,sale,Córdoba,Córdoba,37.8694085,-4.7796103,True,,,Sector sur - Santa Cruz,Sector sur - Santa Cruz,,,,flat,77.0,,,2,2,,False,,False,,,,,good,True,,,,,,,,,,,,,False,,6,
109699452,https://www.idealista.com/inmueble/109699452/,sale,Córdoba,Córdoba,37.9213756,-4.797132,True,,,Brillante - Trassierra - Naranjo,Brillante,,,,independantHouse,308.0,,,4,3,,False,,False,,,,,good,,,,,,,,,,,,,,True,,,
104896365,https://www.idealista.com/inmueble/104896365/,sale,Córdoba,Córdoba,37.8894492,-4.7689245,True,,,Centro - Casco Histórico,Casco Histórico - Ollerías - Marrubial,,,,flat,100.0,,,3,1,,False,,False,,,,,good,False,,,,,,,,,,,,,False,,1,
111917353,https://www.idealista.com/inmueble/111917353/,sale,Córdoba,Córdoba,37.8857601,-4.7736691,False,,,Centro - Casco Histórico,Casco Histórico - Corredera - Ribera,,,,flat,94.0,,,3,1,,False,,False,,,,,renew,False,,,,,,,,,,,,,False,,2,
111328283,https://www.idealista.com/inmueble/111328283/,sale,Córdoba,Córdoba,37.8866338,-4.7875733,True,,,Centro - Casco Histórico,Cercadilla - Medina Azahara,,,,flat,129.0,,,3,2,,False,,False,,,,,good,True,,,,,,,,,,,,,True,,6,
111780274,https://www.idealista.com/inmueble/111780274/,sale,Córdoba,Córdoba,37.8810815,-4.7885079,True,,,Ciudad Jardín,Ciudad Jardín,,,,flat,96.0,,,3,2,,False,,False,,,,,renew,True,,,,,,,,,,,,,False,,6,
112241267,https://www.idealista.com/inmueble/112241267/,sale,Córdoba,Córdoba,37.8962262,-4.7600844,True,,,Levante - Lepanto - Fátima,Levante,,,,flat,63.0,,,1,0,,False,,False,,,,,renew,True,,,,,,,,,,,,,True,,5,
85468231,https://www.idealista.com/inmueble/85468231/,sale,Córdoba,Córdoba,37.8883495,-4.7676356,True,,,Centro - Casco Histórico,Casco Histórico - Corredera - Ribera,,,,independantHouse,500.0,,,9,4,,False,,False,,,,,good,,,,,,,,,,,,,,True,,,
96642221,https://www.idealista.com/inmueble/96642221/,sale,Córdoba,Córdoba,37.8987653,-4.7778736,True,,,Santa Rosa - Valdeolleros,Valdeolleros - Zumbacón - Camping,,,,independantHouse,135.0,,,2,1,,False,,False,,,,,renew,,,,,,,,,,,,,,True,,,
82240140,https://www.idealista.com/inmueble/82240140/,sale,Córdoba,Córdoba,37.8793348,-4.7655189,True,,,Fuensanta - Zona Arcángel,Fuensanta - Arcángel - Santuario,,,,chalet,352.0,,,6,2,,False,,False,,,,,good,,,,,,,,,,,,,,False,,,
112083133,https://www.idealista.com/inmueble/112083133/,sale,Córdoba,Córdoba,37.8920918,-4.7879596,True,,,Santa Rosa - Valdeolleros,Huerta de la Reina,,,,flat,76.0,,,3,1,,False,,False,,,,,renew,False,,,,,,,,,,,,,False,,3,
98624103,https://www.idealista.com/inmueble/98624103/,sale,Córdoba,Córdoba,37.8866663,-4.7811489,True,,,Centro - Casco Histórico,El Vial - Ronda de Tejares,,,,studio,50.0,,,0,1,,False,,True,,,,,good,True,,,,,,,,,,,,,False,,1,
109355107,https://www.idealista.com/inmueble/109355107/,sale,Córdoba,Córdoba,37.8903848,-4.7722893,True,,,Centro - Casco Histórico,Casco Histórico - Ollerías - Marrubial,,,,terracedHouse,130.0,,,3,3,,False,,False,,,,,good,,,,,,,,,,,,,,False,,,
111841084,https://www.idealista.com/inmueble/111841084/,sale,Córdoba,Córdoba,37.8885734,-4.7730327,True,,,Centro - Casco Histórico,Casco Histórico - Ollerías - Marrubial,,,,flat,75.0,,,2,1,,False,,False,,,,,good,False,,,,,,,,,,,,,False,,2,
111664064,https://www.idealista.com/inmueble/111664064/,sale,Córdoba,Córdoba,37.8778876,-4.7639992,True,,,Fuensanta - Zona Arcángel,Fuensanta - Arcángel - Santuario,,,,flat,86.0,,,2,2,,False,,False,,,,,good,False,,,,,,,,,,,,,False,,,
110875006,https://www.idealista.com/inmueble/110875006/,sale,Córdoba,Córdoba,37.8885493,-4.775694,True,,,Centro - Casco Histórico,Casco Histórico - Ollerías - Marrubial,,,,flat,135.0,,,5,2,,False,,False,,,,,renew,True,,,,,,,,,,,,,True,,2,
111068991,https://www.idealista.com/inmueble/111068991/,sale,Córdoba,Córdoba,37.8789564,-4.7924039,True,,,Ciudad Jardín,Ciudad Jardín,,,,studio,110.0,,,0,1,,False,,True,,,,,good,False,,,,,,,,,,,,,False,,,
111458973,https://www.idealista.com/inmueble/111458973/,sale,Córdoba,Córdoba,37.8792988,-4.7927902,True,,,Ciudad Jardín,Ciudad Jardín,,,,flat,73.0,,,3,1,,False,,False,,,,,good,False,,,,,,,,,,,,,False,,2,
112027972,https://www.idealista.com/inmueble/112027972/,sale,Córdoba,Córdoba,37.863282,-4.772984,True,,,Campo de la Verdad,Campo de la Verdad,,,,independantHouse,83.0,,,3,1,,False,,False,,,,,renew,,,,,,,,,,,,,,False,,,
111015918,https://www.idealista.com/inmueble/111015918/,sale,Córdoba,Córdoba,37.8875478,-4.7700648,True,,,Centro - Casco Histórico,Casco Histórico - Ollerías - Marrubial,,,,flat,75.0,,,2,2,,False,,False,,,,,good,False,,,,,,,,,,,,,False,,,
111586911,https://www.idealista.com/inmueble/111586911/,sale,Córdoba,Córdoba,37.8750838,-4.7766491,True,,,Campo de la Verdad,Campo de la Verdad,,,,terracedHouse,99.0,,,3,2,,False,,False,,,,,good,,,,,,,,,,,,,,True,,,
111647898,https://www.idealista.com/inmueble/111647898/,sale,Córdoba,Córdoba,37.8834322,-4.7899351,True,,,Ciudad Jardín,Ciudad Jardín,,,,flat,60.0,,,1,1,,False,,False,,,,,good,True,,,,,,,,,,,,,False,,3,
109825896,https://www.idealista.com/inmueble/109825896/,sale,Córdoba,Córdoba,37.88316,-4.772987,True,,,Centro - Casco Histórico,Casco Histórico - Corredera - Ribera,,,,studio,50.0,,,0,1,,False,,True,,,,,good,False,,,,,,,,,,,,,False,,1,
110587880,https://www.idealista.com/inmueble/110587880/,sale,Córdoba,Córdoba,37.8902974,-4.7743514,True,,,Centro - Casco Histórico,Casco Histórico - Ollerías - Marrubial,,,,independantHouse,152.0,,,6,3,,False,,False,,,,,good,,,,,,,,,,,,,,True,,,
111779845,https://www.idealista.com/inmueble/111779845/,sale,Córdoba,Córdoba,37.8935165,-4.7579667,True,,,Levante - Lepanto - Fátima,La Viñuela,,,,flat,67.0,,,3,1,,False,,False,,,,,renew,True,,,,,,,,,,,,,False,,2,
112149799,https://www.idealista.com/inmueble/112149799/,sale,Córdoba,Córdoba,37.8842843,-4.7910179,True,,,Centro - Casco Histórico,Cercadilla - Medina Azahara,,,,flat,107.0,,,3,2,,False,,False,,,,,good,True,,,,,,,,,,,,,True,,1,
111258754,https://www.idealista.com/inmueble/111258754/,sale,Córdoba,Córdoba,37.9085069,-4.7792838,True,,,Brillante - Trassierra - Naranjo,Naranjo - Mirabueno,,,,flat,98.0,,,3,3,,False,,False,,,,,good,False,,,,,,,,,,,,,False,,,
109689747,https://www.idealista.com/inmueble/109689747/,sale,Córdoba,Córdoba,37.8813954,-4.772638,True,,,Centro - Casco Histórico,Casco Histórico - Corredera - Ribera,,,,independantHouse,200.0,,,3,2,,False,,False,,,,,good,,,,,,,,,,,,,,False,,,
111975719,https://www.idealista.com/inmueble/111975719/,sale,Córdoba,Córdoba,37.8987019,-4.7578463,True,,,Levante - Lepanto - Fátima,Fátima - Campiñuela,,,,flat,75.0,,,3,1,,False,,False,,,,,good,False,,,,,,,,,,,,,False,,1,
111028707,https://www.idealista.com/inmueble/111028707/,sale,Córdoba,Córdoba,37.8925171,-4.769326,True,,,Centro - Casco Histórico,San Cayetano,,,,flat,72.0,,,3,1,,False,,False,,,,,good,False,,,,,,,,,,,,,False,,2,
109774696,https://www.idealista.com/inmueble/109774696/,sale,Córdoba,Córdoba,37.8820485,-4.7820457,True,,,Centro - Casco Histórico,Centro,,,,flat,171.0,,,4,4,,False,,False,,,,,good,True,,,,,,,,,,,,,True,,2,
108860695,https://www.idealista.com/inmueble/108860695/,sale,Córdoba,Córdoba,37.8798116,-4.7885322,True,,,Zoco - Poniente - Vistalegre,Vistalegre - Parque Cruz - Universidades,,,,flat,176.0,,,6,3,,False,,False,,,,,good,True,,,,,,,,,,,,,True,,3,
110511692,https://www.idealista.com/inmueble/110511692/,sale,Córdoba,Córdoba,37.9072605,-4.7795703,True,,,Brillante - Trassierra - Naranjo,Naranjo - Mirabueno,,,,independantHouse,186.0,,,5,2,,False,,False,,,,,good,,,,,,,,,,,,,,False,,,
111174681,https://www.idealista.com/inmueble/111174681/,sale,Córdoba,Córdoba,37.8878786,-4.7744542,True,,,Centro - Casco Histórico,Casco Histórico - Ollerías - Marrubial,,,,flat,123.0,,,3,1,,False,,False,,,,,good,False,,,,,,,,,,,,,False,,3,
110459680,https://www.idealista.com/inmueble/110459680/,sale,Córdoba,Córdoba,37.9247625,-4.7902952,True,,,Brillante - Trassierra - Naranjo,Brillante,,,,independantHouse,300.0,,,6,3,,False,,False,,,,,good,,,,,,,,,,,,,,True,,,
89060658,https://www.idealista.com/inmueble/89060658/,sale,Córdoba,Córdoba,37.8807154,-4.7715538,True,,,Centro - Casco Histórico,Casco Histórico - Corredera - Ribera,,,,independantHouse,194.0,,,7,2,,False,,False,,,,,renew,,,,,,,,,,,,,,False,,,
111838616,https://www.idealista.com/inmueble/111838616/,sale,Córdoba,Córdoba,37.8647037,-4.7808755,True,,,Sector sur - Santa Cruz,Sector sur - Santa Cruz,,,,flat,59.0,,,3,1,,False,,False,,,,,good,False,,,,,,,,,,,,,False,,,
111656606,https://www.idealista.com/inmueble/111656606/,sale,Córdoba,Córdoba,37.9177642,-4.8057827,True,,,Brillante - Trassierra - Naranjo,Brillante,,,,independantHouse,541.0,,,9,4,,False,,False,,,,,good,,,,,,,,,,,,,,True,,,
108454557,https://www.idealista.com/inmueble/108454557/,sale,Córdoba,Córdoba,37.8726264,-4.7756133,True,,,Campo de la Verdad,Campo de la Verdad,,,,independantHouse,200.0,,,5,1,,False,,False,,,,,renew,,,,,,,,,,,,,,False,,,
93366559,https://www.idealista.com/inmueble/93366559/,sale,Córdoba,Córdoba,37.9022793,-4.787752,True,,,Brillante - Trassierra - Naranjo,Brillante,,,,independantHouse,647.0,,,6,6,,False,,False,,,,,good,,,,,,,,,,,,,,True,,,
112309547,https://www.idealista.com/inmueble/112309547/,sale,Córdoba,Córdoba,37.8871628,-4.7851771,True,,,Centro - Casco Histórico,Centro,,,,flat,120.0,,,3,2,,False,,False,,,,,good,True,,,,,,,,,,,,,False,,2,
110882543,https://www.idealista.com/inmueble/110882543/,sale,Córdoba,Córdoba,37.8829013,-4.8000468,True,,,Zoco - Poniente - Vistalegre,Zoco - Poniente,,,,independantHouse,178.0,,,4,2,,False,,False,,,,,good,,,,,,,,,,,,,,True,,,
111269531,https://www.idealista.com/inmueble/111269531/,sale,Córdoba,Córdoba,37.8863676,-4.777699,True,,,Centro - Casco Histórico,Centro,,,,duplex,50.0,,,1,1,,True,,False,,,,,good,False,,,,,,,,,,,,,False,,,
111780455,https://www.idealista.com/inmueble/111780455/,sale,Córdoba,Córdoba,37.8664165,-4.7770997,True,,,Sector sur - Santa Cruz,Sector sur - Santa Cruz,,,,flat,53.0,,,3,1,,False,,False,,,,,good,False,,,,,,,,,,,,,False,,4,
112185436,https://www.idealista.com/inmueble/112185436/,sale,Córdoba,Córdoba,37.9201077,-4.8021152,True,,,Brillante - Trassierra - Naranjo,Brillante,,,,independantHouse,442.0,,,6,4,,False,,False,,,,,good,,,,,,,,,,,,,,False,,,
111525399,https://www.idealista.com/inmueble/111525399/,sale,Córdoba,Córdoba,37.8744747,-4.7746995,True,,,Campo de la Verdad,Campo de la Verdad,,,,flat,58.0,,,1,1,,False,,False,,,,,good,True,,,,,,,,,,,,,False,,,
108149389,https://www.idealista.com/inmueble/108149389/,sale,Córdoba,Córdoba,37.8784963,-4.7801315,True,,,Centro - Casco Histórico,Judería - San Basilio,,,,independantHouse,538.0,,,13,4,,False,,False,,,,,renew,,,,,,,,,,,,,,False,,,
112243370,https://www.idealista.com/inmueble/112243370/,sale,Córdoba,Córdoba,37.8908675,-4.764072,True,,,Levante - Lepanto - Fátima,La Viñuela,,,,flat,89.0,,,3,1,,False,,False,,,,,good,True,,,,,,,,,,,,,False,,3,
110856310,https://www.idealista.com/inmueble/110856310/,sale,Córdoba,Córdoba,37.8975674,-4.809489,True,,,Noreña - Figueroa,Tablero,,,,terracedHouse,540.0,,,6,4,,False,,False,,,,,good,,,,,,,,,,,,,,True,,,
85468305,https://www.idealista.com/inmueble/85468305/,sale,Córdoba,Córdoba,37.9289508,-4.7598126,True,,,Brillante - Trassierra - Naranjo,Paraíso Arenal - La Colina,,,,independantHouse,313.0,,,4,5,,False,,False,,,,,good,,,,,,,,,,,,,,True,,,
110327295,https://www.idealista.com/inmueble/110327295/,sale,Córdoba,Córdoba,37.8819985,-4.7743394,True,,,Centro - Casco Histórico,Casco Histórico - Corredera - Ribera,,,,independantHouse,200.0,,,4,2,,False,,False,,,,,good,,,,,,,,,,,,,,True,,,
109262260,https://www.idealista.com/inmueble/109262260/,sale,Córdoba,Córdoba,37.8913208,-4.7932924,True,,,Noreña - Figueroa,Carretera Trassierra - Colonia de la Paz,,,,flat,100.0,,,3,1,,False,,False,,,,,good,True,,,,,,,,,,,,,False,,,
106806236,https://www.idealista.com/inmueble/106806236/,sale,Córdoba,Córdoba,37.889579,-4.7711979,True,,,Centro - Casco Histórico,Casco Histórico - Ollerías - Marrubial,,,,terracedHouse,132.0,,,5,3,,False,,False,,,,,good,,,,,,,,,,,,,,False,,,
110552232,https://www.idealista.com/inmueble/110552232/,sale,Córdoba,Córdoba,37.8841802,-4.7749553,True,,,Centro - Casco Histórico,Casco Histórico - Corredera - Ribera,,,,flat,80.0,,,3,2,,False,,False,,,,,good,True,,,,,,,,,,,,,True,,5,
112316219,https://www.idealista.com/inmueble/112316219/,sale,Córdoba,Córdoba,37.9100834,-4.7799603,True,,,Brillante - Trassierra - Naranjo,Naranjo - Mirabueno,,,,flat,103.0,,,3,2,,False,,False,,,,,good,False,,,,,,,,,,,,,False,,1,
111434209,https://www.idealista.com/inmueble/111434209/,sale,Córdoba,Córdoba,37.8939392,-4.7658799,True,,,Levante - Lepanto - Fátima,Levante,,,,flat,135.0,,,4,2,,False,,False,,,,,good,True,,,,,,,,,,,,,False,,8,
107997189,https://www.idealista.com/inmueble/107997189/,sale,Córdoba,Córdoba,37.8878758,-4.7699072,True,,,Centro - Casco Histórico,Casco Histórico - Ollerías - Marrubial,,,,chalet,214.0,,,3,2,,False,,False,,,,,good,,,,,,,,,,,,,,True,,,
39475145,https://www.idealista.com/inmueble/39475145/,sale,Córdoba,Córdoba,37.898106,-4.7948216,True,,,Noreña - Figueroa,Tablero,,,,flat,80.0,,,2,1,,False,,False,,,,,good,True,,,,,,,,,,,,,True,,1,
110539109,https://www.idealista.com/inmueble/110539109/,sale,Córdoba,Córdoba,37.8912918,-4.7623531,True,,,Levante - Lepanto - Fátima,La Viñuela,,,,flat,87.0,,,2,1,,False,,False,,,,,good,False,,,,,,,,,,,,,False,,,
109695110,https://www.idealista.com/inmueble/109695110/,sale,Córdoba,Córdoba,37.8872895,-4.7703208,True,,,Centro - Casco Histórico,Casco Histórico - Corredera - Ribera,,,,independantHouse,157.0,,,4,3,,False,,False,,,,,good,,,,,,,,,,,,,,False,,,
86675099,https://www.idealista.com/inmueble/86675099/,sale,Córdoba,Córdoba,37.8827212,-4.7697574,True,,,Centro - Casco Histórico,Casco Histórico - Corredera - Ribera,,,,independantHouse,195.0,,,6,2,,False,,False,,,,,renew,,,,,,,,,,,,,,False,,,
109841030,https://www.idealista.com/inmueble/109841030/,sale,Córdoba,Córdoba,37.891809,-4.7609161,True,,,Levante - Lepanto - Fátima,La Viñuela,,,,flat,93.0,,,3,2,,False,,False,,,,,good,True,,,,,,,,,,,,,True,,,
107409021,https://www.idealista.com/inmueble/107409021/,sale,Córdoba,Córdoba,37.8800777,-4.7772819,True,,,Centro - Casco Histórico,Judería - San Basilio,,,,flat,698.0,,,17,6,,False,,False,,,,,good,False,,,,,,,,,,,,,True,,1,
110049984,https://www.idealista.com/inmueble/110049984/,sale,Córdoba,Córdoba,37.8605208,-4.78195,True,,,Sector sur - Santa Cruz,Sector sur - Santa Cruz,,,,flat,120.0,,,3,2,,False,,False,,,,,good,False,,,,,,,,,,,,,False,,2,
108833983,https://www.idealista.com/inmueble/108833983/,sale,Córdoba,Córdoba,37.8945811,-4.7664012,True,,,Levante - Lepanto - Fátima,Levante,,,,chalet,40.0,,,2,1,,False,,False,,,,,good,,,,,,,,,,,,,,False,,,
110485957,https://www.idealista.com/inmueble/110485957/,sale,Córdoba,Córdoba,37.8812907,-4.7827719,False,,,Centro - Casco Histórico,Judería - San Basilio,,,,flat,50.0,,,1,1,,False,,False,,,,,good,False,,,,,,,,,,,,,False,,2,
112140951,https://www.idealista.com/inmueble/112140951/,sale,Córdoba,Córdoba,37.8999108,-4.7765551,True,,,Santa Rosa - Valdeolleros,Valdeolleros - Zumbacón - Camping,,,,independantHouse,108.0,,,1,2,,False,,False,,,,,renew,,,,,,,,,,,,,,False,,,
111252949,https://www.idealista.com/inmueble/111252949/,sale,Córdoba,Córdoba,37.8918598,-4.7903791,True,,,Noreña - Figueroa,Carretera Trassierra - Colonia de la Paz,,,,flat,51.0,,,1,1,,False,,False,,,,,good,True,,,,,,,,,,,,,False,,bj,
111289944,https://www.idealista.com/inmueble/111289944/,sale,Córdoba,Córdoba,37.8762133,-4.7820343,True,,,Centro - Casco Histórico,Judería - San Basilio,,,,flat,60.0,,,3,1,,False,,False,,,,,good,False,,,,,,,,,,,,,False,,1,
110316941,https://www.idealista.com/inmueble/110316941/,sale,Córdoba,Córdoba,37.8897177,-4.8039849,False,,,Noreña - Figueroa,Noreña - Turruñuelos,,,,flat,60.0,,,2,1,,False,,False,,,,,renew,True,,,,,,,,,,,,,False,,2,
111214892,https://www.idealista.com/inmueble/111214892/,sale,Córdoba,Córdoba,37.883817,-4.7791219,True,,,Centro - Casco Histórico,Judería - San Basilio,,,,flat,51.0,,,1,1,,False,,False,,,,,good,False,,,,,,,,,,,,,False,,bj,
109830849,https://www.idealista.com/inmueble/109830849/,sale,Córdoba,Córdoba,37.8741457,-4.7751028,True,,,Sector sur - Santa Cruz,Sector sur - Santa Cruz,,,,semidetachedHouse,151.0,,,4,2,,False,,False,,,,,good,,,,,,,,,,,,,,True,,,
111878833,https://www.idealista.com/inmueble/111878833/,sale,Córdoba,Córdoba,37.8967075,-4.7879492,True,,,Santa Rosa - Valdeolleros,Huerta de la Reina,,,,flat,65.0,,,2,1,,False,,False,,,,,good,False,,,,,,,,,,,,,False,,2,
110113834,https://www.idealista.com/inmueble/110113834/,sale,Córdoba,Córdoba,37.8912825,-4.7669058,True,,,Centro - Casco Histórico,Casco Histórico - Ollerías - Marrubial,,,,independantHouse,354.0,,,0,0,,False,,False,,,,,renew,,,,,,,,,,,,,,False,,,
111373819,https://www.idealista.com/inmueble/111373819/,sale,Córdoba,Córdoba,37.8938793,-4.7707957,True,,,Santa Rosa - Valdeolleros,Valdeolleros - Zumbacón - Camping,,,,flat,90.0,,,3,2,,False,,False,,,,,good,True,,,,,,,,,,,,,False,,bj,
97370783,https://www.idealista.com/inmueble/97370783/,sale,Córdoba,Córdoba,37.8914261,-4.776292,True,,,Centro - Casco Histórico,Casco Histórico - Ollerías - Marrubial,,,,independantHouse,853.0,,,14,5,,False,,False,,,,,renew,,,,,,,,,,,,,,True,,,
96414776,https://www.idealista.com/inmueble/96414776/,sale,Córdoba,Córdoba,37.8808928,-4.7766864,True,,,Centro - Casco Histórico,Judería - San Basilio,,,,independantHouse,256.0,,,11,3,,False,,False,,,,,good,,,,,,,,,,,,,,True,,,
111033768,https://www.idealista.com/inmueble/111033768/,sale,Córdoba,Córdoba,37.8912269,-4.7616375,True,,,Levante - Lepanto - Fátima,La Viñuela,,,,flat,105.0,,,4,2,,False,,False,,,,,renew,False,,,,,,,,,,,,,False,,en,
111729753,https://www.idealista.com/inmueble/111729753/,sale,Córdoba,Córdoba,37.8977545,-4.7932326,True,,,Noreña - Figueroa,Tablero,,,,penthouse,157.0,,,3,2,,False,,False,,,,,good,True,,,,,,,,,,,,,True,,3,
111910733,https://www.idealista.com/inmueble/111910733/,sale,Córdoba,Córdoba,37.8835722,-4.7825618,True,,,Centro - Casco Histórico,Centro,,,,flat,64.0,,,2,1,,False,,False,,,,,good,False,,,,,,,,,,,,,False,,2,
111868697,https://www.idealista.com/inmueble/111868697/,sale,Córdoba,Córdoba,37.8809911,-4.7915457,True,,,Ciudad Jardín,Ciudad Jardín,,,,flat,60.0,,,1,1,,False,,False,,,,,good,True,,,,,,,,,,,,,False,,,
111261624,https://www.idealista.com/inmueble/111261624/,sale,Córdoba,Córdoba,37.88906,-4.7592678,True,,,Fuensanta - Zona Arcángel,Cañero - Fidiana,,,,terracedHouse,144.0,,,3,2,,False,,False,,,,,good,,,,,,,,,,,,,,False,,,
110520516,https://www.idealista.com/inmueble/110520516/,sale,Córdoba,Córdoba,37.8977429,-4.811851,True,,,Noreña - Figueroa,Tablero,,,,terracedHouse,132.0,,,4,2,,False,,False,,,,,good,,,,,,,,,,,,,,False,,,
110888506,https://www.idealista.com/inmueble/110888506/,sale,Córdoba,Córdoba,37.8662401,-4.7796539,True,,,Sector sur - Santa Cruz,Sector sur - Santa Cruz,,,,flat,57.0,,,3,1,,False,,False,,,,,good,False,,,,,,,,,,,,,False,,bj,
112138492,https://www.idealista.com/inmueble/112138492/,sale,Córdoba,Córdoba,37.882638,-4.7568387,True,,,Fuensanta - Zona Arcángel,Fuensanta - Arcángel - Santuario,,,,flat,115.0,,,3,2,,False,,False,,,,,renew,True,,,,,,,,,,,,,False,,1,
96716475,https://www.idealista.com/inmueble/96716475/,sale,Córdoba,Córdoba,37.9011243,-4.7873296,True,,,Brillante - Trassierra - Naranjo,Brillante,,,,independantHouse,650.0,,,7,4,,False,,False,,,,,good,,,,,,,,,,,,,,True,,,
106913465,https://www.idealista.com/inmueble/106913465/,sale,Córdoba,Córdoba,37.8842253,-4.7844609,True,,,Centro - Casco Histórico,Centro,,,,flat,185.0,,,6,4,,False,,False,,,,,good,True,,,,,,,,,,,,,False,,5,
111862450,https://www.idealista.com/inmueble/111862450/,sale,Córdoba,Córdoba,37.8776656,-4.7852517,True,,,Centro - Casco Histórico,Judería - San Basilio,,,,flat,90.0,,,3,1,,False,,False,,,,,good,False,,,,,,,,,,,,,False,,bj,
107550420,https://www.idealista.com/inmueble/107550420/,sale,Córdoba,Córdoba,37.9206806,-4.794619,True,,,Brillante - Trassierra - Naranjo,Brillante,,,,independantHouse,185.0,,,4,3,,False,,False,,,,,renew,,,,,,,,,,,,,,True,,,
110888409,https://www.idealista.com/inmueble/110888409/,sale,Córdoba,Córdoba,37.8776691,-4.7925228,True,,,Ciudad Jardín,Ciudad Jardín,,,,flat,57.0,,,3,1,,False,,False,,,,,good,False,,,,,,,,,,,,,False,,3,
111278350,https://www.idealista.com/inmueble/111278350/,sale,Córdoba,Córdoba,37.8846773,-4.7638258,True,,,Fuensanta - Zona Arcángel,Fuensanta - Arcángel - Santuario,,,,flat,70.0,,,2,1,,False,,False,,,,,good,True,,,,,,,,,,,,,False,,4,
106442344,https://www.idealista.com/inmueble/106442344/,sale,Córdoba,Córdoba,37.8646536,-4.7812442,False,,,Sector sur - Santa Cruz,Sector sur - Santa Cruz,,,,flat,280.0,,,8,3,,False,,False,,,,,good,True,,,,,,,,,,,,,False,,4,
109276255,https://www.idealista.com/inmueble/109276255/,sale,Córdoba,Córdoba,37.882437,-4.8157629,True,,,Noreña - Figueroa,Miralbaida - Parque Azahara,,,,flat,94.0,,,3,1,,False,,False,,,,,good,False,,,,,,,,,,,,,False,,2,
110420254,https://www.idealista.com/inmueble/110420254/,sale,Córdoba,Córdoba,37.8934773,-4.7786039,True,,,Santa Rosa - Valdeolleros,Santa Rosa - San José,,,,flat,106.0,,,3,2,,False,,False,,,,,good,True,,,,,,,,,,,,,True,,3,
111116208,https://www.idealista.com/inmueble/111116208/,sale,Córdoba,Córdoba,37.8927564,-4.7771131,True,,,Centro - Casco Histórico,San Cayetano,,,,flat,135.0,,,4,2,,False,,False,,,,,good,True,,,,,,,,,,,,,True,,4,
111116207,https://www.idealista.com/inmueble/111116207/,sale,Córdoba,Córdoba,37.880865,-4.7898796,True,,,Ciudad Jardín,Ciudad Jardín,,,,flat,110.0,,,3,2,,False,,False,,,,,good,True,,,,,,,,,,,,,False,,2,
100739205,https://www.idealista.com/inmueble/100739205/,sale,Córdoba,Córdoba,37.8824759,-4.7799613,True,,,Centro - Casco Histórico,Centro,,,,flat,165.0,,,4,2,,False,,False,,,,,good,True,,,,,,,,,,,,,True,,4,
111680045,https://www.idealista.com/inmueble/111680045/,sale,Córdoba,Córdoba,37.8827392,-4.7774749,True,,,Centro - Casco Histórico,Judería - San Basilio,,,,flat,74.0,,,2,1,,False,,False,,,,,good,,,,,,,,,,,,,,True,,3,
111069034,https://www.idealista.com/inmueble/111069034/,sale,Córdoba,Córdoba,37.9017853,-4.7793438,True,,,Brillante - Trassierra - Naranjo,Brillante,,,,terracedHouse,220.0,,,6,3,,False,,False,,,,,good,,,,,,,,,,,,,,True,,,
108438017,https://www.idealista.com/inmueble/108438017/,sale,Córdoba,Córdoba,37.890986,-4.7691107,True,,,Centro - Casco Histórico,Casco Histórico - Ollerías - Marrubial,,,,independantHouse,298.0,,,1,0,,False,,False,,,,,renew,,,,,,,,,,,,,,False,,,
110700958,https://www.idealista.com/inmueble/110700958/,sale,Córdoba,Córdoba,37.8769194,-4.7818076,True,,,Centro - Casco Histórico,Judería - San Basilio,,,,flat,47.0,,,2,1,,False,,False,,,,,good,False,,,,,,,,,,,,,False,,,
106734904,https://www.idealista.com/inmueble/106734904/,sale,Córdoba,Córdoba,37.8866304,-4.7874685,True,,,Centro - Casco Histórico,Cercadilla - Medina Azahara,,,,flat,142.0,,,4,2,,False,,False,,,,,good,True,,,,,,,,,,,,,True,,3,
110084878,https://www.idealista.com/inmueble/110084878/,sale,Córdoba,Córdoba,37.8766349,-4.7886751,True,,,Zoco - Poniente - Vistalegre,Vistalegre - Parque Cruz - Universidades,,,,flat,180.0,,,6,3,,False,,False,,,,,good,True,,,,,,,,,,,,,True,,3,
103256872,https://www.idealista.com/inmueble/103256872/,sale,Córdoba,Córdoba,37.9048939,-4.7881154,True,,,Brillante - Trassierra - Naranjo,Brillante,,,,independantHouse,690.0,,,7,2,,False,,False,,,,,good,,,,,,,,,,,,,,True,,,
112053848,https://www.idealista.com/inmueble/112053848/,sale,Córdoba,Córdoba,37.8925474,-4.7792945,True,,,Centro - Casco Histórico,San Cayetano,,,,flat,135.0,,,4,2,,False,,False,,,,,good,True,,,,,,,,,,,,,True,,4,
112133755,https://www.idealista.com/inmueble/112133755/,sale,Córdoba,Córdoba,37.8813262,-4.7875073,True,,,Ciudad Jardín,Ciudad Jardín,,,,flat,70.0,,,2,1,,False,,False,,,,,good,False,,,,,,,,,,,,,True,,1,
111494687,https://www.idealista.com/inmueble/111494687/,sale,Córdoba,Córdoba,37.8968877,-4.7581825,True,,,Levante - Lepanto - Fátima,Fátima - Campiñuela,,,,flat,78.0,,,3,1,,False,,False,,,,,good,False,,,,,,,,,,,,,False,,,
109434691,https://www.idealista.com/inmueble/109434691/,sale,Córdoba,Córdoba,37.8824558,-4.7703626,True,,,Centro - Casco Histórico,Casco Histórico - Corredera - Ribera,,,,independantHouse,382.0,,,8,2,,False,,False,,,,,renew,,,,,,,,,,,,,,False,,,
106882367,https://www.idealista.com/inmueble/106882367/,sale,Córdoba,Córdoba,37.8589068,-4.7805535,True,,,Sector sur - Santa Cruz,Sector sur - Santa Cruz,,,,flat,61.0,,,2,1,,False,,False,,,,,good,False,,,,,,,,,,,,,False,,1,
107811355,https://www.idealista.com/inmueble/107811355/,sale,Córdoba,Córdoba,37.8849659,-4.7743293,True,,,Centro - Casco Histórico,Casco Histórico - Corredera - Ribera,,,,independantHouse,600.0,,,4,3,,False,,False,,,,,good,,,,,,,,,,,,,,False,,,
108300265,https://www.idealista.com/inmueble/108300265/,sale,Córdoba,Córdoba,37.8754905,-4.775771,True,,,Campo de la Verdad,Campo de la Verdad,,,,independantHouse,166.0,,,3,2,,False,,False,,,,,good,,,,,,,,,,,,,,False,,,
109717197,https://www.idealista.com/inmueble/109717197/,sale,Córdoba,Córdoba,37.8817062,-4.7657164,True,,,Fuensanta - Zona Arcángel,Fuensanta - Arcángel - Santuario,,,,terracedHouse,306.0,,,5,3,,False,,False,,,,,good,,,,,,,,,,,,,,True,,,
111184105,https://www.idealista.com/inmueble/111184105/,sale,Córdoba,Córdoba,37.8947883,-4.8054899,True,,,Noreña - Figueroa,Tablero,,,,flat,145.0,,,4,2,,False,,False,,,,,good,True,,,,,,,,,,,,,False,,5,
112255043,https://www.idealista.com/inmueble/112255043/,sale,Córdoba,Córdoba,37.8835016,-4.7719876,True,,,Centro - Casco Histórico,Casco Histórico - Corredera - Ribera,,,,flat,100.0,,,4,2,,False,,False,,,,,good,False,,,,,,,,,,,,,False,,,
94956030,https://www.idealista.com/inmueble/94956030/,sale,Córdoba,Córdoba,37.8609411,-4.7785572,True,,,Sector sur - Santa Cruz,Sector sur - Santa Cruz,,,,flat,61.0,,,2,1,,False,,False,,,,,good,False,,,,,,,,,,,,,False,,1,
111136934,https://www.idealista.com/inmueble/111136934/,sale,Córdoba,Córdoba,37.8940726,-4.7685635,True,,,Levante - Lepanto - Fátima,Levante,,,,flat,69.0,,,3,1,,False,,False,,,,,good,False,,,,,,,,,,,,,False,,3,
111891897,https://www.idealista.com/inmueble/111891897/,sale,Córdoba,Córdoba,37.8642544,-4.7798863,True,,,Sector sur - Santa Cruz,Sector sur - Santa Cruz,,,,terracedHouse,80.0,,,3,1,,False,,False,,,,,good,,,,,,,,,,,,,,False,,,
109508696,https://www.idealista.com/inmueble/109508696/,sale,Córdoba,Córdoba,37.8967136,-4.7755143,True,,,Santa Rosa - Valdeolleros,Valdeolleros - Zumbacón - Camping,,,,flat,78.0,,,2,1,,False,,False,,,,,good,True,,,,,,,,,,,,,False,,1,
111770686,https://www.idealista.com/inmueble/111770686/,sale,Córdoba,Córdoba,37.8936209,-4.7713373,True,,,Santa Rosa - Valdeolleros,Valdeolleros - Zumbacón - Camping,,,,flat,90.0,,,3,2,,False,,False,,,,,good,True,,,,,,,,,,,,,True,,bj,
110480661,https://www.idealista.com/inmueble/110480661/,sale,Córdoba,Córdoba,37.8815165,-4.7912156,True,,,Ciudad Jardín,Ciudad Jardín,,,,flat,104.0,,,3,2,,False,,False,,,,,good,True,,,,,,,,,,,,,False,,,
111301653,https://www.idealista.com/inmueble/111301653/,sale,Córdoba,Córdoba,37.8812629,-4.7889049,True,,,Ciudad Jardín,Ciudad Jardín,,,,flat,110.0,,,4,2,,False,,False,,,,,good,True,,,,,,,,,,,,,False,,1,
111763636,https://www.idealista.com/inmueble/111763636/,sale,Córdoba,Córdoba,37.8937555,-4.7582047,True,,,Levante - Lepanto - Fátima,La Viñuela,,,,flat,87.0,,,2,1,,False,,False,,,,,good,False,,,,,,,,,,,,,True,,bj,
109088629,https://www.idealista.com/inmueble/109088629/,sale,Córdoba,Córdoba,37.9180788,-4.796316,True,,,Brillante - Trassierra - Naranjo,Brillante,,,,independantHouse,53.0,,,1,1,,False,,False,,,,,renew,,,,,,,,,,,,,,False,,,
108575625,https://www.idealista.com/inmueble/108575625/,sale,Córdoba,Córdoba,37.8951832,-4.7592442,True,,,Levante - Lepanto - Fátima,Levante,,,,flat,71.0,,,2,1,,False,,False,,,,,good,False,,,,,,,,,,,,,False,,4,
111494559,https://www.idealista.com/inmueble/111494559/,sale,Córdoba,Córdoba,37.8877137,-4.7586505,True,,,Fuensanta - Zona Arcángel,Cañero - Fidiana,,,,flat,60.0,,,2,1,,False,,False,,,,,good,False,,,,,,,,,,,,,False,,,
111525534,https://www.idealista.com/inmueble/111525534/,sale,Córdoba,Córdoba,37.8812401,-4.7916504,True,,,Ciudad Jardín,Ciudad Jardín,,,,flat,130.0,,,4,2,,False,,False,,,,,good,True,,,,,,,,,,,,,False,,1,
109470531,https://www.idealista.com/inmueble/109470531/,sale,Córdoba,Córdoba,37.8894437,-4.7880831,True,,,Noreña - Figueroa,Carretera Trassierra - Colonia de la Paz,,,,flat,100.0,,,3,2,,False,,False,,,,,good,True,,,,,,,,,,,,,False,,3,
88750501,https://www.idealista.com/inmueble/88750501/,sale,Córdoba,Córdoba,37.904704,-4.7849389,True,,,Brillante - Trassierra - Naranjo,Brillante,,,,independantHouse,864.0,,,9,7,,False,,False,,,,,good,,,,,,,,,,,,,,True,,,
111656482,https://www.idealista.com/inmueble/111656482/,sale,Córdoba,Córdoba,37.9076597,-4.8017597,True,,,Brillante - Trassierra - Naranjo,Brillante,,,,independantHouse,350.0,,,5,3,,False,,False,,,,,good,,,,,,,,,,,,,,True,,,
110928479,https://www.idealista.com/inmueble/110928479/,sale,Córdoba,Córdoba,37.8895744,-4.7804152,True,,,Centro - Casco Histórico,Centro,,,,flat,119.0,,,3,1,,False,,False,,,,,good,True,,,,,,,,,,,,,False,,5,
111879469,https://www.idealista.com/inmueble/111879469/,sale,Córdoba,Córdoba,37.8968119,-4.7857418,True,,,Santa Rosa - Valdeolleros,Huerta de la Reina,,,,flat,65.0,,,2,1,,False,,False,,,,,good,False,,,,,,,,,,,,,False,,2,
108932463,https://www.idealista.com/inmueble/108932463/,sale,Córdoba,Córdoba,37.8927454,-4.7805437,True,,,Centro - Casco Histórico,San Cayetano,,,,flat,134.0,,,4,2,,False,,False,,,,,good,True,,,,,,,,,,,,,True,,2,
112264453,https://www.idealista.com/inmueble/112264453/,sale,Córdoba,Córdoba,37.864509,-4.7749626,True,,,Sector sur - Santa Cruz,Sector sur - Santa Cruz,,,,flat,54.0,,,2,1,,False,,False,,,,,good,False,,,,,,,,,,,,,False,,,
112144459,https://www.idealista.com/inmueble/112144459/,sale,Córdoba,Córdoba,37.8874464,-4.7514422,True,,,Fuensanta - Zona Arcángel,Cañero - Fidiana,,,,independantHouse,97.0,,,3,1,,False,,False,,,,,renew,,,,,,,,,,,,,,False,,,
108134385,https://www.idealista.com/inmueble/108134385/,sale,Córdoba,Córdoba,37.889454,-4.7745118,True,,,Centro - Casco Histórico,Casco Histórico - Ollerías - Marrubial,,,,terracedHouse,160.0,,,6,3,,False,,False,,,,,good,,,,,,,,,,,,,,False,,,
112203364,https://www.idealista.com/inmueble/112203364/,sale,Córdoba,Córdoba,37.8975487,-4.7603395,True,,,Levante - Lepanto - Fátima,Levante,,,,flat,73.0,,,2,1,,False,,False,,,,,good,False,,,,,,,,,,,,,False,,,
97645352,https://www.idealista.com/inmueble/97645352/,sale,Córdoba,Córdoba,37.8900373,-4.7720878,True,,,Centro - Casco Histórico,Casco Histórico - Ollerías - Marrubial,,,,independantHouse,823.0,,,14,7,,False,,False,,,,,renew,,,,,,,,,,,,,,False,,,
110689342,https://www.idealista.com/inmueble/110689342/,sale,Córdoba,Córdoba,37.8860324,-4.7710592,True,,,Centro - Casco Histórico,Casco Histórico - Corredera - Ribera,,,,flat,77.0,,,3,1,,False,,False,,,,,renew,False,,,,,,,,,,,,,False,,bj,
111947249,https://www.idealista.com/inmueble/111947249/,sale,Córdoba,Córdoba,37.8875249,-4.7843404,True,,,Centro - Casco Histórico,Centro,,,,flat,126.0,,,3,2,,False,,False,,,,,good,True,,,,,,,,,,,,,False,,2,
108540209,https://www.idealista.com/inmueble/108540209/,sale,Córdoba,Córdoba,37.8807198,-4.7815331,True,,,Centro - Casco Histórico,Centro,,,,flat,68.0,,,2,2,,False,,False,,,,,good,,,,,,,,,,,,,,False,,,
111398203,https://www.idealista.com/inmueble/111398203/,sale,Córdoba,Córdoba,37.8937818,-4.7591051,True,,,Levante - Lepanto - Fátima,La Viñuela,,,,flat,80.0,,,3,2,,False,,False,,,,,good,True,,,,,,,,,,,,,False,,2,
111313197,https://www.idealista.com/inmueble/111313197/,sale,Córdoba,Córdoba,37.8800397,-4.7814724,True,,,Centro - Casco Histórico,Judería - San Basilio,,,,flat,52.0,,,2,1,,False,,False,,,,,good,False,,,,,,,,,,,,,False,,1,
111025192,https://www.idealista.com/inmueble/111025192/,sale,Córdoba,Córdoba,37.8890292,-4.7865839,True,,,Centro - Casco Histórico,El Vial - Ronda de Tejares,,,,flat,270.0,,,5,4,,False,,False,,,,,good,True,,,,,,,,,,,,,True,,3,
108962178,https://www.idealista.com/inmueble/108962178/,sale,Córdoba,Córdoba,37.8817528,-4.7640079,True,,,Fuensanta - Zona Arcángel,Fuensanta - Arcángel - Santuario,,,,flat,83.0,,,2,1,,False,,False,,,,,renew,False,,,,,,,,,,,,,True,,1,
110957125,https://www.idealista.com/inmueble/110957125/,sale,Córdoba,Córdoba,37.8953703,-4.7743952,True,,,Santa Rosa - Valdeolleros,Valdeolleros - Zumbacón - Camping,,,,flat,103.0,,,3,1,,False,,False,,,,,good,True,,,,,,,,,,,,,False,,1,
109981129,https://www.idealista.com/inmueble/109981129/,sale,Córdoba,Córdoba,37.88491,-4.7593185,True,,,Fuensanta - Zona Arcángel,Fuensanta - Arcángel - Santuario,,,,flat,100.0,,,3,2,,False,,False,,,,,good,False,,,,,,,,,,,,,False,,4,
111184123,https://www.idealista.com/inmueble/111184123/,sale,Córdoba,Córdoba,37.8941599,-4.7721477,True,,,Centro - Casco Histórico,San Cayetano,,,,flat,70.0,,,3,1,,False,,False,,,,,good,False,,,,,,,,,,,,,False,,2,
111394113,https://www.idealista.com/inmueble/111394113/,sale,Córdoba,Córdoba,37.8667358,-4.7762629,True,,,Sector sur - Santa Cruz,Sector sur - Santa Cruz,,,,flat,57.0,,,3,1,,False,,False,,,,,good,False,,,,,,,,,,,,,False,,,
111139088,https://www.idealista.com/inmueble/111139088/,sale,Córdoba,Córdoba,37.889706,-4.756642,True,,,Fuensanta - Zona Arcángel,Cañero - Fidiana,,,,chalet,200.0,,,3,2,,False,,False,,,,,good,,,,,,,,,,,,,,False,,,
111390072,https://www.idealista.com/inmueble/111390072/,sale,Córdoba,Córdoba,37.8902118,-4.7688695,True,,,Centro - Casco Histórico,Casco Histórico - Ollerías - Marrubial,,,,flat,53.0,,,3,1,,False,,False,,,,,good,False,,,,,,,,,,,,,False,,3,
108190049,https://www.idealista.com/inmueble/108190049/,sale,Córdoba,Córdoba,37.8866384,-4.7801461,True,,,Centro - Casco Histórico,Centro,,,,flat,320.0,,,4,2,,False,,False,,,,,good,True,,,,,,,,,,,,,True,,2,
111069014,https://www.idealista.com/inmueble/111069014/,sale,Córdoba,Córdoba,37.885361,-4.7831203,True,,,Centro - Casco Histórico,Centro,,,,studio,40.0,,,0,1,,False,,True,,,,,good,False,,,,,,,,,,,,,False,,,
112181987,https://www.idealista.com/inmueble/112181987/,sale,Córdoba,Córdoba,37.8805639,-4.788935,True,,,Ciudad Jardín,Ciudad Jardín,,,,flat,70.0,,,3,1,,False,,False,,,,,good,False,,,,,,,,,,,,,False,,,
111830984,https://www.idealista.com/inmueble/111830984/,sale,Córdoba,Córdoba,37.9143527,-4.785406,True,,,Brillante - Trassierra - Naranjo,Brillante,,,,independantHouse,330.0,,,4,4,,False,,False,,,,,good,,,,,,,,,,,,,,True,,,
110334985,https://www.idealista.com/inmueble/110334985/,sale,Córdoba,Córdoba,37.881573,-4.76397,True,,,Fuensanta - Zona Arcángel,Fuensanta - Arcángel - Santuario,,,,flat,77.0,,,2,1,,False,,False,,,,,good,False,,,,,,,,,,,,,True,,1,
110701961,https://www.idealista.com/inmueble/110701961/,sale,Córdoba,Córdoba,37.8809195,-4.7884394,True,,,Ciudad Jardín,Ciudad Jardín,,,,flat,61.0,,,1,1,,False,,False,,,,,good,False,,,,,,,,,,,,,True,,,
110768944,https://www.idealista.com/inmueble/110768944/,sale,Córdoba,Córdoba,37.8820618,-4.7722743,True,,,Centro - Casco Histórico,Casco Histórico - Corredera - Ribera,,,,independantHouse,410.0,,,9,4,,False,,False,,,,,good,,,,,,,,,,,,,,False,,,
111890930,https://www.idealista.com/inmueble/111890930/,sale,Córdoba,Córdoba,37.8925297,-4.7689925,True,,,Centro - Casco Histórico,Casco Histórico - Ollerías - Marrubial,,,,studio,25.0,,,0,1,,False,,True,,,,,good,False,,,,,,,,,,,,,False,,,
112149924,https://www.idealista.com/inmueble/112149924/,sale,Córdoba,Córdoba,37.8915158,-4.7849976,True,,,Centro - Casco Histórico,El Vial - Ronda de Tejares,,,,flat,257.0,,,6,3,,False,,False,,,,,good,False,,,,,,,,,,,,,True,,,
110265923,https://www.idealista.com/inmueble/110265923/,sale,Córdoba,Córdoba,37.8961596,-4.770205,True,,,Santa Rosa - Valdeolleros,Valdeolleros - Zumbacón - Camping,,,,duplex,95.0,,,2,2,,True,,False,,,,,good,False,,,,,,,,,,,,,False,,2,
110303924,https://www.idealista.com/inmueble/110303924/,sale,Córdoba,Córdoba,37.9023941,-4.7536119,True,,,Levante - Lepanto - Fátima,Fátima - Campiñuela,,,,flat,100.0,,,3,2,,False,,False,,,,,good,True,,,,,,,,,,,,,False,,1,
111525878,https://www.idealista.com/inmueble/111525878/,sale,Córdoba,Córdoba,37.8825721,-4.7760601,True,,,Centro - Casco Histórico,Judería - San Basilio,,,,flat,43.0,,,1,1,,False,,False,,,,,good,False,,,,,,,,,,,,,False,,1,
110885872,https://www.idealista.com/inmueble/110885872/,sale,Córdoba,Córdoba,37.8645615,-4.7720653,True,,,Campo de la Verdad,Campo de la Verdad,,,,independantHouse,48.0,,,2,1,,False,,False,,,,,good,,,,,,,,,,,,,,False,,,
109001868,https://www.idealista.com/inmueble/109001868/,sale,Córdoba,Córdoba,37.8794166,-4.7834442,True,,,Centro - Casco Histórico,Judería - San Basilio,,,,flat,104.0,,,4,1,,False,,False,,,,,renew,True,,,,,,,,,,,,,False,,7,
112027852,https://www.idealista.com/inmueble/112027852/,sale,Córdoba,Córdoba,37.883052,-4.7753867,True,,,Centro - Casco Histórico,Judería - San Basilio,,,,flat,58.0,,,1,1,,False,,False,,,,,good,False,,,,,,,,,,,,,False,,2,
110485836,https://www.idealista.com/inmueble/110485836/,sale,Córdoba,Córdoba,37.8849609,-4.773716,True,,,Centro - Casco Histórico,Casco Histórico - Ollerías - Marrubial,,,,flat,105.0,,,3,2,,False,,False,,,,,good,False,,,,,,,,,,,,,False,,1,
111784813,https://www.idealista.com/inmueble/111784813/,sale,Córdoba,Córdoba,37.8872373,-4.7805213,True,,,Centro - Casco Histórico,Centro,,,,flat,51.0,,,1,1,,False,,False,,,,,good,False,,,,,,,,,,,,,False,,bj,
111154783,https://www.idealista.com/inmueble/111154783/,sale,Córdoba,Córdoba,37.8814161,-4.7911783,True,,,Ciudad Jardín,Ciudad Jardín,,,,flat,110.0,,,1,1,,False,,False,,,,,good,False,,,,,,,,,,,,,False,,,
111888746,https://www.idealista.com/inmueble/111888746/,sale,Córdoba,Córdoba,37.8927238,-4.7697466,True,,,Centro - Casco Histórico,Casco Histórico - Ollerías - Marrubial,,,,flat,26.0,,,1,1,,False,,False,,,,,good,False,,,,,,,,,,,,,False,,bj,
111654679,https://www.idealista.com/inmueble/111654679/,sale,Córdoba,Córdoba,37.8818594,-4.7729183,True,,,Centro - Casco Histórico,Casco Histórico - Corredera - Ribera,,,,flat,76.0,,,1,1,,False,,False,,,,,good,False,,,,,,,,,,,,,False,,bj,
112167669,https://www.idealista.com/inmueble/112167669/,sale,Córdoba,Córdoba,37.8918003,-4.7573528,True,,,Levante - Lepanto - Fátima,La Viñuela,,,,flat,75.0,,,3,1,,False,,False,,,,,good,True,,,,,,,,,,,,,False,,,
109640643,https://www.idealista.com/inmueble/109640643/,sale,Córdoba,Córdoba,37.881108,-4.7951425,True,,,Zoco - Poniente - Vistalegre,Zoco - Poniente,,,,flat,59.0,,,3,1,,False,,False,,,,,good,True,,,,,,,,,,,,,False,,3,
111371617,https://www.idealista.com/inmueble/111371617/,sale,Córdoba,Córdoba,37.8885852,-4.7886323,True,,,Centro - Casco Histórico,Cercadilla - Medina Azahara,,,,flat,129.0,,,3,2,,False,,False,,,,,good,True,,,,,,,,,,,,,True,,6,
111331601,https://www.idealista.com/inmueble/111331601/,sale,Córdoba,Córdoba,37.8815113,-4.7651148,True,,,Fuensanta - Zona Arcángel,Fuensanta - Arcángel - Santuario,,,,flat,68.0,,,3,1,,False,,False,,,,,good,False,,,,,,,,,,,,,False,,3,
106804560,https://www.idealista.com/inmueble/106804560/,sale,Córdoba,Córdoba,37.8976262,-4.7957952,True,,,Noreña - Figueroa,Tablero,,,,flat,97.0,,,2,2,,False,,False,,,,,good,True,,,,,,,,,,,,,True,,1,
106485539,https://www.idealista.com/inmueble/106485539/,sale,Córdoba,Córdoba,37.8846329,-4.7710513,True,,,Centro - Casco Histórico,Casco Histórico - Corredera - Ribera,,,,flat,110.0,,,4,2,,False,,False,,,,,good,False,,,,,,,,,,,,,True,,1,
100590475,https://www.idealista.com/inmueble/100590475/,sale,Córdoba,Córdoba,37.9216998,-4.7948417,True,,,Brillante - Trassierra - Naranjo,Brillante,,,,independantHouse,320.0,,,10,6,,False,,False,,,,,good,,,,,,,,,,,,,,True,,,
112271466,https://www.idealista.com/inmueble/112271466/,sale,Córdoba,Córdoba,37.8641132,-4.7812874,True,,,Sector sur - Santa Cruz,Sector sur - Santa Cruz,,,,flat,91.0,,,3,1,,False,,False,,,,,good,True,,,,,,,,,,,,,False,,4,
107083464,https://www.idealista.com/inmueble/107083464/,sale,Córdoba,Córdoba,37.873394,-4.7739063,True,,,Campo de la Verdad,Campo de la Verdad,,,,independantHouse,160.0,,,1,0,,False,,False,,,,,renew,,,,,,,,,,,,,,False,,,
106045462,https://www.idealista.com/inmueble/106045462/,sale,Córdoba,Córdoba,37.8640463,-4.7789291,True,,,Sector sur - Santa Cruz,Sector sur - Santa Cruz,,,,flat,77.0,,,3,1,,False,,False,,,,,good,,,,,,,,,,,,,,False,,2,
111331445,https://www.idealista.com/inmueble/111331445/,sale,Córdoba,Córdoba,37.8797084,-4.7650418,True,,,Fuensanta - Zona Arcángel,Fuensanta - Arcángel - Santuario,,,,flat,68.0,,,3,1,,False,,False,,,,,good,False,,,,,,,,,,,,,False,,3,
107538446,https://www.idealista.com/inmueble/107538446/,sale,Córdoba,Córdoba,37.8917422,-4.7861494,True,,,Santa Rosa - Valdeolleros,Huerta de la Reina,,,,studio,115.0,,,0,1,,False,,True,,,,,good,False,,,,,,,,,,,,,False,,,
85539393,https://www.idealista.com/inmueble/85539393/,sale,Córdoba,Córdoba,37.912855,-4.8002933,True,,,Brillante - Trassierra - Naranjo,Brillante,,,,independantHouse,821.0,,,9,6,,False,,False,,,,,good,,,,,,,,,,,,,,True,,,
110678384,https://www.idealista.com/inmueble/110678384/,sale,Córdoba,Córdoba,37.8824644,-4.7795561,True,,,Centro - Casco Histórico,Centro,,,,flat,191.0,,,4,4,,False,,False,,,,,good,True,,,,,,,,,,,,,True,,3,
111958379,https://www.idealista.com/inmueble/111958379/,sale,Córdoba,Córdoba,37.8919267,-4.7770277,True,,,Centro - Casco Histórico,Casco Histórico - Ollerías - Marrubial,,,,terracedHouse,152.0,,,6,3,,False,,False,,,,,good,,,,,,,,,,,,,,True,,,
111494374,https://www.idealista.com/inmueble/111494374/,sale,Córdoba,Córdoba,37.8877393,-4.7632338,True,,,Fuensanta - Zona Arcángel,Fuensanta - Arcángel - Santuario,,,,flat,70.0,,,3,1,,False,,False,,,,,good,False,,,,,,,,,,,,,False,,7,
111370373,https://www.idealista.com/inmueble/111370373/,sale,Córdoba,Córdoba,37.8888138,-4.7592817,True,,,Fuensanta - Zona Arcángel,Cañero - Fidiana,,,,chalet,144.0,,,3,2,,False,,False,,,,,good,,,,,,,,,,,,,,False,,,
111889317,https://www.idealista.com/inmueble/111889317/,sale,Córdoba,Córdoba,37.8747197,-4.7746464,True,,,Campo de la Verdad,Campo de la Verdad,,,,flat,58.0,,,1,1,,False,,False,,,,,good,True,,,,,,,,,,,,,False,,,
111897290,https://www.idealista.com/inmueble/111897290/,sale,Córdoba,Córdoba,37.8908615,-4.760536,True,,,Levante - Lepanto - Fátima,La Viñuela,,,,flat,62.0,,,3,1,,False,,False,,,,,good,True,,,,,,,,,,,,,False,,1,
112207278,https://www.idealista.com/inmueble/112207278/,sale,Córdoba,Córdoba,37.8910247,-4.7625377,True,,,Levante - Lepanto - Fátima,La Viñuela,,,,flat,62.0,,,3,1,,False,,False,,,,,good,True,,,,,,,,,,,,,False,,1,
109739280,https://www.idealista.com/inmueble/109739280/,sale,Córdoba,Córdoba,37.8939353,-4.7658835,True,,,Levante - Lepanto - Fátima,Levante,,,,flat,80.0,,,3,1,,False,,False,,,,,good,False,,,,,,,,,,,,,False,,,
89921283,https://www.idealista.com/inmueble/89921283/,sale,Córdoba,Córdoba,37.8866466,-4.7688613,True,,,Centro - Casco Histórico,Casco Histórico - Corredera - Ribera,,,,chalet,320.0,,,9,3,,False,,False,,,,,good,,,,,,,,,,,,,,False,,,
85436275,https://www.idealista.com/inmueble/85436275/,sale,Córdoba,Córdoba,37.8836926,-4.7828771,True,,,Centro - Casco Histórico,Centro,,,,flat,110.0,,,3,1,,False,,False,,,,,good,True,,,,,,,,,,,,,True,,6,
111756267,https://www.idealista.com/inmueble/111756267/,sale,Córdoba,Córdoba,37.8898371,-4.7692628,True,,,Centro - Casco Histórico,Casco Histórico - Ollerías - Marrubial,,,,flat,53.0,,,3,1,,False,,False,,,,,good,False,,,,,,,,,,,,,False,,3,
111665215,https://www.idealista.com/inmueble/111665215/,sale,Córdoba,Córdoba,37.8870005,-4.7592866,True,,,Fuensanta - Zona Arcángel,Cañero - Fidiana,,,,terracedHouse,144.0,,,3,2,,False,,False,,,,,good,,,,,,,,,,,,,,False,,,
111147201,https://www.idealista.com/inmueble/111147201/,sale,Córdoba,Córdoba,37.8977856,-4.7709074,True,,,Santa Rosa - Valdeolleros,Valdeolleros - Zumbacón - Camping,,,,terracedHouse,104.0,,,4,2,,False,,False,,,,,good,,,,,,,,,,,,,,False,,,
111147199,https://www.idealista.com/inmueble/111147199/,sale,Córdoba,Córdoba,37.9092244,-4.7823563,True,,,Brillante - Trassierra - Naranjo,Brillante,,,,chalet,200.0,,,3,1,,False,,False,,,,,good,,,,,,,,,,,,,,False,,,
99006174,https://www.idealista.com/inmueble/99006174/,sale,Córdoba,Córdoba,37.8951214,-4.789158,True,,,Santa Rosa - Valdeolleros,Huerta de la Reina,,,,independantHouse,320.0,,,12,6,,False,,False,,,,,good,,,,,,,,,,,,,,True,,,
109325120,https://www.idealista.com/inmueble/109325120/,sale,Córdoba,Córdoba,37.8851778,-4.7772623,True,,,Centro - Casco Histórico,Centro,,,,flat,157.0,,,4,2,,False,,False,,,,,good,True,,,,,,,,,,,,,True,,2,
105521118,https://www.idealista.com/inmueble/105521118/,sale,Córdoba,Córdoba,37.8824844,-4.7900643,True,,,Ciudad Jardín,Ciudad Jardín,,,,flat,101.0,,,3,1,,False,,False,,,,,good,,,,,,,,,,,,,,False,,4,
112156110,https://www.idealista.com/inmueble/112156110/,sale,Córdoba,Córdoba,37.8627097,-4.7740175,True,,,Campo de la Verdad,Campo de la Verdad,,,,terracedHouse,112.0,,,4,2,,False,,False,,,,,good,,,,,,,,,,,,,,False,,,
111001100,https://www.idealista.com/inmueble/111001100/,sale,Córdoba,Córdoba,37.8956922,-4.7698913,True,,,Centro - Casco Histórico,San Cayetano,,,,flat,70.0,,,3,1,,False,,False,,,,,good,False,,,,,,,,,,,,,False,,2,
85467043,https://www.idealista.com/inmueble/85467043/,sale,Córdoba,Córdoba,37.9147093,-4.7884049,True,,,Brillante - Trassierra - Naranjo,Brillante,,,,independantHouse,490.0,,,9,7,,False,,False,,,,,good,,,,,,,,,,,,,,True,,,
111390015,https://www.idealista.com/inmueble/111390015/,sale,Córdoba,Córdoba,37.8870473,-4.7691098,True,,,Centro - Casco Histórico,Casco Histórico - Ollerías - Marrubial,,,,flat,53.0,,,3,1,,False,,False,,,,,good,False,,,,,,,,,,,,,False,,3,
106323998,https://www.idealista.com/inmueble/106323998/,sale,Córdoba,Córdoba,37.8826386,-4.7636479,True,,,Fuensanta - Zona Arcángel,Fuensanta - Arcángel - Santuario,,,,flat,77.0,,,2,1,,False,,False,,,,,good,False,,,,,,,,,,,,,True,,1,
111997980,https://www.idealista.com/inmueble/111997980/,sale,Córdoba,Córdoba,37.8928599,-4.7607898,True,,,Levante - Lepanto - Fátima,Levante,,,,flat,68.0,,,3,1,,False,,False,,,,,good,True,,,,,,,,,,,,,False,,bj,
110782962,https://www.idealista.com/inmueble/110782962/,sale,Córdoba,Córdoba,37.8828102,-4.7781745,True,,,Centro - Casco Histórico,Judería - San Basilio,,,,flat,70.0,,,2,1,,False,,False,,,,,good,False,,,,,,,,,,,,,False,,1,
108461954,https://www.idealista.com/inmueble/108461954/,sale,Córdoba,Córdoba,37.9162055,-4.8033749,True,,,Brillante - Trassierra - Naranjo,Brillante,,,,independantHouse,336.0,,,6,4,,False,,False,,,,,good,,,,,,,,,,,,,,True,,,
112121896,https://www.idealista.com/inmueble/112121896/,sale,Córdoba,Córdoba,37.9102702,-4.7813187,True,,,Brillante - Trassierra - Naranjo,Naranjo - Mirabueno,,,,flat,73.0,,,2,1,,False,,False,,,,,renew,False,,,,,,,,,,,,,False,,2,
111160837,https://www.idealista.com/inmueble/111160837/,sale,Córdoba,Córdoba,37.8899638,-4.7592307,True,,,Fuensanta - Zona Arcángel,Cañero - Fidiana,,,,terracedHouse,144.0,,,3,2,,False,,False,,,,,good,,,,,,,,,,,,,,False,,,
111931804,https://www.idealista.com/inmueble/111931804/,sale,Córdoba,Córdoba,37.8870487,-4.7717586,True,,,Centro - Casco Histórico,Casco Histórico - Ollerías - Marrubial,,,,penthouse,51.0,,,2,1,,False,,False,,,,,renew,False,,,,,,,,,,,,,False,,2,
107290795,https://www.idealista.com/inmueble/107290795/,sale,Córdoba,Córdoba,37.8809917,-4.7708098,True,,,Centro - Casco Histórico,Casco Histórico - Corredera - Ribera,,,,duplex,55.0,,,1,1,,True,,False,,,,,good,False,,,,,,,,,,,,,False,,1,
112023772,https://www.idealista.com/inmueble/112023772/,sale,Córdoba,Córdoba,37.8621616,-4.7726499,True,,,Campo de la Verdad,Campo de la Verdad,,,,chalet,110.0,,,3,1,,False,,False,,,,,good,,,,,,,,,,,,,,False,,,
111883760,https://www.idealista.com/inmueble/111883760/,sale,Córdoba,Córdoba,37.896813,-4.7861827,True,,,Santa Rosa - Valdeolleros,Huerta de la Reina,,,,flat,65.0,,,2,1,,False,,False,,,,,good,False,,,,,,,,,,,,,False,,2,
111076650,https://www.idealista.com/inmueble/111076650/,sale,Córdoba,Córdoba,37.8936556,-4.7644285,True,,,Levante - Lepanto - Fátima,Levante,,,,flat,64.0,,,3,1,,False,,False,,,,,good,False,,,,,,,,,,,,,False,,3,
109586644,https://www.idealista.com/inmueble/109586644/,sale,Córdoba,Córdoba,37.8818637,-4.782065,True,,,Centro - Casco Histórico,Judería - San Basilio,,,,flat,46.0,,,1,1,,False,,False,,,,,good,False,,,,,,,,,,,,,False,,2,
96871630,https://www.idealista.com/inmueble/96871630/,sale,Córdoba,Córdoba,37.896782,-4.7576593,True,,,Levante - Lepanto - Fátima,Fátima - Campiñuela,,,,flat,80.0,,,3,1,,False,,False,,,,,good,False,,,,,,,,,,,,,False,,bj,
106738624,https://www.idealista.com/inmueble/106738624/,sale,Córdoba,Córdoba,37.8869176,-4.7745549,True,,,Centro - Casco Histórico,Casco Histórico - Ollerías - Marrubial,,,,flat,85.0,,,3,2,,False,,False,,,,,good,False,,,,,,,,,,,,,False,,bj,
111134614,https://www.idealista.com/inmueble/111134614/,sale,Córdoba,Córdoba,37.8795045,-4.7916149,True,,,Ciudad Jardín,Ciudad Jardín,,,,terracedHouse,276.0,,,10,3,,False,,False,,,,,good,,,,,,,,,,,,,,True,,,
112146600,https://www.idealista.com/inmueble/112146600/,sale,Córdoba,Córdoba,37.8982679,-4.7745229,True,,,Santa Rosa - Valdeolleros,Valdeolleros - Zumbacón - Camping,,,,independantHouse,108.0,,,1,2,,False,,False,,,,,renew,,,,,,,,,,,,,,False,,,
106067594,https://www.idealista.com/inmueble/106067594/,sale,Córdoba,Córdoba,37.8882722,-4.7882905,True,,,Centro - Casco Histórico,Cercadilla - Medina Azahara,,,,flat,50.0,,,1,1,,False,,False,,,,,good,False,,,,,,,,,,,,,False,,,
111016571,https://www.idealista.com/inmueble/111016571/,sale,Córdoba,Córdoba,37.8947417,-4.7834591,True,,,Santa Rosa - Valdeolleros,Santa Rosa - San José,,,,flat,75.0,,,3,1,,False,,False,,,,,good,True,,,,,,,,,,,,,False,,2,
111821554,https://www.idealista.com/inmueble/111821554/,sale,Córdoba,Córdoba,37.8891292,-4.7718593,True,,,Centro - Casco Histórico,Casco Histórico - Ollerías - Marrubial,,,,independantHouse,298.0,,,1,0,,False,,False,,,,,renew,,,,,,,,,,,,,,False,,,
106651532,https://www.idealista.com/inmueble/106651532/,sale,Córdoba,Córdoba,37.875366,-4.7726275,True,,,Campo de la Verdad,Campo de la Verdad,,,,chalet,92.0,,,4,1,,False,,False,,,,,good,,,,,,,,,,,,,,False,,,
112006529,https://www.idealista.com/inmueble/112006529/,sale,Córdoba,Córdoba,37.8874036,-4.7517998,True,,,Fuensanta - Zona Arcángel,Cañero - Fidiana,,,,independantHouse,97.0,,,3,1,,False,,False,,,,,renew,,,,,,,,,,,,,,False,,,
112111471,https://www.idealista.com/inmueble/112111471/,sale,Córdoba,Córdoba,37.8998564,-4.7563497,True,,,Levante - Lepanto - Fátima,Fátima - Campiñuela,,,,flat,79.0,,,3,1,,False,,False,,,,,good,False,,,,,,,,,,,,,False,,,
112009462,https://www.idealista.com/inmueble/112009462/,sale,Córdoba,Córdoba,37.8961422,-4.7700952,True,,,Santa Rosa - Valdeolleros,Valdeolleros - Zumbacón - Camping,,,,duplex,96.0,,,2,2,,True,,False,,,,,good,False,,,,,,,,,,,,,False,,1,
111718450,https://www.idealista.com/inmueble/111718450/,sale,Córdoba,Córdoba,37.8825843,-4.7784071,True,,,Centro - Casco Histórico,Centro,,,,flat,90.0,,,2,2,,False,,False,,,,,good,True,,,,,,,,,,,,,True,,1,
111825436,https://www.idealista.com/inmueble/111825436/,sale,Córdoba,Córdoba,37.9186564,-4.808433,True,,,Brillante - Trassierra - Naranjo,Brillante,,,,independantHouse,488.0,,,7,6,,False,,False,,,,,good,,,,,,,,,,,,,,False,,,
111548418,https://www.idealista.com/inmueble/111548418/,sale,Córdoba,Córdoba,37.8983746,-4.7713767,True,,,Santa Rosa - Valdeolleros,Valdeolleros - Zumbacón - Camping,,,,independantHouse,160.0,,,3,2,,False,,False,,,,,good,,,,,,,,,,,,,,False,,,
111536420,https://www.idealista.com/inmueble/111536420/,sale,Córdoba,Córdoba,37.9130198,-4.804551,True,,,Brillante - Trassierra - Naranjo,Brillante,,,,independantHouse,170.0,,,4,3,,False,,False,,,,,good,,,,,,,,,,,,,,False,,,
88443389,https://www.idealista.com/inmueble/88443389/,sale,Córdoba,Córdoba,37.8813579,-4.7918273,True,,,Ciudad Jardín,Ciudad Jardín,,,,flat,77.0,,,2,1,,False,,False,,,,,good,True,,,,,,,,,,,,,False,,1,
112083182,https://www.idealista.com/inmueble/112083182/,sale,Córdoba,Córdoba,37.909111,-4.7776933,True,,,Brillante - Trassierra - Naranjo,Naranjo - Mirabueno,,,,flat,51.0,,,2,1,,False,,False,,,,,good,False,,,,,,,,,,,,,False,,2,
112071175,https://www.idealista.com/inmueble/112071175/,sale,Córdoba,Córdoba,37.8926663,-4.7858642,True,,,Santa Rosa - Valdeolleros,Huerta de la Reina,,,,flat,70.0,,,2,1,,False,,False,,,,,good,False,,,,,,,,,,,,,False,,1,
110208158,https://www.idealista.com/inmueble/110208158/,sale,Córdoba,Córdoba,37.864234,-4.7765216,True,,,Sector sur - Santa Cruz,Sector sur - Santa Cruz,,,,flat,57.0,,,3,1,,False,,False,,,,,good,True,,,,,,,,,,,,,False,,,
107092134,https://www.idealista.com/inmueble/107092134/,sale,Córdoba,Córdoba,37.9101772,-4.7804879,True,,,Brillante - Trassierra - Naranjo,Naranjo - Mirabueno,,,,flat,104.0,,,3,1,,False,,False,,,,,good,False,,,,,,,,,,,,,False,,3,
111889129,https://www.idealista.com/inmueble/111889129/,sale,Córdoba,Córdoba,37.9105496,-4.7802355,True,,,Brillante - Trassierra - Naranjo,Naranjo - Mirabueno,,,,flat,56.0,,,2,1,,False,,False,,,,,good,False,,,,,,,,,,,,,False,,3,
111022119,https://www.idealista.com/inmueble/111022119/,sale,Córdoba,Córdoba,37.8903972,-4.7570078,True,,,Fuensanta - Zona Arcángel,Cañero - Fidiana,,,,independantHouse,150.0,,,3,2,,False,,False,,,,,good,,,,,,,,,,,,,,False,,,
93046110,https://www.idealista.com/inmueble/93046110/,sale,Córdoba,Córdoba,37.8693769,-4.7729612,True,,,Campo de la Verdad,Campo de la Verdad,,,,chalet,120.0,,,4,2,,False,,False,,,,,good,,,,,,,,,,,,,,False,,,
82428052,https://www.idealista.com/inmueble/82428052/,sale,Córdoba,Córdoba,37.9044349,-4.7886043,True,,,Brillante - Trassierra - Naranjo,Brillante,,,,independantHouse,792.0,,,9,7,,False,,False,,,,,good,,,,,,,,,,,,,,True,,,
111751038,https://www.idealista.com/inmueble/111751038/,sale,Córdoba,Córdoba,37.8869491,-4.7710008,True,,,Centro - Casco Histórico,Casco Histórico - Ollerías - Marrubial,,,,flat,53.0,,,3,1,,False,,False,,,,,good,False,,,,,,,,,,,,,False,,3,
111314017,https://www.idealista.com/inmueble/111314017/,sale,Córdoba,Córdoba,37.882038,-4.7892179,True,,,Ciudad Jardín,Ciudad Jardín,,,,flat,79.0,,,3,1,,False,,False,,,,,good,False,,,,,,,,,,,,,False,,1,
112085983,https://www.idealista.com/inmueble/112085983/,sale,Córdoba,Córdoba,37.9170212,-4.800479,True,,,Brillante - Trassierra - Naranjo,Brillante,,,,independantHouse,263.0,,,5,3,,False,,False,,,,,renew,,,,,,,,,,,,,,True,,,
111320924,https://www.idealista.com/inmueble/111320924/,sale,Córdoba,Córdoba,37.8738576,-4.7856342,True,,,Centro - Casco Histórico,Judería - San Basilio,,,,flat,60.0,,,3,1,,False,,False,,,,,good,False,,,,,,,,,,,,,False,,1,
111977924,https://www.idealista.com/inmueble/111977924/,sale,Córdoba,Córdoba,37.9003935,-4.7581475,True,,,Levante - Lepanto - Fátima,Fátima - Campiñuela,,,,independantHouse,125.0,,,4,2,,False,,False,,,,,good,,,,,,,,,,,,,,False,,,
112029828,https://www.idealista.com/inmueble/112029828/,sale,Córdoba,Córdoba,37.9088084,-4.78188,True,,,Brillante - Trassierra - Naranjo,Naranjo - Mirabueno,,,,flat,85.0,,,4,2,,False,,False,,,,,good,False,,,,,,,,,,,,,False,,1,
109897809,https://www.idealista.com/inmueble/109897809/,sale,Córdoba,Córdoba,37.8922699,-4.7794926,True,,,Centro - Casco Histórico,San Cayetano,,,,flat,136.0,,,4,2,,False,,False,,,,,renew,True,,,,,,,,,,,,,True,,2,
111734792,https://www.idealista.com/inmueble/111734792/,sale,Córdoba,Córdoba,37.8856096,-4.7774238,True,,,Centro - Casco Histórico,Centro,,,,flat,45.0,,,1,1,,False,,False,,,,,good,True,,,,,,,,,,,,,False,,4,
105943748,https://www.idealista.com/inmueble/105943748/,sale,Córdoba,Córdoba,37.8860317,-4.7704505,True,,,Centro - Casco Histórico,Casco Histórico - Corredera - Ribera,,,,terracedHouse,115.0,,,3,2,,False,,False,,,,,good,,,,,,,,,,,,,,False,,,
111955737,https://www.idealista.com/inmueble/111955737/,sale,Córdoba,Córdoba,37.8998956,-4.757794,True,,,Levante - Lepanto - Fátima,Fátima - Campiñuela,,,,flat,96.0,,,3,2,,False,,False,,,,,good,True,,,,,,,,,,,,,True,,4,
108812720,https://www.idealista.com/inmueble/108812720/,sale,Córdoba,Córdoba,37.8856462,-4.8165589,True,,,Noreña - Figueroa,Miralbaida - Parque Azahara,,,,flat,117.0,,,3,1,,False,,False,,,,,good,True,,,,,,,,,,,,,True,,1,
111954713,https://www.idealista.com/inmueble/111954713/,sale,Córdoba,Córdoba,37.8686402,-4.7741394,True,,,Sector sur - Santa Cruz,Sector sur - Santa Cruz,,,,flat,94.0,,,4,2,,False,,False,,,,,good,True,,,,,,,,,,,,,False,,7,
112205681,https://www.idealista.com/inmueble/112205681/,sale,Córdoba,Córdoba,37.8912686,-4.7612658,True,,,Levante - Lepanto - Fátima,La Viñuela,,,,flat,62.0,,,3,1,,False,,False,,,,,good,True,,,,,,,,,,,,,False,,1,
112019664,https://www.idealista.com/inmueble/112019664/,sale,Córdoba,Córdoba,37.8620441,-4.7721305,True,,,Campo de la Verdad,Campo de la Verdad,,,,independantHouse,83.0,,,3,1,,False,,False,,,,,renew,,,,,,,,,,,,,,False,,,
111056640,https://www.idealista.com/inmueble/111056640/,sale,Córdoba,Córdoba,37.8749415,-4.7832335,True,,,Centro - Casco Histórico,Judería - San Basilio,,,,flat,60.0,,,3,1,,False,,False,,,,,good,False,,,,,,,,,,,,,False,,1,
91212623,https://www.idealista.com/inmueble/91212623/,sale,Córdoba,Córdoba,37.8725154,-4.7722061,True,,,Campo de la Verdad,Campo de la Verdad,,,,chalet,100.0,,,3,1,,False,,False,,,,,good,,,,,,,,,,,,,,False,,,
111671548,https://www.idealista.com/inmueble/111671548/,sale,Córdoba,Córdoba,37.8969864,-4.7601536,True,,,Levante - Lepanto - Fátima,Levante,,,,flat,73.0,,,3,1,,False,,False,,,,,good,False,,,,,,,,,,,,,False,,3,
111519547,https://www.idealista.com/inmueble/111519547/,sale,Córdoba,Córdoba,37.8621394,-4.7781929,True,,,Sector sur - Santa Cruz,Sector sur - Santa Cruz,,,,flat,58.0,,,3,1,,False,,False,,,,,good,True,,,,,,,,,,,,,False,,1,
111559483,https://www.idealista.com/inmueble/111559483/,sale,Córdoba,Córdoba,37.8890575,-4.7683602,True,,,Centro - Casco Histórico,Casco Histórico - Ollerías - Marrubial,,,,terracedHouse,277.0,,,5,2,,False,,False,,,,,renew,,,,,,,,,,,,,,False,,,
82430484,https://www.idealista.com/inmueble/82430484/,sale,Córdoba,Córdoba,37.872824,-4.7726657,True,,,Campo de la Verdad,Campo de la Verdad,,,,independantHouse,88.0,,,1,0,,False,,False,,,,,renew,,,,,,,,,,,,,,False,,,
95325382,https://www.idealista.com/inmueble/95325382/,sale,Córdoba,Córdoba,37.8922874,-4.7625123,True,,,Levante - Lepanto - Fátima,La Viñuela,,,,independantHouse,391.0,,,8,4,,False,,False,,,,,renew,,,,,,,,,,,,,,False,,,
111825377,https://www.idealista.com/inmueble/111825377/,sale,Córdoba,Córdoba,37.8875073,-4.7772862,True,,,Centro - Casco Histórico,Centro,,,,flat,50.0,,,1,1,,False,,False,,,,,good,False,,,,,,,,,,,,,False,,,
112032372,https://www.idealista.com/inmueble/112032372/,sale,Córdoba,Córdoba,37.8902775,-4.7705382,True,,,Centro - Casco Histórico,Casco Histórico - Ollerías - Marrubial,,,,flat,45.0,,,1,1,,False,,False,,,,,good,False,,,,,,,,,,,,,False,,bj,
111745352,https://www.idealista.com/inmueble/111745352/,sale,Córdoba,Córdoba,37.8957241,-4.7624006,True,,,Levante - Lepanto - Fátima,Levante,,,,flat,73.0,,,3,1,,False,,False,,,,,good,False,,,,,,,,,,,,,False,,3,
99208287,https://www.idealista.com/inmueble/99208287/,sale,Córdoba,Córdoba,37.8833764,-4.7742458,True,,,Centro - Casco Histórico,Casco Histórico - Corredera - Ribera,,,,independantHouse,547.0,,,10,4,,False,,False,,,,,good,,,,,,,,,,,,,,True,,,
111453255,https://www.idealista.com/inmueble/111453255/,sale,Córdoba,Córdoba,37.8917037,-4.7854362,True,,,Centro - Casco Histórico,El Vial - Ronda de Tejares,,,,independantHouse,141.0,,,3,2,,False,,False,,,,,good,,,,,,,,,,,,,,False,,,
111866229,https://www.idealista.com/inmueble/111866229/,sale,Córdoba,Córdoba,37.8910093,-4.7587919,True,,,Levante - Lepanto - Fátima,La Viñuela,,,,flat,77.0,,,3,2,,False,,False,,,,,good,True,,,,,,,,,,,,,False,,2,
111649202,https://www.idealista.com/inmueble/111649202/,sale,Córdoba,Córdoba,37.8637236,-4.7705191,True,,,Campo de la Verdad,Campo de la Verdad,,,,terracedHouse,110.0,,,3,1,,False,,False,,,,,good,,,,,,,,,,,,,,False,,,
111698150,https://www.idealista.com/inmueble/111698150/,sale,Córdoba,Córdoba,37.8843525,-4.7708968,True,,,Centro - Casco Histórico,Casco Histórico - Corredera - Ribera,,,,flat,114.0,,,3,2,,False,,False,,,,,good,False,,,,,,,,,,,,,False,,1,
111360155,https://www.idealista.com/inmueble/111360155/,sale,Córdoba,Córdoba,37.8871646,-4.7824142,True,,,Centro - Casco Histórico,El Vial - Ronda de Tejares,,,,flat,80.0,,,3,1,,False,,False,,,,,good,True,,,,,,,,,,,,,True,,4,
111251142,https://www.idealista.com/inmueble/111251142/,sale,Córdoba,Córdoba,37.863606,-4.8187557,True,,,Periurbano oeste,El Higuerón,,,,independantHouse,285.0,,,6,3,,False,,False,,,,,good,,,,,,,,,,,,,,True,,,
111780099,https://www.idealista.com/inmueble/111780099/,sale,Córdoba,Córdoba,37.8660665,-4.7796048,True,,,Sector sur - Santa Cruz,Sector sur - Santa Cruz,,,,flat,91.0,,,3,1,,False,,False,,,,,renew,True,,,,,,,,,,,,,False,,5,
110522083,https://www.idealista.com/inmueble/110522083/,sale,Córdoba,Córdoba,37.8830578,-4.780265,True,,,Centro - Casco Histórico,Centro,,,,flat,50.0,,,1,1,,False,,False,,,,,good,True,,,,,,,,,,,,,False,,bj,
111470049,https://www.idealista.com/inmueble/111470049/,sale,Córdoba,Córdoba,37.8947551,-4.7725914,True,,,Centro - Casco Histórico,San Cayetano,,,,flat,86.0,,,3,2,,False,,False,,,,,good,True,,,,,,,,,,,,,False,,bj,
87778035,https://www.idealista.com/inmueble/87778035/,sale,Córdoba,Córdoba,37.8861666,-4.7560401,True,,,Fuensanta - Zona Arcángel,Cañero - Fidiana,,,,independantHouse,55.0,,,1,1,,False,,False,,,,,renew,,,,,,,,,,,,,,False,,,
107460032,https://www.idealista.com/inmueble/107460032/,sale,Córdoba,Córdoba,37.9009651,-4.7882947,True,,,Brillante - Trassierra - Naranjo,Brillante,,,,independantHouse,450.0,,,6,5,,False,,False,,,,,renew,,,,,,,,,,,,,,True,,,
112013967,https://www.idealista.com/inmueble/112013967/,sale,Córdoba,Córdoba,37.8637264,-4.770533,True,,,Campo de la Verdad,Campo de la Verdad,,,,independantHouse,83.0,,,3,1,,False,,False,,,,,good,,,,,,,,,,,,,,False,,,
110971954,https://www.idealista.com/inmueble/110971954/,sale,Córdoba,Córdoba,37.8628403,-4.7719232,True,,,Campo de la Verdad,Campo de la Verdad,,,,terracedHouse,159.0,,,3,2,,False,,False,,,,,good,,,,,,,,,,,,,,False,,,
85467940,https://www.idealista.com/inmueble/85467940/,sale,Córdoba,Córdoba,37.8813016,-4.7723802,True,,,Centro - Casco Histórico,Casco Histórico - Corredera - Ribera,,,,independantHouse,339.0,,,1,1,,False,,False,,,,,renew,,,,,,,,,,,,,,False,,,
110438885,https://www.idealista.com/inmueble/110438885/,sale,Córdoba,Córdoba,37.883629,-4.7712229,True,,,Centro - Casco Histórico,Casco Histórico - Corredera - Ribera,,,,independantHouse,101.0,,,3,2,,False,,False,,,,,good,,,,,,,,,,,,,,True,,,
111362870,https://www.idealista.com/inmueble/111362870/,sale,Córdoba,Córdoba,37.8881119,-4.780362,True,,,Centro - Casco Histórico,Centro,,,,flat,416.0,,,8,5,,False,,False,,,,,renew,True,,,,,,,,,,,,,True,,3,
105783827,https://www.idealista.com/inmueble/105783827/,sale,Córdoba,Córdoba,37.8604329,-4.7773428,True,,,Sector sur - Santa Cruz,Sector sur - Santa Cruz,,,,flat,61.0,,,2,1,,False,,False,,,,,good,False,,,,,,,,,,,,,False,,3,
100905801,https://www.idealista.com/inmueble/100905801/,sale,Córdoba,Córdoba,37.8801116,-4.7722363,True,,,Centro - Casco Histórico,Casco Histórico - Corredera - Ribera,,,,flat,68.0,,,2,1,,False,,False,,,,,good,False,,,,,,,,,,,,,False,,1,
110935795,https://www.idealista.com/inmueble/110935795/,sale,Córdoba,Córdoba,37.8996958,-4.7557818,True,,,Levante - Lepanto - Fátima,Fátima - Campiñuela,,,,flat,65.0,,,2,1,,False,,False,,,,,renew,False,,,,,,,,,,,,,False,,3,
107525755,https://www.idealista.com/inmueble/107525755/,sale,Córdoba,Córdoba,37.887754,-4.7797868,True,,,Centro - Casco Histórico,El Vial - Ronda de Tejares,,,,flat,215.0,,,4,3,,False,,False,,,,,good,True,,,,,,,,,,,,,True,,5,
103022645,https://www.idealista.com/inmueble/103022645/,sale,Córdoba,Córdoba,37.8894285,-4.756195,True,,,Fuensanta - Zona Arcángel,Cañero - Fidiana,,,,independantHouse,210.0,,,3,2,,False,,False,,,,,good,,,,,,,,,,,,,,True,,,
106457636,https://www.idealista.com/inmueble/106457636/,sale,Córdoba,Córdoba,37.8811725,-4.7716635,True,,,Centro - Casco Histórico,Casco Histórico - Corredera - Ribera,,,,independantHouse,194.0,,,6,2,,False,,False,,,,,renew,,,,,,,,,,,,,,False,,,
111214617,https://www.idealista.com/inmueble/111214617/,sale,Córdoba,Córdoba,37.8804439,-4.7886917,True,,,Ciudad Jardín,Ciudad Jardín,,,,flat,112.0,,,4,2,,False,,False,,,,,good,True,,,,,,,,,,,,,False,,1,
110446573,https://www.idealista.com/inmueble/110446573/,sale,Córdoba,Córdoba,37.8920776,-4.7855208,True,,,Santa Rosa - Valdeolleros,Huerta de la Reina,,,,semidetachedHouse,126.0,,,3,1,,False,,False,,,,,good,,,,,,,,,,,,,,False,,,
111926569,https://www.idealista.com/inmueble/111926569/,sale,Córdoba,Córdoba,37.8964598,-4.7573868,True,,,Levante - Lepanto - Fátima,Fátima - Campiñuela,,,,flat,70.0,,,2,1,,False,,False,,,,,good,True,,,,,,,,,,,,,False,,,
111717563,https://www.idealista.com/inmueble/111717563/,sale,Córdoba,Córdoba,37.8938732,-4.7715902,True,,,Centro - Casco Histórico,San Cayetano,,,,flat,90.0,,,3,2,,False,,False,,,,,good,False,,,,,,,,,,,,,False,,,
87070543,https://www.idealista.com/inmueble/87070543/,sale,Córdoba,Córdoba,37.855196,-4.793475,True,,,Sector sur - Santa Cruz,Sector sur - Santa Cruz,,,,independantHouse,520.0,,,9,5,,False,,False,,,,,good,,,,,,,,,,,,,,True,,,
82426365,https://www.idealista.com/inmueble/82426365/,sale,Córdoba,Córdoba,37.871921,-4.7742454,True,,,Campo de la Verdad,Campo de la Verdad,,,,independantHouse,108.0,,,3,1,,False,,False,,,,,good,,,,,,,,,,,,,,False,,,
112307355,https://www.idealista.com/inmueble/112307355/,sale,Córdoba,Córdoba,37.8973482,-4.7648413,True,,,Levante - Lepanto - Fátima,Fátima - Campiñuela,,,,flat,40.0,,,2,1,,False,,False,,,,,good,False,,,,,,,,,,,,,False,,,
111571123,https://www.idealista.com/inmueble/111571123/,sale,Córdoba,Córdoba,37.8889712,-4.7713414,True,,,Centro - Casco Histórico,Casco Histórico - Ollerías - Marrubial,,,,independantHouse,95.0,,,1,0,,False,,False,,,,,renew,,,,,,,,,,,,,,False,,,
111505113,https://www.idealista.com/inmueble/111505113/,sale,Córdoba,Córdoba,37.8888706,-4.7609862,True,,,Levante - Lepanto - Fátima,La Viñuela,,,,penthouse,80.0,,,3,1,,False,,False,,,,,good,False,,,,,,,,,,,,,False,,,
110701086,https://www.idealista.com/inmueble/110701086/,sale,Córdoba,Córdoba,37.8897399,-4.7584133,True,,,Levante - Lepanto - Fátima,La Viñuela,,,,flat,49.0,,,1,1,,False,,False,,,,,good,False,,,,,,,,,,,,,False,,,
106568006,https://www.idealista.com/inmueble/106568006/,sale,Córdoba,Córdoba,37.862506,-4.7754947,True,,,Sector sur - Santa Cruz,Sector sur - Santa Cruz,,,,flat,114.0,,,5,2,,False,,False,,,,,good,True,,,,,,,,,,,,,False,,bj,
112315933,https://www.idealista.com/inmueble/112315933/,sale,Córdoba,Córdoba,37.8989917,-4.7644136,True,,,Levante - Lepanto - Fátima,Fátima - Campiñuela,,,,flat,40.0,,,2,1,,False,,False,,,,,good,False,,,,,,,,,,,,,False,,,
111647924,https://www.idealista.com/inmueble/111647924/,sale,Córdoba,Córdoba,37.8654864,-4.7781235,True,,,Sector sur - Santa Cruz,Sector sur - Santa Cruz,,,,flat,57.0,,,3,1,,False,,False,,,,,good,False,,,,,,,,,,,,,False,,3,
110788782,https://www.idealista.com/inmueble/110788782/,sale,Córdoba,Córdoba,37.8633078,-4.770786,True,,,Campo de la Verdad,Campo de la Verdad,,,,terracedHouse,122.0,,,3,1,,False,,False,,,,,good,,,,,,,,,,,,,,False,,,
108553713,https://www.idealista.com/inmueble/108553713/,sale,Córdoba,Córdoba,37.8806714,-4.7921048,True,,,Ciudad Jardín,Ciudad Jardín,,,,flat,82.0,,,3,1,,False,,False,,,,,good,True,,,,,,,,,,,,,False,,5,
111585666,https://www.idealista.com/inmueble/111585666/,sale,Córdoba,Córdoba,37.866123,-4.7727243,True,,,Campo de la Verdad,Campo de la Verdad,,,,independantHouse,41.0,,,1,1,,False,,False,,,,,good,,,,,,,,,,,,,,False,,,
111386653,https://www.idealista.com/inmueble/111386653/,sale,Córdoba,Córdoba,37.8809745,-4.7873633,True,,,Ciudad Jardín,Ciudad Jardín,,,,flat,112.0,,,4,2,,False,,False,,,,,good,True,,,,,,,,,,,,,False,,,
112038630,https://www.idealista.com/inmueble/112038630/,sale,Córdoba,Córdoba,37.8786473,-4.7942756,True,,,Ciudad Jardín,Ciudad Jardín,,,,flat,60.0,,,3,1,,False,,False,,,,,good,True,,,,,,,,,,,,,False,,,
105539504,https://www.idealista.com/inmueble/105539504/,sale,Córdoba,Córdoba,37.867255,-4.7703661,True,,,Campo de la Verdad,Campo de la Verdad,,,,chalet,41.0,,,2,1,,False,,False,,,,,good,,,,,,,,,,,,,,False,,,
110719477,https://www.idealista.com/inmueble/110719477/,sale,Córdoba,Córdoba,37.8889884,-4.7921543,True,,,Noreña - Figueroa,Carretera Trassierra - Colonia de la Paz,,,,flat,39.0,,,2,1,,False,,False,,,,,good,False,,,,,,,,,,,,,False,,,
111708444,https://www.idealista.com/inmueble/111708444/,sale,Córdoba,Córdoba,37.8782023,-4.790697,True,,,Ciudad Jardín,Ciudad Jardín,,,,flat,114.0,,,4,2,,False,,False,,,,,good,True,,,,,,,,,,,,,False,,,
112141436,https://www.idealista.com/inmueble/112141436/,sale,Córdoba,Córdoba,37.9007702,-4.7585289,True,,,Levante - Lepanto - Fátima,Fátima - Campiñuela,,,,flat,93.0,,,3,2,,False,,False,,,,,good,True,,,,,,,,,,,,,True,,4,
110402376,https://www.idealista.com/inmueble/110402376/,sale,Córdoba,Córdoba,37.871289,-4.7714582,True,,,Campo de la Verdad,Campo de la Verdad,,,,flat,109.0,,,3,2,,False,,False,,,,,good,True,,,,,,,,,,,,,False,,,
110967231,https://www.idealista.com/inmueble/110967231/,sale,Córdoba,Córdoba,37.8876491,-4.7728062,True,,,Centro - Casco Histórico,Casco Histórico - Ollerías - Marrubial,,,,flat,105.0,,,3,1,,False,,False,,,,,good,False,,,,,,,,,,,,,False,,1,
111328161,https://www.idealista.com/inmueble/111328161/,sale,Córdoba,Córdoba,37.8763772,-4.7827004,True,,,Centro - Casco Histórico,Judería - San Basilio,,,,flat,51.0,,,3,1,,False,,False,,,,,good,False,,,,,,,,,,,,,False,,,
112202009,https://www.idealista.com/inmueble/112202009/,sale,Córdoba,Córdoba,37.8825338,-4.7863654,True,,,Ciudad Jardín,Ciudad Jardín,,,,flat,70.0,,,1,1,,False,,False,,,,,good,False,,,,,,,,,,,,,True,,,
106915983,https://www.idealista.com/inmueble/106915983/,sale,Córdoba,Córdoba,37.8646179,-4.7720686,True,,,Campo de la Verdad,Campo de la Verdad,,,,chalet,41.0,,,2,1,,False,,False,,,,,good,,,,,,,,,,,,,,False,,,
110270987,https://www.idealista.com/inmueble/110270987/,sale,Córdoba,Córdoba,37.8864075,-4.8345689,True,,,Periurbano oeste,El Higuerón,,,,independantHouse,120.0,,,4,1,,False,,False,,,,,good,,,,,,,,,,,,,,False,,,
111980976,https://www.idealista.com/inmueble/111980976/,sale,Córdoba,Córdoba,37.881167,-4.7944933,True,,,Zoco - Poniente - Vistalegre,Huerta de la Marquesa,,,,flat,90.0,,,3,1,,False,,False,,,,,good,True,,,,,,,,,,,,,False,,,
103101971,https://www.idealista.com/inmueble/103101971/,sale,Córdoba,Córdoba,37.8921932,-4.7883216,True,,,Santa Rosa - Valdeolleros,Huerta de la Reina,,,,semidetachedHouse,126.0,,,3,1,,False,,False,,,,,good,,,,,,,,,,,,,,False,,,
112036812,https://www.idealista.com/inmueble/112036812/,sale,Córdoba,Córdoba,37.8775188,-4.7667587,True,,,Fuensanta - Zona Arcángel,Fuensanta - Arcángel - Santuario,,,,flat,40.0,,,1,1,,False,,False,,,,,good,False,,,,,,,,,,,,,False,,,
112020663,https://www.idealista.com/inmueble/112020663/,sale,Córdoba,Córdoba,37.8952713,-4.760559,True,,,Levante - Lepanto - Fátima,Levante,,,,flat,78.0,,,3,1,,False,,False,,,,,good,True,,,,,,,,,,,,,False,,,
111402647,https://www.idealista.com/inmueble/111402647/,sale,Córdoba,Córdoba,37.895177,-4.770863,True,,,Centro - Casco Histórico,San Cayetano,,,,flat,90.0,,,3,2,,False,,False,,,,,good,False,,,,,,,,,,,,,False,,,
109755626,https://www.idealista.com/inmueble/109755626/,sale,Córdoba,Córdoba,37.8802845,-4.7942517,True,,,Ciudad Jardín,Ciudad Jardín,,,,flat,64.0,,,370,1,,False,,False,,,,,good,True,,,,,,,,,,,,,False,,1,
111304557,https://www.idealista.com/inmueble/111304557/,sale,Córdoba,Córdoba,37.8977419,-4.777523,True,,,Santa Rosa - Valdeolleros,Valdeolleros - Zumbacón - Camping,,,,flat,78.0,,,3,1,,False,,False,,,,,good,False,,,,,,,,,,,,,False,,2,
111185553,https://www.idealista.com/inmueble/111185553/,sale,Córdoba,Córdoba,37.8850687,-4.7752489,True,,,Centro - Casco Histórico,Casco Histórico - Corredera - Ribera,,,,flat,73.0,,,2,1,,False,,False,,,,,good,False,,,,,,,,,,,,,False,,bj,
111919546,https://www.idealista.com/inmueble/111919546/,sale,Córdoba,Córdoba,37.8908894,-4.770411,True,,,Centro - Casco Histórico,Casco Histórico - Ollerías - Marrubial,,,,flat,75.0,,,3,1,,False,,False,,,,,good,False,,,,,,,,,,,,,False,,1,
110287502,https://www.idealista.com/inmueble/110287502/,sale,Córdoba,Córdoba,37.8861095,-4.7743082,True,,,Centro - Casco Histórico,Casco Histórico - Ollerías - Marrubial,,,,flat,106.0,,,3,2,,False,,False,,,,,good,False,,,,,,,,,,,,,False,,1,
111250475,https://www.idealista.com/inmueble/111250475/,sale,Córdoba,Córdoba,37.8908941,-4.7689666,True,,,Centro - Casco Histórico,Casco Histórico - Ollerías - Marrubial,,,,terracedHouse,96.0,,,3,2,,False,,False,,,,,good,,,,,,,,,,,,,,False,,,
109636454,https://www.idealista.com/inmueble/109636454/,sale,Córdoba,Córdoba,37.8796044,-4.7686439,True,,,Fuensanta - Zona Arcángel,Fuensanta - Arcángel - Santuario,,,,flat,80.0,,,3,2,,False,,False,,,,,good,False,,,,,,,,,,,,,False,,,
111534362,https://www.idealista.com/inmueble/111534362/,sale,Córdoba,Córdoba,37.8785262,-4.7647522,True,,,Fuensanta - Zona Arcángel,Fuensanta - Arcángel - Santuario,,,,flat,68.0,,,3,1,,False,,False,,,,,good,False,,,,,,,,,,,,,False,,3,
110286319,https://www.idealista.com/inmueble/110286319/,sale,Córdoba,Córdoba,37.8952775,-4.768482,True,,,Levante - Lepanto - Fátima,Levante,,,,flat,89.0,,,3,1,,False,,False,,,,,good,False,,,,,,,,,,,,,False,,3,
111984282,https://www.idealista.com/inmueble/111984282/,sale,Córdoba,Córdoba,37.8887043,-4.7506835,True,,,Fuensanta - Zona Arcángel,Cañero - Fidiana,,,,independantHouse,97.0,,,3,1,,False,,False,,,,,renew,,,,,,,,,,,,,,False,,,
111433240,https://www.idealista.com/inmueble/111433240/,sale,Córdoba,Córdoba,37.8946909,-4.7588702,True,,,Levante - Lepanto - Fátima,La Viñuela,,,,flat,67.0,,,3,1,,False,,False,,,,,renew,True,,,,,,,,,,,,,False,,2,
110784198,https://www.idealista.com/inmueble/110784198/,sale,Córdoba,Córdoba,37.8899231,-4.7602676,True,,,Levante - Lepanto - Fátima,La Viñuela,,,,flat,66.0,,,2,1,,False,,False,,,,,good,False,,,,,,,,,,,,,False,,3,
111334115,https://www.idealista.com/inmueble/111334115/,sale,Córdoba,Córdoba,37.8805818,-4.7620464,True,,,Fuensanta - Zona Arcángel,Fuensanta - Arcángel - Santuario,,,,flat,68.0,,,3,1,,False,,False,,,,,good,False,,,,,,,,,,,,,False,,3,
111477092,https://www.idealista.com/inmueble/111477092/,sale,Córdoba,Córdoba,37.8932218,-4.7728935,True,,,Centro - Casco Histórico,San Cayetano,,,,flat,85.0,,,3,1,,False,,False,,,,,good,False,,,,,,,,,,,,,False,,2,
111331079,https://www.idealista.com/inmueble/111331079/,sale,Córdoba,Córdoba,37.8616635,-4.7777139,True,,,Sector sur - Santa Cruz,Sector sur - Santa Cruz,,,,flat,60.0,,,3,1,,False,,False,,,,,good,True,,,,,,,,,,,,,False,,,
111972077,https://www.idealista.com/inmueble/111972077/,sale,Córdoba,Córdoba,37.8648668,-4.7802081,True,,,Sector sur - Santa Cruz,Sector sur - Santa Cruz,,,,flat,63.0,,,3,1,,False,,False,,,,,good,False,,,,,,,,,,,,,False,,,
111368066,https://www.idealista.com/inmueble/111368066/,sale,Córdoba,Córdoba,37.8864997,-4.7876639,True,,,Centro - Casco Histórico,Cercadilla - Medina Azahara,,,,flat,129.0,,,3,2,,False,,False,,,,,good,True,,,,,,,,,,,,,True,,6,
111763057,https://www.idealista.com/inmueble/111763057/,sale,Córdoba,Córdoba,37.8946158,-4.76144,True,,,Levante - Lepanto - Fátima,Levante,,,,flat,74.0,,,3,1,,False,,False,,,,,good,False,,,,,,,,,,,,,False,,3,
110038043,https://www.idealista.com/inmueble/110038043/,sale,Córdoba,Córdoba,37.8843792,-4.7574096,True,,,Fuensanta - Zona Arcángel,Fuensanta - Arcángel - Santuario,,,,flat,98.0,,,3,1,,False,,False,,,,,good,True,,,,,,,,,,,,,False,,4,
109463040,https://www.idealista.com/inmueble/109463040/,sale,Córdoba,Córdoba,37.8828204,-4.79166,True,,,Ciudad Jardín,Ciudad Jardín,,,,flat,70.0,,,2,1,,False,,False,,,,,good,False,,,,,,,,,,,,,False,,,
99003009,https://www.idealista.com/inmueble/99003009/,sale,Córdoba,Córdoba,37.8977785,-4.7714904,True,,,Santa Rosa - Valdeolleros,Valdeolleros - Zumbacón - Camping,,,,duplex,104.0,,,3,2,,True,,False,,,,,good,False,,,,,,,,,,,,,False,,,
108425943,https://www.idealista.com/inmueble/108425943/,sale,Córdoba,Córdoba,37.8788206,-4.763402,True,,,Fuensanta - Zona Arcángel,Fuensanta - Arcángel - Santuario,,,,flat,77.0,,,3,1,,False,,False,,,,,good,False,,,,,,,,,,,,,False,,,
110789895,https://www.idealista.com/inmueble/110789895/,sale,Córdoba,Córdoba,37.8810658,-4.7823589,True,,,Centro - Casco Histórico,Judería - San Basilio,,,,flat,52.0,,,2,1,,False,,False,,,,,good,False,,,,,,,,,,,,,False,,1,
112037848,https://www.idealista.com/inmueble/112037848/,sale,Córdoba,Córdoba,37.8613283,-4.7791409,True,,,Sector sur - Santa Cruz,Sector sur - Santa Cruz,,,,flat,91.0,,,4,2,,False,,False,,,,,good,False,,,,,,,,,,,,,False,,1,
109381848,https://www.idealista.com/inmueble/109381848/,sale,Córdoba,Córdoba,37.8836341,-4.7756782,True,,,Centro - Casco Histórico,Casco Histórico - Corredera - Ribera,,,,flat,65.0,,,2,3,,False,,False,,,,,good,False,,,,,,,,,,,,,False,,,
111404828,https://www.idealista.com/inmueble/111404828/,sale,Córdoba,Córdoba,37.8964611,-4.7725827,True,,,Santa Rosa - Valdeolleros,Valdeolleros - Zumbacón - Camping,,,,flat,96.0,,,3,2,,False,,False,,,,,good,True,,,,,,,,,,,,,True,,,
111410815,https://www.idealista.com/inmueble/111410815/,sale,Córdoba,Córdoba,37.8892562,-4.7648448,True,,,Centro - Casco Histórico,Casco Histórico - Corredera - Ribera,,,,flat,74.0,,,3,2,,False,,False,,,,,good,False,,,,,,,,,,,,,False,,1,
111066778,https://www.idealista.com/inmueble/111066778/,sale,Córdoba,Córdoba,37.8955875,-4.7563492,True,,,Levante - Lepanto - Fátima,El Cairo,,,,flat,100.0,,,3,2,,False,,False,,,,,good,True,,,,,,,,,,,,,False,,bj,
111221699,https://www.idealista.com/inmueble/111221699/,sale,Córdoba,Córdoba,37.9114882,-4.7803856,True,,,Brillante - Trassierra - Naranjo,Naranjo - Mirabueno,,,,flat,100.0,,,3,2,,False,,False,,,,,good,False,,,,,,,,,,,,,False,,,
100747700,https://www.idealista.com/inmueble/100747700/,sale,Córdoba,Córdoba,37.8749928,-4.7760633,True,,,Campo de la Verdad,Campo de la Verdad,,,,duplex,130.0,,,3,3,,True,,False,,,,,good,False,,,,,,,,,,,,,True,,,
101226686,https://www.idealista.com/inmueble/101226686/,sale,Córdoba,Córdoba,37.9260837,-4.7571956,True,,,Brillante - Trassierra - Naranjo,Paraíso Arenal - La Colina,,,,countryHouse,85.0,,,3,1,,False,,False,,,,,renew,,,,,,,,,,,,,,False,,,
110956668,https://www.idealista.com/inmueble/110956668/,sale,Córdoba,Córdoba,37.8861389,-4.7722349,True,,,Centro - Casco Histórico,Casco Histórico - Ollerías - Marrubial,,,,flat,105.0,,,3,2,,False,,False,,,,,good,False,,,,,,,,,,,,,False,,1,
111186640,https://www.idealista.com/inmueble/111186640/,sale,Córdoba,Córdoba,37.8970694,-4.7792363,True,,,Santa Rosa - Valdeolleros,Santa Rosa - San José,,,,flat,50.0,,,1,1,,False,,False,,,,,good,False,,,,,,,,,,,,,False,,bj,
110253561,https://www.idealista.com/inmueble/110253561/,sale,Córdoba,Córdoba,37.8650607,-4.7765257,False,,,Sector sur - Santa Cruz,Sector sur - Santa Cruz,,,,flat,58.0,,,2,1,,False,,False,,,,,good,True,,,,,,,,,,,,,False,,1,
111331555,https://www.idealista.com/inmueble/111331555/,sale,Córdoba,Córdoba,37.8808378,-4.7649844,True,,,Fuensanta - Zona Arcángel,Fuensanta - Arcángel - Santuario,,,,flat,68.0,,,3,1,,False,,False,,,,,good,False,,,,,,,,,,,,,False,,3,
111635514,https://www.idealista.com/inmueble/111635514/,sale,Córdoba,Córdoba,37.8907179,-4.7578603,True,,,Fuensanta - Zona Arcángel,Cañero - Fidiana,,,,independantHouse,200.0,,,3,2,,False,,False,,,,,good,,,,,,,,,,,,,,False,,,
102879495,https://www.idealista.com/inmueble/102879495/,sale,Córdoba,Córdoba,37.8844121,-4.7727418,True,,,Centro - Casco Histórico,Casco Histórico - Corredera - Ribera,,,,independantHouse,316.0,,,6,3,,False,,False,,,,,good,,,,,,,,,,,,,,True,,,
111517482,https://www.idealista.com/inmueble/111517482/,sale,Córdoba,Córdoba,37.8650607,-4.7765257,False,,,Sector sur - Santa Cruz,Sector sur - Santa Cruz,,,,flat,58.0,,,3,1,,False,,False,,,,,good,True,,,,,,,,,,,,,False,,bj,
111800449,https://www.idealista.com/inmueble/111800449/,sale,Córdoba,Córdoba,37.88379,-4.7532831,True,,,Fuensanta - Zona Arcángel,Fuensanta - Arcángel - Santuario,,,,flat,72.0,,,3,1,,False,,False,,,,,good,True,,,,,,,,,,,,,False,,4,
111390452,https://www.idealista.com/inmueble/111390452/,sale,Córdoba,Córdoba,37.8891514,-4.7717307,True,,,Centro - Casco Histórico,Casco Histórico - Ollerías - Marrubial,,,,flat,53.0,,,3,1,,False,,False,,,,,good,False,,,,,,,,,,,,,False,,3,
110392426,https://www.idealista.com/inmueble/110392426/,sale,Córdoba,Córdoba,37.8890688,-4.7632545,True,,,Levante - Lepanto - Fátima,La Viñuela,,,,flat,100.0,,,5,1,,False,,False,,,,,good,False,,,,,,,,,,,,,False,,1,
111071349,https://www.idealista.com/inmueble/111071349/,sale,Córdoba,Córdoba,37.8918881,-4.7657969,True,,,Levante - Lepanto - Fátima,Levante,,,,flat,64.0,,,3,1,,False,,False,,,,,good,False,,,,,,,,,,,,,False,,3,
102098282,https://www.idealista.com/inmueble/102098282/,sale,Córdoba,Córdoba,37.9207533,-4.7970789,True,,,Brillante - Trassierra - Naranjo,Brillante,,,,independantHouse,330.0,,,10,6,,False,,False,,,,,good,,,,,,,,,,,,,,True,,,
111978215,https://www.idealista.com/inmueble/111978215/,sale,Córdoba,Córdoba,37.890107,-4.7523425,True,,,Fuensanta - Zona Arcángel,Cañero - Fidiana,,,,independantHouse,97.0,,,3,1,,False,,False,,,,,renew,,,,,,,,,,,,,,False,,,
111774181,https://www.idealista.com/inmueble/111774181/,sale,Córdoba,Córdoba,37.895346,-4.7629461,True,,,Levante - Lepanto - Fátima,Levante,,,,flat,79.0,,,4,1,,False,,False,,,,,good,False,,,,,,,,,,,,,False,,2,
107445045,https://www.idealista.com/inmueble/107445045/,sale,Córdoba,Córdoba,37.8805435,-4.7715454,True,,,Centro - Casco Histórico,Casco Histórico - Corredera - Ribera,,,,independantHouse,194.0,,,7,3,,False,,False,,,,,renew,,,,,,,,,,,,,,False,,,
111380013,https://www.idealista.com/inmueble/111380013/,sale,Córdoba,Córdoba,37.8940677,-4.7733544,True,,,Santa Rosa - Valdeolleros,Valdeolleros - Zumbacón - Camping,,,,flat,108.0,,,3,2,,False,,False,,,,,good,False,,,,,,,,,,,,,False,,,
111879984,https://www.idealista.com/inmueble/111879984/,sale,Córdoba,Córdoba,37.8946652,-4.7885482,True,,,Santa Rosa - Valdeolleros,Huerta de la Reina,,,,flat,65.0,,,2,1,,False,,False,,,,,good,False,,,,,,,,,,,,,False,,2,
109826879,https://www.idealista.com/inmueble/109826879/,sale,Córdoba,Córdoba,37.88208,-4.772577,True,,,Centro - Casco Histórico,Casco Histórico - Corredera - Ribera,,,,duplex,60.0,,,1,1,,True,,False,,,,,good,False,,,,,,,,,,,,,False,,1,
99668867,https://www.idealista.com/inmueble/99668867/,sale,Córdoba,Córdoba,37.8855,-4.7706639,True,,,Centro - Casco Histórico,Casco Histórico - Corredera - Ribera,,,,terracedHouse,98.0,,,3,2,,False,,False,,,,,good,,,,,,,,,,,,,,False,,,
111383850,https://www.idealista.com/inmueble/111383850/,sale,Córdoba,Córdoba,37.8965599,-4.7702453,True,,,Santa Rosa - Valdeolleros,Valdeolleros - Zumbacón - Camping,,,,flat,108.0,,,3,2,,False,,False,,,,,good,False,,,,,,,,,,,,,True,,,
108240835,https://www.idealista.com/inmueble/108240835/,sale,Córdoba,Córdoba,37.8955649,-4.7863614,True,,,Noreña - Figueroa,Tablero,,,,independantHouse,242.0,,,8,3,,False,,False,,,,,good,,,,,,,,,,,,,,False,,,
111756805,https://www.idealista.com/inmueble/111756805/,sale,Córdoba,Córdoba,37.8896099,-4.769352,True,,,Centro - Casco Histórico,Casco Histórico - Ollerías - Marrubial,,,,flat,53.0,,,3,1,,False,,False,,,,,good,False,,,,,,,,,,,,,False,,3,
100828793,https://www.idealista.com/inmueble/100828793/,sale,Córdoba,Córdoba,37.8566047,-4.8173767,True,,,Periurbano oeste,El Higuerón,,,,countryHouse,175.0,,,3,1,,False,,False,,,,,good,,,,,,,,,,,,,,False,,,
111757727,https://www.idealista.com/inmueble/111757727/,sale,Córdoba,Córdoba,37.8890714,-4.7713998,True,,,Centro - Casco Histórico,Casco Histórico - Ollerías - Marrubial,,,,flat,53.0,,,3,1,,False,,False,,,,,good,False,,,,,,,,,,,,,False,,3,
110934726,https://www.idealista.com/inmueble/110934726/,sale,Córdoba,Córdoba,37.8931331,-4.7693818,True,,,Centro - Casco Histórico,Casco Histórico - Ollerías - Marrubial,,,,terracedHouse,89.0,,,2,1,,False,,False,,,,,good,,,,,,,,,,,,,,True,,,
110671688,https://www.idealista.com/inmueble/110671688/,sale,Córdoba,Córdoba,37.886525,-4.7645545,True,,,Fuensanta - Zona Arcángel,Fuensanta - Arcángel - Santuario,,,,flat,100.0,,,3,2,,False,,False,,,,,renew,True,,,,,,,,,,,,,False,,5,
111316578,https://www.idealista.com/inmueble/111316578/,sale,Córdoba,Córdoba,37.8872769,-4.7727624,True,,,Centro - Casco Histórico,Casco Histórico - Ollerías - Marrubial,,,,flat,66.0,,,3,1,,False,,False,,,,,good,False,,,,,,,,,,,,,False,,2,
111621500,https://www.idealista.com/inmueble/111621500/,sale,Córdoba,Córdoba,37.8919338,-4.7672966,True,,,Levante - Lepanto - Fátima,Levante,,,,flat,64.0,,,3,1,,False,,False,,,,,good,False,,,,,,,,,,,,,False,,4,
110446507,https://www.idealista.com/inmueble/110446507/,sale,Córdoba,Córdoba,37.8806477,-4.7637017,True,,,Fuensanta - Zona Arcángel,Fuensanta - Arcángel - Santuario,,,,flat,300.0,,,5,2,,False,,False,,,,,good,False,,,,,,,,,,,,,False,,,
112052494,https://www.idealista.com/inmueble/112052494/,sale,Córdoba,Córdoba,37.8927702,-4.7589728,True,,,Levante - Lepanto - Fátima,La Viñuela,,,,flat,52.0,,,3,1,,False,,False,,,,,good,False,,,,,,,,,,,,,False,,2,
110973485,https://www.idealista.com/inmueble/110973485/,sale,Córdoba,Córdoba,37.8853818,-4.7802736,True,,,Centro - Casco Histórico,Centro,,,,flat,195.0,,,4,4,,False,,False,,,,,good,True,,,,,,,,,,,,,True,,2,
111875479,https://www.idealista.com/inmueble/111875479/,sale,Córdoba,Córdoba,37.8935191,-4.7826832,True,,,Centro - Casco Histórico,El Vial - Ronda de Tejares,,,,flat,323.0,,,6,3,,False,,False,,,,,good,True,,,,,,,,,,,,,True,,3,
110613476,https://www.idealista.com/inmueble/110613476/,sale,Córdoba,Córdoba,37.8770556,-4.7850863,True,,,Centro - Casco Histórico,Judería - San Basilio,,,,flat,104.0,,,3,1,,False,,False,,,,,renew,True,,,,,,,,,,,,,False,,7,
112128415,https://www.idealista.com/inmueble/112128415/,sale,Córdoba,Córdoba,37.8632612,-4.7726533,True,,,Campo de la Verdad,Campo de la Verdad,,,,independantHouse,107.0,,,3,1,,False,,False,,,,,renew,,,,,,,,,,,,,,False,,,
112104419,https://www.idealista.com/inmueble/112104419/,sale,Córdoba,Córdoba,37.8915119,-4.8043389,True,,,Noreña - Figueroa,Noreña - Turruñuelos,,,,flat,56.0,,,3,1,,False,,False,,,,,good,True,,,,,,,,,,,,,False,,3,
110133301,https://www.idealista.com/inmueble/110133301/,sale,Córdoba,Córdoba,37.8814185,-4.7878538,True,,,Ciudad Jardín,Ciudad Jardín,,,,flat,78.0,,,3,1,,False,,False,,,,,good,False,,,,,,,,,,,,,False,,bj,
106915230,https://www.idealista.com/inmueble/106915230/,sale,Córdoba,Córdoba,37.8644934,-4.7698959,True,,,Campo de la Verdad,Campo de la Verdad,,,,flat,44.0,,,2,1,,False,,False,,,,,good,False,,,,,,,,,,,,,False,,,
111719226,https://www.idealista.com/inmueble/111719226/,sale,Córdoba,Córdoba,37.8955621,-4.7660577,True,,,Levante - Lepanto - Fátima,Levante,,,,flat,64.0,,,3,1,,False,,False,,,,,good,False,,,,,,,,,,,,,False,,4,
110691122,https://www.idealista.com/inmueble/110691122/,sale,Córdoba,Córdoba,37.883061,-4.7881943,True,,,Ciudad Jardín,Ciudad Jardín,,,,flat,70.0,,,1,1,,False,,False,,,,,good,False,,,,,,,,,,,,,True,,1,
106895083,https://www.idealista.com/inmueble/106895083/,sale,Córdoba,Córdoba,37.8859549,-4.7694753,True,,,Centro - Casco Histórico,Casco Histórico - Corredera - Ribera,,,,semidetachedHouse,115.0,,,3,2,,False,,False,,,,,good,,,,,,,,,,,,,,False,,,
109613032,https://www.idealista.com/inmueble/109613032/,sale,Córdoba,Córdoba,37.8908225,-4.7842432,True,,,Centro - Casco Histórico,El Vial - Ronda de Tejares,,,,flat,148.0,,,3,2,,False,,False,,,,,good,True,,,,,,,,,,,,,True,,3,
111838003,https://www.idealista.com/inmueble/111838003/,sale,Córdoba,Córdoba,37.9001194,-4.7555663,True,,,Levante - Lepanto - Fátima,Fátima - Campiñuela,,,,flat,80.0,,,2,1,,False,,False,,,,,good,True,,,,,,,,,,,,,False,,,
111859987,https://www.idealista.com/inmueble/111859987/,sale,Córdoba,Córdoba,37.8960501,-4.7947804,True,,,Noreña - Figueroa,Tablero,,,,flat,99.0,,,3,2,,False,,False,,,,,good,True,,,,,,,,,,,,,True,,,
111067878,https://www.idealista.com/inmueble/111067878/,sale,Córdoba,Córdoba,37.8981201,-4.7558347,True,,,Levante - Lepanto - Fátima,Fátima - Campiñuela,,,,flat,65.0,,,3,1,,False,,False,,,,,good,True,,,,,,,,,,,,,False,,1,
111792833,https://www.idealista.com/inmueble/111792833/,sale,Córdoba,Córdoba,37.8947845,-4.7541672,True,,,Levante - Lepanto - Fátima,El Cairo,,,,flat,101.0,,,4,1,,False,,False,,,,,good,False,,,,,,,,,,,,,False,,3,
111071806,https://www.idealista.com/inmueble/111071806/,sale,Córdoba,Córdoba,37.8935431,-4.7683013,True,,,Levante - Lepanto - Fátima,Levante,,,,flat,64.0,,,3,1,,False,,False,,,,,good,False,,,,,,,,,,,,,False,,3,
111227742,https://www.idealista.com/inmueble/111227742/,sale,Córdoba,Córdoba,37.8790926,-4.7624362,True,,,Fuensanta - Zona Arcángel,Fuensanta - Arcángel - Santuario,,,,flat,68.0,,,3,1,,False,,False,,,,,good,False,,,,,,,,,,,,,False,,,
95635727,https://www.idealista.com/inmueble/95635727/,sale,Córdoba,Córdoba,37.8825559,-4.7920086,True,,,Ciudad Jardín,Ciudad Jardín,,,,duplex,160.0,,,2,2,,True,,False,,,,,good,False,,,,,,,,,,,,,False,,,
104509717,https://www.idealista.com/inmueble/104509717/,sale,Córdoba,Córdoba,37.8635711,-4.7743093,True,,,Campo de la Verdad,Campo de la Verdad,,,,semidetachedHouse,196.0,,,3,2,,False,,False,,,,,good,,,,,,,,,,,,,,True,,,
111227707,https://www.idealista.com/inmueble/111227707/,sale,Córdoba,Córdoba,37.8589311,-4.7837875,True,,,Sector sur - Santa Cruz,Sector sur - Santa Cruz,,,,flat,89.0,,,3,2,,False,,False,,,,,good,False,,,,,,,,,,,,,False,,,
104825679,https://www.idealista.com/inmueble/104825679/,sale,Córdoba,Córdoba,37.8661858,-4.770999,True,,,Campo de la Verdad,Campo de la Verdad,,,,flat,44.0,,,2,1,,False,,False,,,,,good,False,,,,,,,,,,,,,False,,,
102609654,https://www.idealista.com/inmueble/102609654/,sale,Córdoba,Córdoba,37.8673378,-4.770006,True,,,Campo de la Verdad,Campo de la Verdad,,,,flat,44.0,,,2,1,,False,,False,,,,,good,False,,,,,,,,,,,,,False,,,
110443517,https://www.idealista.com/inmueble/110443517/,sale,Córdoba,Córdoba,37.9076489,-4.776072,True,,,Brillante - Trassierra - Naranjo,Naranjo - Mirabueno,,,,flat,188.0,,,1,1,,False,,False,,,,,good,False,,,,,,,,,,,,,False,,,
111720402,https://www.idealista.com/inmueble/111720402/,sale,Córdoba,Córdoba,37.8986201,-4.7587336,True,,,Levante - Lepanto - Fátima,Fátima - Campiñuela,,,,flat,78.0,,,2,1,,False,,False,,,,,good,True,,,,,,,,,,,,,False,,,
111827216,https://www.idealista.com/inmueble/111827216/,sale,Córdoba,Córdoba,37.8920155,-4.7746016,True,,,Centro - Casco Histórico,Casco Histórico - Ollerías - Marrubial,,,,flat,62.0,,,2,1,,False,,False,,,,,good,False,,,,,,,,,,,,,False,,,
112126116,https://www.idealista.com/inmueble/112126116/,sale,Córdoba,Córdoba,37.8830779,-4.8186581,True,,,Noreña - Figueroa,Miralbaida - Parque Azahara,,,,flat,95.0,,,3,2,,False,,False,,,,,good,True,,,,,,,,,,,,,True,,,
110764000,https://www.idealista.com/inmueble/110764000/,sale,Córdoba,Córdoba,37.9056406,-4.7455844,True,,,Levante - Lepanto - Fátima,Fátima - Campiñuela,,,,casale,1493.0,,,3,1,,False,,False,,,,,good,,,,,,,,,,,,,,False,,,
97494000,https://www.idealista.com/inmueble/97494000/,sale,Córdoba,Córdoba,37.8972752,-4.7788875,True,,,Santa Rosa - Valdeolleros,Santa Rosa - San José,,,,independantHouse,165.0,,,4,1,,False,,False,,,,,renew,,,,,,,,,,,,,,True,,,
108090981,https://www.idealista.com/inmueble/108090981/,sale,Córdoba,Córdoba,37.8891692,-4.7569877,True,,,Fuensanta - Zona Arcángel,Cañero - Fidiana,,,,chalet,130.0,,,3,2,,False,,False,,,,,good,,,,,,,,,,,,,,False,,,
110897977,https://www.idealista.com/inmueble/110897977/,sale,Córdoba,Córdoba,37.8825882,-4.7746811,True,,,Centro - Casco Histórico,Casco Histórico - Corredera - Ribera,,,,flat,54.0,,,1,1,,False,,False,,,,,good,False,,,,,,,,,,,,,False,,,
108089905,https://www.idealista.com/inmueble/108089905/,sale,Córdoba,Córdoba,37.8873469,-4.764971,True,,,Levante - Lepanto - Fátima,La Viñuela,,,,flat,151.0,,,4,2,,False,,False,,,,,renew,True,,,,,,,,,,,,,False,,6,
111444768,https://www.idealista.com/inmueble/111444768/,sale,Córdoba,Córdoba,37.8963196,-4.770249,True,,,Centro - Casco Histórico,San Cayetano,,,,flat,90.0,,,3,2,,False,,False,,,,,good,True,,,,,,,,,,,,,False,,,
111714717,https://www.idealista.com/inmueble/111714717/,sale,Córdoba,Córdoba,37.9001615,-4.7559975,True,,,Levante - Lepanto - Fátima,Fátima - Campiñuela,,,,flat,78.0,,,3,1,,False,,False,,,,,good,True,,,,,,,,,,,,,False,,,
109990719,https://www.idealista.com/inmueble/109990719/,sale,Córdoba,Córdoba,37.867707,-4.772708,True,,,Campo de la Verdad,Campo de la Verdad,,,,terracedHouse,42.0,,,2,1,,False,,False,,,,,good,,,,,,,,,,,,,,False,,,
112109671,https://www.idealista.com/inmueble/112109671/,sale,Córdoba,Córdoba,37.9005421,-4.7749875,True,,,Santa Rosa - Valdeolleros,Valdeolleros - Zumbacón - Camping,,,,studio,43.0,,,0,1,,False,,True,,,,,good,False,,,,,,,,,,,,,False,,bj,
111767364,https://www.idealista.com/inmueble/111767364/,sale,Córdoba,Córdoba,37.8832143,-4.7699826,True,,,Centro - Casco Histórico,Casco Histórico - Corredera - Ribera,,,,flat,118.0,,,3,2,,False,,False,,,,,good,False,,,,,,,,,,,,,False,,1,
111640278,https://www.idealista.com/inmueble/111640278/,sale,Córdoba,Córdoba,37.8632386,-4.7752822,True,,,Sector sur - Santa Cruz,Sector sur - Santa Cruz,,,,flat,57.0,,,3,1,,False,,False,,,,,good,False,,,,,,,,,,,,,False,,,
108724260,https://www.idealista.com/inmueble/108724260/,sale,Córdoba,Córdoba,37.8812208,-4.792672,True,,,Ciudad Jardín,Ciudad Jardín,,,,flat,75.0,,,3,1,,False,,False,,,,,good,False,,,,,,,,,,,,,False,,2,
99671250,https://www.idealista.com/inmueble/99671250/,sale,Córdoba,Córdoba,37.8901165,-4.7734109,True,,,Centro - Casco Histórico,Casco Histórico - Ollerías - Marrubial,,,,independantHouse,725.0,,,6,6,,False,,False,,,,,good,,,,,,,,,,,,,,True,,,
110490206,https://www.idealista.com/inmueble/110490206/,sale,Córdoba,Córdoba,37.8826004,-4.7699174,True,,,Centro - Casco Histórico,Casco Histórico - Corredera - Ribera,,,,flat,114.0,,,3,2,,False,,False,,,,,renew,False,,,,,,,,,,,,,False,,1,
107457167,https://www.idealista.com/inmueble/107457167/,sale,Córdoba,Córdoba,37.8807512,-4.7713185,True,,,Centro - Casco Histórico,Casco Histórico - Corredera - Ribera,,,,duplex,50.0,,,1,1,,True,,False,,,,,good,False,,,,,,,,,,,,,False,,,
108552122,https://www.idealista.com/inmueble/108552122/,sale,Córdoba,Córdoba,37.8949324,-4.7653454,True,,,Levante - Lepanto - Fátima,Levante,,,,flat,62.0,,,3,1,,False,,False,,,,,good,,,,,,,,,,,,,,False,,,
107625097,https://www.idealista.com/inmueble/107625097/,sale,Córdoba,Córdoba,37.8690904,-4.7795186,True,,,Sector sur - Santa Cruz,Sector sur - Santa Cruz,,,,flat,65.0,,,3,1,,False,,False,,,,,good,False,,,,,,,,,,,,,False,,,
111385043,https://www.idealista.com/inmueble/111385043/,sale,Córdoba,Córdoba,37.9003328,-4.7568626,True,,,Levante - Lepanto - Fátima,Fátima - Campiñuela,,,,flat,79.0,,,2,1,,False,,False,,,,,good,True,,,,,,,,,,,,,False,,,
112015979,https://www.idealista.com/inmueble/112015979/,sale,Córdoba,Córdoba,37.8973952,-4.7737475,True,,,Santa Rosa - Valdeolleros,Valdeolleros - Zumbacón - Camping,,,,flat,101.0,,,2,2,,False,,False,,,,,good,True,,,,,,,,,,,,,False,,1,
110907840,https://www.idealista.com/inmueble/110907840/,sale,Córdoba,Córdoba,37.8770349,-4.7903269,True,,,Ciudad Jardín,Ciudad Jardín,,,,flat,115.0,,,4,2,,False,,False,,,,,good,True,,,,,,,,,,,,,False,,4,
112036828,https://www.idealista.com/inmueble/112036828/,sale,Córdoba,Córdoba,37.8763396,-4.7663466,True,,,Fuensanta - Zona Arcángel,Fuensanta - Arcángel - Santuario,,,,flat,40.0,,,1,1,,False,,False,,,,,good,False,,,,,,,,,,,,,False,,,
111884790,https://www.idealista.com/inmueble/111884790/,sale,Córdoba,Córdoba,37.8845469,-4.7792364,True,,,Centro - Casco Histórico,Centro,,,,studio,30.0,,,0,1,,False,,True,,,,,good,False,,,,,,,,,,,,,False,,,
111050795,https://www.idealista.com/inmueble/111050795/,sale,Córdoba,Córdoba,37.8877686,-4.7816203,True,,,Centro - Casco Histórico,Centro,,,,flat,64.0,,,1,1,,False,,False,,,,,good,True,,,,,,,,,,,,,False,,1,
112104517,https://www.idealista.com/inmueble/112104517/,sale,Córdoba,Córdoba,37.8917016,-4.7736537,True,,,Centro - Casco Histórico,Casco Histórico - Ollerías - Marrubial,,,,studio,49.0,,,0,1,,False,,True,,,,,good,False,,,,,,,,,,,,,False,,,
112185506,https://www.idealista.com/inmueble/112185506/,sale,Córdoba,Córdoba,37.895726,-4.7628495,True,,,Levante - Lepanto - Fátima,Levante,,,,flat,70.0,,,2,1,,False,,False,,,,,good,False,,,,,,,,,,,,,False,,2,
110600486,https://www.idealista.com/inmueble/110600486/,sale,Córdoba,Córdoba,37.8798302,-4.786701,True,,,Centro - Casco Histórico,Centro,,,,flat,125.0,,,5,2,,False,,False,,,,,renew,True,,,,,,,,,,,,,False,,1,
110743475,https://www.idealista.com/inmueble/110743475/,sale,Córdoba,Córdoba,37.8675104,-4.7719034,True,,,Campo de la Verdad,Campo de la Verdad,,,,independantHouse,125.0,,,3,2,,False,,False,,,,,renew,,,,,,,,,,,,,,False,,,
109419464,https://www.idealista.com/inmueble/109419464/,sale,Córdoba,Córdoba,37.8895664,-4.7627895,False,,,Levante - Lepanto - Fátima,La Viñuela,,,,flat,65.0,,,3,1,,False,,False,,,,,good,False,,,,,,,,,,,,,False,,3,
101678317,https://www.idealista.com/inmueble/101678317/,sale,Córdoba,Córdoba,37.8839083,-4.7687837,True,,,Centro - Casco Histórico,Casco Histórico - Corredera - Ribera,,,,flat,65.0,,,2,1,,False,,False,,,,,good,False,,,,,,,,,,,,,False,,1,
111547292,https://www.idealista.com/inmueble/111547292/,sale,Córdoba,Córdoba,37.882527,-4.7762204,True,,,Centro - Casco Histórico,Judería - San Basilio,,,,flat,45.0,,,1,1,,False,,False,,,,,good,False,,,,,,,,,,,,,False,,1,
111206264,https://www.idealista.com/inmueble/111206264/,sale,Córdoba,Córdoba,37.8826604,-4.8133537,True,,,Noreña - Figueroa,Miralbaida - Parque Azahara,,,,flat,92.0,,,3,2,,False,,False,,,,,renew,True,,,,,,,,,,,,,False,,1,
110831194,https://www.idealista.com/inmueble/110831194/,sale,Córdoba,Córdoba,37.8953288,-4.7606442,True,,,Levante - Lepanto - Fátima,Levante,,,,studio,42.0,,,0,1,,False,,True,,,,,good,False,,,,,,,,,,,,,False,,,
107087139,https://www.idealista.com/inmueble/107087139/,sale,Córdoba,Córdoba,37.9199817,-4.7959548,True,,,Brillante - Trassierra - Naranjo,Brillante,,,,countryHouse,452.0,,,10,6,,False,,False,,,,,good,,,,,,,,,,,,,,True,,,
112064123,https://www.idealista.com/inmueble/112064123/,sale,Córdoba,Córdoba,37.8994685,-4.757058,True,,,Levante - Lepanto - Fátima,Fátima - Campiñuela,,,,flat,80.0,,,3,1,,False,,False,,,,,good,False,,,,,,,,,,,,,False,,1,
109846107,https://www.idealista.com/inmueble/109846107/,sale,Córdoba,Córdoba,37.8833159,-4.8131276,True,,,Noreña - Figueroa,Miralbaida - Parque Azahara,,,,flat,89.0,,,3,1,,False,,False,,,,,renew,True,,,,,,,,,,,,,False,,,
111711074,https://www.idealista.com/inmueble/111711074/,sale,Córdoba,Córdoba,37.8670355,-4.7736171,True,,,Campo de la Verdad,Campo de la Verdad,,,,terracedHouse,112.0,,,4,1,,False,,False,,,,,good,,,,,,,,,,,,,,False,,,
111941958,https://www.idealista.com/inmueble/111941958/,sale,Córdoba,Córdoba,37.8739167,-4.7820499,True,,,Centro - Casco Histórico,Judería - San Basilio,,,,flat,66.0,,,3,1,,False,,False,,,,,good,False,,,,,,,,,,,,,False,,bj,
111135925,https://www.idealista.com/inmueble/111135925/,sale,Córdoba,Córdoba,37.8867943,-4.8150733,True,,,Noreña - Figueroa,Miralbaida - Parque Azahara,,,,flat,141.0,,,2,1,,False,,False,,,,,renew,True,,,,,,,,,,,,,True,,3,
112008876,https://www.idealista.com/inmueble/112008876/,sale,Córdoba,Córdoba,37.8690837,-4.7796823,True,,,Sector sur - Santa Cruz,Sector sur - Santa Cruz,,,,flat,52.0,,,2,1,,False,,False,,,,,good,,,,,,,,,,,,,,False,,bj,
111271871,https://www.idealista.com/inmueble/111271871/,sale,Córdoba,Córdoba,37.8812595,-4.7836058,True,,,Centro - Casco Histórico,Judería - San Basilio,,,,flat,80.0,,,2,2,,False,,False,,,,,good,False,,,,,,,,,,,,,False,,bj,
110942825,https://www.idealista.com/inmueble/110942825/,sale,Córdoba,Córdoba,37.8898198,-4.7560562,True,,,Fuensanta - Zona Arcángel,Cañero - Fidiana,,,,terracedHouse,60.0,,,2,1,,False,,False,,,,,good,,,,,,,,,,,,,,False,,,
107872807,https://www.idealista.com/inmueble/107872807/,sale,Córdoba,Córdoba,37.8950052,-4.7874525,True,,,Santa Rosa - Valdeolleros,Huerta de la Reina,,,,chalet,121.0,,,4,2,,False,,False,,,,,good,,,,,,,,,,,,,,False,,,
111076695,https://www.idealista.com/inmueble/111076695/,sale,Córdoba,Córdoba,37.8848238,-4.8076747,True,,,Noreña - Figueroa,Miralbaida - Parque Azahara,,,,flat,58.0,,,2,1,,False,,False,,,,,good,False,,,,,,,,,,,,,False,,3,
108428672,https://www.idealista.com/inmueble/108428672/,sale,Córdoba,Córdoba,37.8647628,-4.7762525,False,,,Sector sur - Santa Cruz,Sector sur - Santa Cruz,,,,flat,58.0,,,3,1,,False,,False,,,,,good,True,,,,,,,,,,,,,False,,1,
110727623,https://www.idealista.com/inmueble/110727623/,sale,Córdoba,Córdoba,37.8915978,-4.762082,True,,,Levante - Lepanto - Fátima,La Viñuela,,,,flat,62.0,,,3,1,,False,,False,,,,,good,False,,,,,,,,,,,,,False,,4,
111986614,https://www.idealista.com/inmueble/111986614/,sale,Córdoba,Córdoba,37.8931731,-4.7621844,True,,,Levante - Lepanto - Fátima,Levante,,,,flat,72.0,,,3,1,,False,,False,,,,,good,True,,,,,,,,,,,,,False,,,
88839500,https://www.idealista.com/inmueble/88839500/,sale,Córdoba,Córdoba,37.8798983,-4.7691057,True,,,Centro - Casco Histórico,Casco Histórico - Corredera - Ribera,,,,independantHouse,194.0,,,6,2,,False,,False,,,,,renew,,,,,,,,,,,,,,False,,,
108621463,https://www.idealista.com/inmueble/108621463/,sale,Córdoba,Córdoba,37.9061778,-4.7456307,True,,,Levante - Lepanto - Fátima,Fátima - Campiñuela,,,,independantHouse,120.0,,,3,1,,False,,False,,,,,good,,,,,,,,,,,,,,False,,,
112224446,https://www.idealista.com/inmueble/112224446/,sale,Córdoba,Córdoba,37.9279607,-4.7597864,True,,,Brillante - Trassierra - Naranjo,Paraíso Arenal - La Colina,,,,independantHouse,109.0,,,3,2,,False,,False,,,,,good,,,,,,,,,,,,,,False,,,
112222439,https://www.idealista.com/inmueble/112222439/,sale,Córdoba,Córdoba,37.8873757,-4.7802463,True,,,Centro - Casco Histórico,Centro,,,,flat,151.0,,,4,3,,False,,False,,,,,good,True,,,,,,,,,,,,,True,,1,
111547406,https://www.idealista.com/inmueble/111547406/,sale,Córdoba,Córdoba,37.8897566,-4.7720277,True,,,Centro - Casco Histórico,Casco Histórico - Ollerías - Marrubial,,,,flat,60.0,,,3,1,,False,,False,,,,,good,False,,,,,,,,,,,,,False,,,
111730306,https://www.idealista.com/inmueble/111730306/,sale,Córdoba,Córdoba,37.8913715,-4.762582,True,,,Levante - Lepanto - Fátima,La Viñuela,,,,flat,62.0,,,2,1,,False,,False,,,,,good,False,,,,,,,,,,,,,False,,3,
112305207,https://www.idealista.com/inmueble/112305207/,sale,Córdoba,Córdoba,37.8673811,-4.7750242,True,,,Sector sur - Santa Cruz,Sector sur - Santa Cruz,,,,flat,58.0,,,1,1,,False,,False,,,,,good,False,,,,,,,,,,,,,False,,4,
112305105,https://www.idealista.com/inmueble/112305105/,sale,Córdoba,Córdoba,37.8937771,-4.7935314,True,,,Noreña - Figueroa,Carretera Trassierra - Colonia de la Paz,,,,flat,45.0,,,1,1,,False,,False,,,,,good,False,,,,,,,,,,,,,False,,2,
112305101,https://www.idealista.com/inmueble/112305101/,sale,Córdoba,Córdoba,37.8673647,-4.7794381,True,,,Sector sur - Santa Cruz,Sector sur - Santa Cruz,,,,flat,59.0,,,1,1,,False,,False,,,,,good,False,,,,,,,,,,,,,False,,1,
112305099,https://www.idealista.com/inmueble/112305099/,sale,Córdoba,Córdoba,37.8669155,-4.7805363,True,,,Sector sur - Santa Cruz,Sector sur - Santa Cruz,,,,flat,57.0,,,1,1,,False,,False,,,,,good,False,,,,,,,,,,,,,False,,2,
107020019,https://www.idealista.com/inmueble/107020019/,sale,Córdoba,Córdoba,37.890616,-4.7771531,True,,,Centro - Casco Histórico,Casco Histórico - Ollerías - Marrubial,,,,flat,95.0,,,3,2,,False,,False,,,,,renew,False,,,,,,,,,,,,,False,,1,
103823944,https://www.idealista.com/inmueble/103823944/,sale,Córdoba,Córdoba,37.8838815,-4.7843421,True,,,Centro - Casco Histórico,Centro,,,,flat,76.0,,,3,1,,False,,False,,,,,good,False,,,,,,,,,,,,,False,,1,
112212939,https://www.idealista.com/inmueble/112212939/,sale,Córdoba,Córdoba,37.8793244,-4.7693469,True,,,Fuensanta - Zona Arcángel,Fuensanta - Arcángel - Santuario,,,,flat,48.0,,,1,1,,False,,False,,,,,good,False,,,,,,,,,,,,,False,,bj,
112224695,https://www.idealista.com/inmueble/112224695/,sale,Córdoba,Córdoba,37.8944225,-4.7639632,True,,,Levante - Lepanto - Fátima,Levante,,,,flat,112.0,,,4,2,,False,,False,,,,,good,False,,,,,,,,,,,,,False,,2,
111192681,https://www.idealista.com/inmueble/111192681/,sale,Córdoba,Córdoba,37.8927726,-4.7587135,True,,,Levante - Lepanto - Fátima,La Viñuela,,,,flat,111.0,,,3,1,,False,,False,,,,,good,False,,,,,,,,,,,,,False,,3,
110392465,https://www.idealista.com/inmueble/110392465/,sale,Córdoba,Córdoba,37.8624901,-4.778501,True,,,Sector sur - Santa Cruz,Sector sur - Santa Cruz,,,,flat,48.0,,,2,1,,False,,False,,,,,good,False,,,,,,,,,,,,,False,,,
112195412,https://www.idealista.com/inmueble/112195412/,sale,Córdoba,Córdoba,37.8819276,-4.7991256,True,,,Zoco - Poniente - Vistalegre,Zoco - Poniente,,,,terracedHouse,110.0,,,3,1,,False,,False,,,,,renew,,,,,,,,,,,,,,False,,,
112019314,https://www.idealista.com/inmueble/112019314/,sale,Córdoba,Córdoba,37.863075,-4.7704074,True,,,Campo de la Verdad,Campo de la Verdad,,,,terracedHouse,107.0,,,3,1,,False,,False,,,,,renew,,,,,,,,,,,,,,False,,,
111830188,https://www.idealista.com/inmueble/111830188/,sale,Córdoba,Córdoba,37.8944505,-4.8048064,True,,,Noreña - Figueroa,Tablero,,,,flat,133.0,,,4,2,,False,,False,,,,,good,True,,,,,,,,,,,,,False,,,
112305173,https://www.idealista.com/inmueble/112305173/,sale,Córdoba,Córdoba,37.8921809,-4.7749069,True,,,Centro - Casco Histórico,Casco Histórico - Ollerías - Marrubial,,,,flat,57.0,,,1,1,,False,,False,,,,,good,False,,,,,,,,,,,,,False,,1,
109060148,https://www.idealista.com/inmueble/109060148/,sale,Córdoba,Córdoba,37.8659554,-4.7722188,False,,,Campo de la Verdad,Campo de la Verdad,,,,semidetachedHouse,60.0,,,3,1,,False,,False,,,,,renew,,,,,,,,,,,,,,False,,,
110869005,https://www.idealista.com/inmueble/110869005/,sale,Córdoba,Córdoba,37.8727816,-4.7761216,True,,,Campo de la Verdad,Campo de la Verdad,,,,terracedHouse,76.0,,,3,1,,False,,False,,,,,renew,,,,,,,,,,,,,,False,,,
112212918,https://www.idealista.com/inmueble/112212918/,sale,Córdoba,Córdoba,37.867989,-4.7736965,True,,,Sector sur - Santa Cruz,Sector sur - Santa Cruz,,,,flat,46.0,,,1,1,,False,,False,,,,,good,False,,,,,,,,,,,,,False,,1,
111078787,https://www.idealista.com/inmueble/111078787/,sale,Córdoba,Córdoba,37.8824441,-4.7871828,True,,,Ciudad Jardín,Ciudad Jardín,,,,flat,197.0,,,4,3,,False,,False,,,,,good,True,,,,,,,,,,,,,False,,,
109990720,https://www.idealista.com/inmueble/109990720/,sale,Córdoba,Córdoba,37.8617767,-4.7736905,True,,,Sector sur - Santa Cruz,Sector sur - Santa Cruz,,,,flat,59.0,,,2,1,,False,,False,,,,,good,False,,,,,,,,,,,,,False,,,
109990714,https://www.idealista.com/inmueble/109990714/,sale,Córdoba,Córdoba,37.8846104,-4.8106711,True,,,Noreña - Figueroa,Miralbaida - Parque Azahara,,,,flat,89.0,,,3,2,,False,,False,,,,,good,True,,,,,,,,,,,,,False,,,
110745576,https://www.idealista.com/inmueble/110745576/,sale,Córdoba,Córdoba,37.8868172,-4.7687197,True,,,Centro - Casco Histórico,Casco Histórico - Corredera - Ribera,,,,independantHouse,347.0,,,7,3,,False,,False,,,,,renew,,,,,,,,,,,,,,True,,,
111119569,https://www.idealista.com/inmueble/111119569/,sale,Córdoba,Córdoba,37.8873742,-4.7856549,True,,,Centro - Casco Histórico,El Vial - Ronda de Tejares,,,,flat,80.0,,,3,1,,False,,False,,,,,good,True,,,,,,,,,,,,,False,,4,
111780438,https://www.idealista.com/inmueble/111780438/,sale,Córdoba,Córdoba,37.8786645,-4.7878523,True,,,Ciudad Jardín,Ciudad Jardín,,,,flat,78.0,,,3,1,,False,,False,,,,,good,False,,,,,,,,,,,,,False,,,
109044433,https://www.idealista.com/inmueble/109044433/,sale,Córdoba,Córdoba,37.8935472,-4.7640922,True,,,Levante - Lepanto - Fátima,Levante,,,,independantHouse,259.0,,,8,1,,False,,False,,,,,good,,,,,,,,,,,,,,False,,,
111584418,https://www.idealista.com/inmueble/111584418/,sale,Córdoba,Córdoba,37.8806523,-4.7899642,True,,,Ciudad Jardín,Ciudad Jardín,,,,flat,55.0,,,1,1,,False,,False,,,,,good,True,,,,,,,,,,,,,False,,3,
110875303,https://www.idealista.com/inmueble/110875303/,sale,Córdoba,Córdoba,37.8807297,-4.7825901,True,,,Centro - Casco Histórico,Centro,,,,flat,78.0,,,3,1,,False,,False,,,,,renew,False,,,,,,,,,,,,,True,,3,
89058296,https://www.idealista.com/inmueble/89058296/,sale,Córdoba,Córdoba,37.8919226,-4.7882286,True,,,Noreña - Figueroa,Carretera Trassierra - Colonia de la Paz,,,,flat,55.0,,,1,1,,False,,False,,,,,good,True,,,,,,,,,,,,,False,,bj,
111459278,https://www.idealista.com/inmueble/111459278/,sale,Córdoba,Córdoba,37.8945838,-4.7575985,True,,,Levante - Lepanto - Fátima,El Cairo,,,,flat,63.0,,,3,1,,False,,False,,,,,good,False,,,,,,,,,,,,,False,,1,
111474151,https://www.idealista.com/inmueble/111474151/,sale,Córdoba,Córdoba,37.8823953,-4.7828159,True,,,Centro - Casco Histórico,Judería - San Basilio,,,,flat,57.0,,,2,1,,False,,False,,,,,good,False,,,,,,,,,,,,,False,,1,
89403145,https://www.idealista.com/inmueble/89403145/,sale,Córdoba,Córdoba,37.8701272,-4.7757826,True,,,Campo de la Verdad,Campo de la Verdad,,,,independantHouse,240.0,,,5,3,,False,,False,,,,,good,,,,,,,,,,,,,,True,,,
109978067,https://www.idealista.com/inmueble/109978067/,sale,Córdoba,Córdoba,37.8827697,-4.7704415,True,,,Centro - Casco Histórico,Casco Histórico - Corredera - Ribera,,,,flat,114.0,,,3,2,,False,,False,,,,,renew,False,,,,,,,,,,,,,False,,1,
111006047,https://www.idealista.com/inmueble/111006047/,sale,Córdoba,Córdoba,37.8896585,-4.757138,True,,,Fuensanta - Zona Arcángel,Cañero - Fidiana,,,,independantHouse,144.0,,,3,2,,False,,False,,,,,good,,,,,,,,,,,,,,False,,,
111393985,https://www.idealista.com/inmueble/111393985/,sale,Córdoba,Córdoba,37.8964704,-4.7732488,True,,,Santa Rosa - Valdeolleros,Valdeolleros - Zumbacón - Camping,,,,flat,108.0,,,3,1,,False,,False,,,,,good,True,,,,,,,,,,,,,False,,,
111516877,https://www.idealista.com/inmueble/111516877/,sale,Córdoba,Córdoba,37.8925585,-4.7888935,True,,,Noreña - Figueroa,Carretera Trassierra - Colonia de la Paz,,,,flat,51.0,,,1,1,,False,,False,,,,,good,True,,,,,,,,,,,,,False,,,
110756853,https://www.idealista.com/inmueble/110756853/,sale,Córdoba,Córdoba,37.8846693,-4.7743973,True,,,Centro - Casco Histórico,Casco Histórico - Corredera - Ribera,,,,flat,120.0,,,4,2,,False,,False,,,,,good,False,,,,,,,,,,,,,True,,1,
110740836,https://www.idealista.com/inmueble/110740836/,sale,Córdoba,Córdoba,37.8847926,-4.8035662,True,,,Noreña - Figueroa,Noreña - Turruñuelos,,,,independantHouse,200.0,,,4,3,,False,,False,,,,,renew,,,,,,,,,,,,,,False,,,
26731832,https://www.idealista.com/inmueble/26731832/,sale,Córdoba,Córdoba,37.8956795,-4.8079673,True,,,Noreña - Figueroa,Tablero,,,,independantHouse,160.0,,,4,3,,False,,False,,,,,good,,,,,,,,,,,,,,True,,,
88430819,https://www.idealista.com/inmueble/88430819/,sale,Córdoba,Córdoba,37.8820292,-4.78882,True,,,Ciudad Jardín,Ciudad Jardín,,,,flat,80.0,,,2,1,,False,,False,,,,,good,True,,,,,,,,,,,,,False,,1,
111077744,https://www.idealista.com/inmueble/111077744/,sale,Córdoba,Córdoba,37.8802068,-4.7923297,True,,,Ciudad Jardín,Ciudad Jardín,,,,flat,40.0,,,1,1,,False,,False,,,,,good,False,,,,,,,,,,,,,False,,bj,
110693747,https://www.idealista.com/inmueble/110693747/,sale,Córdoba,Córdoba,37.8833642,-4.7881931,True,,,Ciudad Jardín,Ciudad Jardín,,,,flat,80.0,,,1,1,,False,,False,,,,,renew,False,,,,,,,,,,,,,True,,1,
111963707,https://www.idealista.com/inmueble/111963707/,sale,Córdoba,Córdoba,37.8929008,-4.761891,True,,,Levante - Lepanto - Fátima,La Viñuela,,,,flat,73.0,,,3,1,,False,,False,,,,,renew,,,,,,,,,,,,,,False,,2,
106966569,https://www.idealista.com/inmueble/106966569/,sale,Córdoba,Córdoba,37.8960055,-4.8118724,True,,,Noreña - Figueroa,Tablero,,,,independantHouse,200.0,,,4,3,,False,,False,,,,,good,,,,,,,,,,,,,,True,,,
111178548,https://www.idealista.com/inmueble/111178548/,sale,Córdoba,Córdoba,37.8857162,-4.8127619,True,,,Noreña - Figueroa,Miralbaida - Parque Azahara,,,,flat,92.0,,,3,2,,False,,False,,,,,good,True,,,,,,,,,,,,,False,,,
111602478,https://www.idealista.com/inmueble/111602478/,sale,Córdoba,Córdoba,37.8603172,-4.7846228,True,,,Sector sur - Santa Cruz,Sector sur - Santa Cruz,,,,flat,81.0,,,3,2,,False,,False,,,,,good,False,,,,,,,,,,,,,False,,,
107862484,https://www.idealista.com/inmueble/107862484/,sale,Córdoba,Córdoba,37.8763359,-4.7838944,True,,,Centro - Casco Histórico,Judería - San Basilio,,,,flat,80.0,,,3,1,,False,,False,,,,,good,False,,,,,,,,,,,,,False,,bj,
111363472,https://www.idealista.com/inmueble/111363472/,sale,Córdoba,Córdoba,37.8654997,-4.7768245,True,,,Sector sur - Santa Cruz,Sector sur - Santa Cruz,,,,flat,54.0,,,2,1,,False,,False,,,,,good,False,,,,,,,,,,,,,False,,4,
106876455,https://www.idealista.com/inmueble/106876455/,sale,Córdoba,Córdoba,37.8853791,-4.7701811,True,,,Centro - Casco Histórico,Casco Histórico - Corredera - Ribera,,,,independantHouse,206.0,,,5,3,,False,,False,,,,,renew,,,,,,,,,,,,,,True,,,
111149446,https://www.idealista.com/inmueble/111149446/,sale,Córdoba,Córdoba,37.893584,-4.7572706,True,,,Levante - Lepanto - Fátima,El Cairo,,,,flat,78.0,,,3,1,,False,,False,,,,,good,True,,,,,,,,,,,,,False,,4,
111691386,https://www.idealista.com/inmueble/111691386/,sale,Córdoba,Córdoba,37.8881108,-4.7720634,True,,,Centro - Casco Histórico,Casco Histórico - Ollerías - Marrubial,,,,flat,60.0,,,2,1,,False,,False,,,,,renew,False,,,,,,,,,,,,,False,,,
99464288,https://www.idealista.com/inmueble/99464288/,sale,Córdoba,Córdoba,37.9001072,-4.7588647,True,,,Levante - Lepanto - Fátima,Fátima - Campiñuela,,,,independantHouse,250.0,,,6,3,,False,,False,,,,,good,,,,,,,,,,,,,,True,,,
108897277,https://www.idealista.com/inmueble/108897277/,sale,Córdoba,Córdoba,37.8972437,-4.77652,True,,,Santa Rosa - Valdeolleros,Valdeolleros - Zumbacón - Camping,,,,independantHouse,109.0,,,3,2,,False,,False,,,,,good,,,,,,,,,,,,,,False,,,
109043273,https://www.idealista.com/inmueble/109043273/,sale,Córdoba,Córdoba,37.8907049,-4.7585126,True,,,Levante - Lepanto - Fátima,La Viñuela,,,,flat,50.0,,,1,1,,False,,False,,,,,good,False,,,,,,,,,,,,,False,,bj,
106799222,https://www.idealista.com/inmueble/106799222/,sale,Córdoba,Córdoba,37.9079396,-4.7785136,True,,,Brillante - Trassierra - Naranjo,Naranjo - Mirabueno,,,,independantHouse,236.0,,,3,4,,False,,False,,,,,good,,,,,,,,,,,,,,True,,,
111692216,https://www.idealista.com/inmueble/111692216/,sale,Córdoba,Córdoba,37.8901958,-4.7704648,True,,,Centro - Casco Histórico,Casco Histórico - Ollerías - Marrubial,,,,flat,64.0,,,3,1,,False,,False,,,,,renew,False,,,,,,,,,,,,,False,,,
111716052,https://www.idealista.com/inmueble/111716052/,sale,Córdoba,Córdoba,37.9004324,-4.7563002,True,,,Levante - Lepanto - Fátima,Fátima - Campiñuela,,,,flat,69.0,,,3,2,,False,,False,,,,,good,False,,,,,,,,,,,,,False,,3,
107305022,https://www.idealista.com/inmueble/107305022/,sale,Córdoba,Córdoba,37.890219,-4.7686088,True,,,Centro - Casco Histórico,Casco Histórico - Ollerías - Marrubial,,,,independantHouse,542.0,,,8,2,,False,,False,,,,,renew,,,,,,,,,,,,,,True,,,
110684014,https://www.idealista.com/inmueble/110684014/,sale,Córdoba,Córdoba,37.8893966,-4.7609135,True,,,Levante - Lepanto - Fátima,La Viñuela,,,,flat,91.0,,,3,1,,False,,False,,,,,good,False,,,,,,,,,,,,,True,,1,
111196901,https://www.idealista.com/inmueble/111196901/,sale,Córdoba,Córdoba,37.860338,-4.7771296,True,,,Sector sur - Santa Cruz,Sector sur - Santa Cruz,,,,flat,57.0,,,3,1,,False,,False,,,,,good,False,,,,,,,,,,,,,False,,3,
97950842,https://www.idealista.com/inmueble/97950842/,sale,Córdoba,Córdoba,37.9035834,-4.7268326,True,,,Fuensanta - Zona Arcángel,Las Quemadas - Las Quemadillas,,,,independantHouse,150.0,,,3,2,,False,,False,,,,,good,,,,,,,,,,,,,,False,,,
111715827,https://www.idealista.com/inmueble/111715827/,sale,Córdoba,Córdoba,37.865654,-4.7734887,True,,,Campo de la Verdad,Campo de la Verdad,,,,independantHouse,36.0,,,2,1,,False,,False,,,,,good,,,,,,,,,,,,,,False,,,
107767783,https://www.idealista.com/inmueble/107767783/,sale,Córdoba,Córdoba,37.8882436,-4.7771687,True,,,Centro - Casco Histórico,Casco Histórico - Ollerías - Marrubial,,,,flat,100.0,,,3,2,,False,,False,,,,,good,False,,,,,,,,,,,,,False,,1,
111581697,https://www.idealista.com/inmueble/111581697/,sale,Córdoba,Córdoba,37.8924731,-4.7961565,True,,,Noreña - Figueroa,Carretera Trassierra - Colonia de la Paz,,,,flat,86.0,,,3,1,,False,,False,,,,,good,True,,,,,,,,,,,,,False,,1,
109278653,https://www.idealista.com/inmueble/109278653/,sale,Córdoba,Córdoba,37.8955947,-4.7592729,True,,,Levante - Lepanto - Fátima,Levante,,,,flat,73.0,,,2,1,,False,,False,,,,,good,False,,,,,,,,,,,,,False,,3,
107684655,https://www.idealista.com/inmueble/107684655/,sale,Córdoba,Córdoba,37.8601828,-4.7768717,True,,,Sector sur - Santa Cruz,Sector sur - Santa Cruz,,,,flat,61.0,,,2,1,,False,,False,,,,,good,False,,,,,,,,,,,,,False,,1,
101173639,https://www.idealista.com/inmueble/101173639/,sale,Córdoba,Córdoba,37.8836206,-4.7706876,True,,,Centro - Casco Histórico,Casco Histórico - Corredera - Ribera,,,,independantHouse,484.0,,,10,5,,False,,False,,,,,renew,,,,,,,,,,,,,,False,,,
111630267,https://www.idealista.com/inmueble/111630267/,sale,Córdoba,Córdoba,37.9003001,-4.7783624,True,,,Santa Rosa - Valdeolleros,Valdeolleros - Zumbacón - Camping,,,,flat,68.0,,,3,1,,False,,False,,,,,good,False,,,,,,,,,,,,,False,,2,
111462842,https://www.idealista.com/inmueble/111462842/,sale,Córdoba,Córdoba,37.8953703,-4.7794812,True,,,Santa Rosa - Valdeolleros,Santa Rosa - San José,,,,flat,696.0,,,3,2,,False,,False,,,,,good,,,,,,,,,,,,,,False,,,
107203798,https://www.idealista.com/inmueble/107203798/,sale,Córdoba,Córdoba,37.8847231,-4.773523,True,,,Centro - Casco Histórico,Casco Histórico - Corredera - Ribera,,,,chalet,225.0,,,6,3,,False,,False,,,,,renew,,,,,,,,,,,,,,False,,,
110009162,https://www.idealista.com/inmueble/110009162/,sale,Córdoba,Córdoba,37.8808136,-4.7654434,True,,,Fuensanta - Zona Arcángel,Fuensanta - Arcángel - Santuario,,,,flat,150.0,,,5,2,,False,,False,,,,,good,False,,,,,,,,,,,,,False,,1,
108865824,https://www.idealista.com/inmueble/108865824/,sale,Córdoba,Córdoba,37.8800413,-4.8139191,True,,,Noreña - Figueroa,Miralbaida - Parque Azahara,,,,flat,67.0,,,2,1,,False,,False,,,,,good,False,,,,,,,,,,,,,False,,1,
110091406,https://www.idealista.com/inmueble/110091406/,sale,Córdoba,Córdoba,37.8670373,-4.7708947,True,,,Campo de la Verdad,Campo de la Verdad,,,,flat,44.0,,,1,1,,False,,False,,,,,good,False,,,,,,,,,,,,,False,,1,
111843337,https://www.idealista.com/inmueble/111843337/,sale,Córdoba,Córdoba,37.8796515,-4.8176722,True,,,Noreña - Figueroa,Miralbaida - Parque Azahara,,,,flat,113.0,,,2,1,,False,,False,,,,,good,False,,,,,,,,,,,,,False,,4,
112226259,https://www.idealista.com/inmueble/112226259/,sale,Córdoba,Córdoba,37.8663058,-4.7726311,True,,,Campo de la Verdad,Campo de la Verdad,,,,independantHouse,86.0,,,4,1,,False,,False,,,,,good,,,,,,,,,,,,,,False,,,
110681156,https://www.idealista.com/inmueble/110681156/,sale,Córdoba,Córdoba,37.8654554,-4.7783526,True,,,Sector sur - Santa Cruz,Sector sur - Santa Cruz,,,,flat,48.0,,,2,1,,False,,False,,,,,good,False,,,,,,,,,,,,,False,,bj,
111518095,https://www.idealista.com/inmueble/111518095/,sale,Córdoba,Córdoba,37.9188175,-4.7986372,True,,,Brillante - Trassierra - Naranjo,Brillante,,,,independantHouse,300.0,,,5,3,,False,,False,,,,,good,,,,,,,,,,,,,,True,,,
110906027,https://www.idealista.com/inmueble/110906027/,sale,Córdoba,Córdoba,37.8848955,-4.7703117,True,,,Centro - Casco Histórico,Casco Histórico - Corredera - Ribera,,,,independantHouse,240.0,,,3,2,,False,,False,,,,,good,,,,,,,,,,,,,,False,,,
470860,https://www.idealista.com/inmueble/470860/,sale,Córdoba,Córdoba,37.8797628,-4.7819175,True,,,Centro - Casco Histórico,Judería - San Basilio,,,,flat,72.0,,,2,2,,False,,False,,,,,good,False,,,,,,,,,,,,,False,,bj,
110543852,https://www.idealista.com/inmueble/110543852/,sale,Córdoba,Córdoba,37.864514,-4.7748098,True,,,Campo de la Verdad,Campo de la Verdad,,,,independantHouse,46.0,,,1,1,,False,,False,,,,,good,,,,,,,,,,,,,,False,,,
112052800,https://www.idealista.com/inmueble/112052800/,sale,Córdoba,Córdoba,37.8846002,-4.8160341,True,,,Noreña - Figueroa,Miralbaida - Parque Azahara,,,,flat,98.0,,,3,2,,False,,False,,,,,good,True,,,,,,,,,,,,,True,,1,
110677758,https://www.idealista.com/inmueble/110677758/,sale,Córdoba,Córdoba,37.8879016,-4.7632395,True,,,Levante - Lepanto - Fátima,La Viñuela,,,,flat,100.0,,,3,1,,False,,False,,,,,good,False,,,,,,,,,,,,,False,,1,
98526576,https://www.idealista.com/inmueble/98526576/,sale,Córdoba,Córdoba,37.8743483,-4.7863198,True,,,Centro - Casco Histórico,Judería - San Basilio,,,,independantHouse,238.0,,,6,3,,False,,False,,,,,good,,,,,,,,,,,,,,False,,,
106546434,https://www.idealista.com/inmueble/106546434/,sale,Córdoba,Córdoba,37.8882392,-4.778882,True,,,Centro - Casco Histórico,Centro,,,,flat,125.0,,,3,2,,False,,False,,,,,renew,False,,,,,,,,,,,,,False,,2,
97659966,https://www.idealista.com/inmueble/97659966/,sale,Córdoba,Córdoba,37.8846364,-4.7715442,True,,,Centro - Casco Histórico,Casco Histórico - Corredera - Ribera,,,,terracedHouse,480.0,,,7,3,,False,,False,,,,,good,,,,,,,,,,,,,,True,,,
103000853,https://www.idealista.com/inmueble/103000853/,sale,Córdoba,Córdoba,37.8793363,-4.7784597,True,,,Centro - Casco Histórico,Judería - San Basilio,,,,duplex,135.0,,,3,1,,True,,False,,,,,good,False,,,,,,,,,,,,,False,,2,
107304839,https://www.idealista.com/inmueble/107304839/,sale,Córdoba,Córdoba,37.8882455,-4.7711604,True,,,Centro - Casco Histórico,Casco Histórico - Ollerías - Marrubial,,,,independantHouse,80.0,,,0,0,,False,,False,,,,,renew,,,,,,,,,,,,,,False,,,
103687773,https://www.idealista.com/inmueble/103687773/,sale,Córdoba,Córdoba,37.8818562,-4.7729304,True,,,Centro - Casco Histórico,Casco Histórico - Corredera - Ribera,,,,flat,85.0,,,2,1,,False,,False,,,,,good,False,,,,,,,,,,,,,False,,1,
96304712,https://www.idealista.com/inmueble/96304712/,sale,Córdoba,Córdoba,37.8808059,-4.773799,True,,,Centro - Casco Histórico,Casco Histórico - Corredera - Ribera,,,,duplex,41.0,,,1,1,,True,,False,,,,,good,False,,,,,,,,,,,,,False,,2,
111244476,https://www.idealista.com/inmueble/111244476/,sale,Córdoba,Córdoba,37.8649406,-4.7770238,True,,,Sector sur - Santa Cruz,Sector sur - Santa Cruz,,,,flat,50.0,,,2,1,,False,,False,,,,,good,,,,,,,,,,,,,,False,,,
112098404,https://www.idealista.com/inmueble/112098404/,sale,Córdoba,Córdoba,37.8817043,-4.7921002,True,,,Ciudad Jardín,Ciudad Jardín,,,,flat,104.0,,,3,2,,False,,False,,,,,good,False,,,,,,,,,,,,,False,,,
111131161,https://www.idealista.com/inmueble/111131161/,sale,Córdoba,Córdoba,37.8635273,-4.7775058,True,,,Sector sur - Santa Cruz,Sector sur - Santa Cruz,,,,flat,50.0,,,2,1,,False,,False,,,,,good,,,,,,,,,,,,,,False,,,
105555044,https://www.idealista.com/inmueble/105555044/,sale,Córdoba,Córdoba,37.8792678,-4.7911395,True,,,Ciudad Jardín,Ciudad Jardín,,,,flat,68.0,,,3,1,,False,,False,,,,,good,False,,,,,,,,,,,,,False,,4,
111197882,https://www.idealista.com/inmueble/111197882/,sale,Córdoba,Córdoba,37.8875911,-4.7797591,True,,,Centro - Casco Histórico,Centro,,,,flat,200.0,,,6,2,,False,,False,,,,,good,True,,,,,,,,,,,,,False,,,
111507538,https://www.idealista.com/inmueble/111507538/,sale,Córdoba,Córdoba,37.8999293,-4.7595839,True,,,Levante - Lepanto - Fátima,Fátima - Campiñuela,,,,flat,90.0,,,3,1,,False,,False,,,,,good,,,,,,,,,,,,,,False,,,
105867396,https://www.idealista.com/inmueble/105867396/,sale,Córdoba,Córdoba,37.8831614,-4.7688871,True,,,Centro - Casco Histórico,Casco Histórico - Corredera - Ribera,,,,independantHouse,400.0,,,13,7,,False,,False,,,,,good,,,,,,,,,,,,,,False,,,
36218359,https://www.idealista.com/inmueble/36218359/,sale,Córdoba,Córdoba,37.870376,-4.7739634,True,,,Campo de la Verdad,Campo de la Verdad,,,,independantHouse,75.0,,,1,1,,False,,False,,,,,renew,,,,,,,,,,,,,,False,,,
98413969,https://www.idealista.com/inmueble/98413969/,sale,Córdoba,Córdoba,37.8844566,-4.7792427,True,,,Centro - Casco Histórico,Centro,,,,flat,110.0,,,3,1,,False,,False,,,,,good,True,,,,,,,,,,,,,True,,6,
112225756,https://www.idealista.com/inmueble/112225756/,sale,Córdoba,Córdoba,37.9012071,-4.7613911,True,,,Levante - Lepanto - Fátima,Fátima - Campiñuela,,,,terracedHouse,206.0,,,4,2,,False,,False,,,,,renew,,,,,,,,,,,,,,False,,,
105569761,https://www.idealista.com/inmueble/105569761/,sale,Córdoba,Córdoba,37.8748921,-4.7722176,True,,,Campo de la Verdad,Campo de la Verdad,,,,independantHouse,92.0,,,4,1,,False,,False,,,,,good,,,,,,,,,,,,,,False,,,
105849649,https://www.idealista.com/inmueble/105849649/,sale,Córdoba,Córdoba,37.8796551,-4.7628376,True,,,Fuensanta - Zona Arcángel,Fuensanta - Arcángel - Santuario,,,,flat,77.0,,,2,1,,False,,False,,,,,renew,False,,,,,,,,,,,,,True,,1,
105973031,https://www.idealista.com/inmueble/105973031/,sale,Córdoba,Córdoba,37.8831778,-4.771885,True,,,Centro - Casco Histórico,Casco Histórico - Corredera - Ribera,,,,duplex,57.0,,,1,1,,True,,False,,,,,good,False,,,,,,,,,,,,,False,,1,
111762767,https://www.idealista.com/inmueble/111762767/,sale,Córdoba,Córdoba,37.856645,-4.8165815,True,,,Periurbano oeste,El Higuerón,,,,countryHouse,98.0,,,1,1,,False,,False,,,,,good,,,,,,,,,,,,,,False,,,
111160115,https://www.idealista.com/inmueble/111160115/,sale,Córdoba,Córdoba,37.8816573,-4.7894963,True,,,Ciudad Jardín,Ciudad Jardín,,,,flat,61.0,,,2,1,,False,,False,,,,,renew,False,,,,,,,,,,,,,True,,1,
111837528,https://www.idealista.com/inmueble/111837528/,sale,Córdoba,Córdoba,37.879949,-4.7914178,True,,,Ciudad Jardín,Ciudad Jardín,,,,terracedHouse,240.0,,,6,3,,False,,False,,,,,good,,,,,,,,,,,,,,False,,,
107725473,https://www.idealista.com/inmueble/107725473/,sale,Córdoba,Córdoba,37.8948596,-4.7861046,False,,,Santa Rosa - Valdeolleros,Huerta de la Reina,,,,semidetachedHouse,530.0,,,3,3,,False,,False,,,,,good,,,,,,,,,,,,,,True,,,
110787840,https://www.idealista.com/inmueble/110787840/,sale,Córdoba,Córdoba,37.8847258,-4.7832199,True,,,Centro - Casco Histórico,Centro,,,,flat,58.0,,,2,1,,False,,False,,,,,good,True,,,,,,,,,,,,,False,,7,
111509276,https://www.idealista.com/inmueble/111509276/,sale,Córdoba,Córdoba,37.9180987,-4.7986714,False,,,Brillante - Trassierra - Naranjo,Brillante,,,,independantHouse,400.0,,,5,4,,False,,False,,,,,good,,,,,,,,,,,,,,True,,,
112210471,https://www.idealista.com/inmueble/112210471/,sale,Córdoba,Córdoba,37.8832471,-4.7892024,True,,,Ciudad Jardín,Ciudad Jardín,,,,flat,93.0,,,4,2,,False,,False,,,,,good,True,,,,,,,,,,,,,False,,1,
111671324,https://www.idealista.com/inmueble/111671324/,sale,Córdoba,Córdoba,37.8795995,-4.7916509,True,,,Ciudad Jardín,Ciudad Jardín,,,,flat,90.0,,,4,2,,False,,False,,,,,good,True,,,,,,,,,,,,,False,,1,
