id,url,operation,state,location_id,ubication__latitude,ubication__longitude,ubication__hasHiddenAddress,ubication__administrativeAreaLevel1,ubication__administrativeAreaLevel2,ubication__administrativeAreaLevel3,ubication__administrativeAreaLevel4,commercialDataId,price raw,house type,extendedPropertyType,constructedArea,usableArea,plotOfLand,roomNumber,bathNumber,isInTopFloor,isDuplex,flatLocation,isStudio,agencyIsABank,isPenthouse,energyCertificationType,energyPerformance,status,lift,isAuction,boxroom,swimmingPool,chimney,garden,communityCosts,heaterType1,heaterType2,construction year,manyFloors,orientation,terrace,has garage,garage price,floorNumber,air conditioning
111804550,https://www.idealista.com/inmueble/111804550/,sale,Córdoba,Córdoba,37.9244149,-4.7904127,True,es,Córdoba,Brillante - Trassierra - Naranjo,Brillante,,655000.0,chalet,independantHouse,489.0,,,5,5,,False,,False,,,,,good,,,,,,,,,,,,,,True,,,
111759522,https://www.idealista.com/inmueble/111759522/,sale,Córdoba,Córdoba,37.8939959,-4.8003175,True,es,Córdoba,Noreña - Figueroa,Tablero,,410000.0,penthouse,penthouse,130.0,,,3,2,,False,,False,,,,,good,True,,,,,,,,,,,,,True,,5,
110898990,https://www.idealista.com/inmueble/110898990/,sale,Córdoba,Córdoba,37.8786809,-4.7987798,True,es,Córdoba,Zoco - Poniente - Vistalegre,Zoco - Poniente,,375000.0,flat,flat,120.0,,,3,2,,False,,False,,,,,good,True,,,,,,,,,,,,,True,,,
109756504,https://www.idealista.com/obra-nueva/109756504/,sale,Córdoba,Córdoba,37.868662,-4.7944257,False,es,Córdoba,Zoco - Poniente - Vistalegre,Vistalegre - Parque Cruz - Universidades,,251138.0,flat,flat,90.0,,,2,2,,False,,False,,,,,newdevelopment,True,,,,,,,,,,,,,True,,3,
109100668,https://www.idealista.com/inmueble/109100668/,sale,Córdoba,Córdoba,37.8857466,-4.7805568,True,es,Córdoba,Centro - Casco Histórico,Centro,,475000.0,flat,flat,168.0,,,4,2,,False,,False,,,,,good,True,,,,,,,,,,,,,True,,2,
111895431,https://www.idealista.com/inmueble/111895431/,sale,Córdoba,Córdoba,37.8966726,-4.7738112,True,es,Córdoba,Santa Rosa - Valdeolleros,Valdeolleros - Zumbacón - Camping,,305000.0,flat,flat,108.0,,,3,2,,False,,False,,,,,good,True,,,,,,,,,,,,,True,,3,
112182541,https://www.idealista.com/inmueble/112182541/,sale,Córdoba,Córdoba,37.8908724,-4.7662503,True,es,Córdoba,Centro - Casco Histórico,Casco Histórico - Ollerías - Marrubial,,145500.0,flat,flat,69.0,,,2,1,,False,,False,,,,,good,False,,,,,,,,,,,,,False,,1,
112020297,https://www.idealista.com/inmueble/112020297/,sale,Córdoba,Córdoba,37.896956,-4.8078365,True,es,Córdoba,Noreña - Figueroa,Tablero,,550000.0,chalet,terracedHouse,285.0,,,5,3,,False,,False,,,,,good,,,,,,,,,,,,,,True,,,
110701571,https://www.idealista.com/inmueble/110701571/,sale,Córdoba,Córdoba,37.9063722,-4.8037989,True,es,Córdoba,Brillante - Trassierra - Naranjo,Brillante,,720000.0,chalet,terracedHouse,394.0,,,5,3,,False,,False,,,,,good,,,,,,,,,,,,,,True,,,
110147462,https://www.idealista.com/inmueble/110147462/,sale,Córdoba,Córdoba,37.879254,-4.7826743,True,es,Córdoba,Centro - Casco Histórico,Judería - San Basilio,,360000.0,flat,flat,190.0,,,5,3,,False,,False,,,,,good,True,,,,,,,,,,,,,True,,1,
112355147,https://www.idealista.com/inmueble/112355147/,sale,Córdoba,Córdoba,37.8981634,-4.7558614,True,es,Córdoba,Levante - Lepanto - Fátima,Fátima - Campiñuela,,147500.0,flat,flat,85.0,,,3,1,,False,,False,,,,,good,False,,,,,,,,,,,,,False,,1,
109756584,https://www.idealista.com/obra-nueva/109756584/,sale,Córdoba,Córdoba,37.868662,-4.7944257,False,es,Córdoba,Zoco - Poniente - Vistalegre,Vistalegre - Parque Cruz - Universidades,,439467.0,penthouse,penthouse,152.0,,,4,2,,False,,False,,,,,newdevelopment,True,,,,,,,,,,,,,True,,6,
112082885,https://www.idealista.com/inmueble/112082885/,sale,Córdoba,Córdoba,37.8889049,-4.7759682,True,es,Córdoba,Centro - Casco Histórico,Casco Histórico - Ollerías - Marrubial,,1799000.0,chalet,chalet,568.0,,,5,3,,False,,False,,,,,good,,,,,,,,,,,,,,True,,,
112654602,https://www.idealista.com/inmueble/112654602/,sale,Córdoba,Córdoba,37.8847943,-4.8043389,False,es,Córdoba,Noreña - Figueroa,Noreña - Turruñuelos,,279000.0,flat,flat,103.0,,,4,2,,False,,False,,,,,good,True,,,,,,,,,,,,,True,,1,
110375469,https://www.idealista.com/obra-nueva/110375469/,sale,Córdoba,Córdoba,37.868662,-4.7944257,False,es,Córdoba,Zoco - Poniente - Vistalegre,Vistalegre - Parque Cruz - Universidades,,314340.0,flat,flat,118.0,,,3,2,,False,,False,,,,,newdevelopment,True,,,,,,,,,,,,,True,,2,
112691288,https://www.idealista.com/inmueble/112691288/,sale,Córdoba,Córdoba,37.8903039,-4.7697811,True,es,Córdoba,Centro - Casco Histórico,Casco Histórico - Ollerías - Marrubial,,135900.0,flat,flat,60.0,,,3,1,,False,,False,,,,,good,False,,,,,,,,,,,,,False,,1,
112699513,https://www.idealista.com/inmueble/112699513/,sale,Córdoba,Córdoba,37.8798548,-4.7859158,True,es,Córdoba,Ciudad Jardín,Ciudad Jardín,,183000.0,flat,flat,96.0,,,3,2,,False,,False,,,,,renew,True,,,,,,,,,,,,,False,,1,
112666212,https://www.idealista.com/inmueble/112666212/,sale,Córdoba,Córdoba,37.8814126,-4.7907272,False,es,Córdoba,Ciudad Jardín,Ciudad Jardín,,299000.0,flat,flat,215.0,,,5,3,,False,,False,,,,,good,True,,,,,,,,,,,,,True,,6,
112553797,https://www.idealista.com/inmueble/112553797/,sale,Córdoba,Córdoba,37.8863165,-4.7910093,False,es,Córdoba,Centro - Casco Histórico,Cercadilla - Medina Azahara,,204000.0,flat,flat,77.0,,,3,2,,False,,False,,,,,good,True,,,,,,,,,,,,,True,,1,
112015844,https://www.idealista.com/inmueble/112015844/,sale,Córdoba,Córdoba,37.8844705,-4.7865619,False,es,Córdoba,Ciudad Jardín,Ciudad Jardín,,205000.0,flat,flat,97.0,,,2,1,,False,,False,,,,,good,True,,,,,,,,,,,,,False,,1,
110892565,https://www.idealista.com/inmueble/110892565/,sale,Córdoba,Córdoba,37.8894001,-4.7631924,False,es,Córdoba,Levante - Lepanto - Fátima,La Viñuela,,149900.0,flat,flat,77.0,,,3,1,,False,,False,,,,,good,True,,,,,,,,,,,,,False,,3,
111915182,https://www.idealista.com/inmueble/111915182/,sale,Córdoba,Córdoba,37.8806938,-4.7750014,False,es,Córdoba,Centro - Casco Histórico,Casco Histórico - Corredera - Ribera,,185000.0,flat,flat,80.0,,,2,1,,False,,False,,,,,good,False,,,,,,,,,,,,,False,,2,
112066959,https://www.idealista.com/inmueble/112066959/,sale,Córdoba,Córdoba,37.8814126,-4.7907272,False,es,Córdoba,Ciudad Jardín,Ciudad Jardín,,299000.0,flat,flat,215.0,,,5,3,,False,,False,,,,,good,True,,,,,,,,,,,,,True,,6,
112679994,https://www.idealista.com/inmueble/112679994/,sale,Córdoba,Córdoba,37.8949458,-4.7989617,True,es,Córdoba,Noreña - Figueroa,Tablero,,490000.0,flat,flat,152.0,,,4,2,,False,,False,,,,,good,True,,,,,,,,,,,,,True,,4,
112383371,https://www.idealista.com/inmueble/112383371/,sale,Córdoba,Córdoba,37.884157,-4.7883593,True,es,Córdoba,Ciudad Jardín,Ciudad Jardín,,205000.0,flat,flat,97.0,,,2,1,,False,,False,,,,,good,True,,,,,,,,,,,,,False,,1,
107372250,https://www.idealista.com/inmueble/107372250/,sale,Córdoba,Córdoba,37.9020265,-4.8073019,True,es,Córdoba,Noreña - Figueroa,Tablero,,450000.0,flat,flat,150.0,,,3,2,,False,,False,,,,,good,True,,,,,,,,,,,,,True,,bj,
112654658,https://www.idealista.com/inmueble/112654658/,sale,Córdoba,Córdoba,37.8936427,-4.7707526,True,es,Córdoba,Centro - Casco Histórico,San Cayetano,,149900.0,flat,flat,75.0,,,1,1,,False,,False,,,,,good,False,,,,,,,,,,,,,False,,,
111372976,https://www.idealista.com/inmueble/111372976/,sale,Córdoba,Córdoba,37.8872793,-4.8066804,False,es,Córdoba,Noreña - Figueroa,Noreña - Turruñuelos,,315000.0,flat,flat,111.0,,,3,2,,False,,False,,,,,good,True,,,,,,,,,,,,,True,,5,
111261253,https://www.idealista.com/inmueble/111261253/,sale,Córdoba,Córdoba,37.8842914,-4.7950292,True,es,Córdoba,Ciudad Jardín,Ciudad Jardín,,193000.0,flat,flat,89.0,,,3,1,,False,,False,,,,,good,True,,,,,,,,,,,,,False,,1,
111945831,https://www.idealista.com/inmueble/111945831/,sale,Córdoba,Córdoba,37.8890636,-4.7679571,False,es,Córdoba,Centro - Casco Histórico,Casco Histórico - Ollerías - Marrubial,,259000.0,duplex,duplex,110.0,,,3,2,,True,,False,,,,,good,False,,,,,,,,,,,,,True,,,
112441337,https://www.idealista.com/inmueble/112441337/,sale,Córdoba,Córdoba,37.8854108,-4.7795031,True,es,Córdoba,Centro - Casco Histórico,Centro,,150000.0,flat,flat,67.0,,,2,1,,False,,False,,,,,good,False,,,,,,,,,,,,,False,,bj,
112607750,https://www.idealista.com/inmueble/112607750/,sale,Córdoba,Córdoba,37.8844705,-4.7865619,False,es,Córdoba,Ciudad Jardín,Ciudad Jardín,,205000.0,flat,flat,97.0,,,2,1,,False,,False,,,,,good,True,,,,,,,,,,,,,False,,1,
111962135,https://www.idealista.com/inmueble/111962135/,sale,Córdoba,Córdoba,37.8733625,-4.7773622,True,es,Córdoba,Sector sur - Santa Cruz,Sector sur - Santa Cruz,,157000.0,flat,flat,73.0,,,3,1,,False,,False,,,,,good,False,,,,,,,,,,,,,False,,2,
111244777,https://www.idealista.com/inmueble/111244777/,sale,Córdoba,Córdoba,37.9085319,-4.7805527,True,es,Córdoba,Brillante - Trassierra - Naranjo,Naranjo - Mirabueno,,153000.0,flat,flat,108.0,,,3,3,,False,,False,,,,,good,False,,,,,,,,,,,,,False,,en,
112383123,https://www.idealista.com/inmueble/112383123/,sale,Córdoba,Córdoba,37.8883884,-4.7745622,True,es,Córdoba,Centro - Casco Histórico,Casco Histórico - Ollerías - Marrubial,,325000.0,chalet,independantHouse,118.0,,,4,2,,False,,False,,,,,good,,,,,,,,,,,,,,False,,,
108058374,https://www.idealista.com/inmueble/108058374/,sale,Córdoba,Córdoba,37.8860422,-4.7803057,True,es,Córdoba,Centro - Casco Histórico,Centro,,185000.0,flat,flat,63.0,,,1,1,,False,,False,,,,,good,False,,,,,,,,,,,,,False,,bj,
109401505,https://www.idealista.com/inmueble/109401505/,sale,Córdoba,Córdoba,37.8838624,-4.7785304,True,es,Córdoba,Centro - Casco Histórico,Centro,,350000.0,chalet,chalet,376.0,,,3,2,,False,,False,,,,,good,,,,,,,,,,,,,,False,,,
112153220,https://www.idealista.com/inmueble/112153220/,sale,Córdoba,Córdoba,37.8898217,-4.7625868,False,es,Córdoba,Levante - Lepanto - Fátima,La Viñuela,,153500.0,flat,flat,114.0,,,3,1,,False,,False,,,,,good,False,,,,,,,,,,,,,False,,1,
111645123,https://www.idealista.com/inmueble/111645123/,sale,Córdoba,Córdoba,37.8756414,-4.7926244,False,es,Córdoba,Zoco - Poniente - Vistalegre,Vistalegre - Parque Cruz - Universidades,,360000.0,flat,flat,184.0,,,5,2,,False,,False,,,,,good,True,,,,,,,,,,,,,True,,1,
112509052,https://www.idealista.com/inmueble/112509052/,sale,Córdoba,Córdoba,37.8959601,-4.7718187,True,es,Córdoba,Centro - Casco Histórico,San Cayetano,,239000.0,chalet,terracedHouse,150.0,,,4,3,,False,,False,,,,,good,,,,,,,,,,,,,,False,,,
112505298,https://www.idealista.com/inmueble/112505298/,sale,Córdoba,Córdoba,37.8790151,-4.7753791,True,es,Córdoba,Centro - Casco Histórico,Casco Histórico - Corredera - Ribera,,220000.0,flat,flat,123.0,,,4,2,,False,,False,,,,,good,False,,,,,,,,,,,,,False,,1,
111525077,https://www.idealista.com/inmueble/111525077/,sale,Córdoba,Córdoba,37.8867799,-4.7786111,True,es,Córdoba,Centro - Casco Histórico,Centro,,460000.0,chalet,independantHouse,186.0,,,3,2,,False,,False,,,,,good,,,,,,,,,,,,,,False,,,
112499885,https://www.idealista.com/inmueble/112499885/,sale,Córdoba,Córdoba,37.8853582,-4.7780188,True,es,Córdoba,Centro - Casco Histórico,Casco Histórico - Ollerías - Marrubial,,165000.0,flat,flat,49.0,,,2,1,,False,,False,,,,,good,False,,,,,,,,,,,,,False,,2,
111329738,https://www.idealista.com/inmueble/111329738/,sale,Córdoba,Córdoba,37.89314,-4.7586823,True,es,Córdoba,Levante - Lepanto - Fátima,La Viñuela,,205000.0,flat,flat,80.0,,,3,2,,False,,False,,,,,good,True,,,,,,,,,,,,,False,,,
112028213,https://www.idealista.com/inmueble/112028213/,sale,Córdoba,Córdoba,37.8839092,-4.771125,False,es,Córdoba,Centro - Casco Histórico,Casco Histórico - Corredera - Ribera,,184900.0,flat,flat,109.0,,,2,2,,False,,False,,,,,good,False,,,,,,,,,,,,,False,,1,
110939222,https://www.idealista.com/inmueble/110939222/,sale,Córdoba,Córdoba,37.8979964,-4.7624039,True,es,Córdoba,Levante - Lepanto - Fátima,Fátima - Campiñuela,,119000.0,studio,studio,42.0,,,0,1,,False,,True,,,,,good,False,,,,,,,,,,,,,False,,bj,
111318185,https://www.idealista.com/inmueble/111318185/,sale,Córdoba,Córdoba,37.8831444,-4.7785801,True,es,Córdoba,Centro - Casco Histórico,Judería - San Basilio,,169000.0,flat,flat,60.0,,,1,1,,False,,False,,,,,good,False,,,,,,,,,,,,,False,,bj,
111376150,https://www.idealista.com/inmueble/111376150/,sale,Córdoba,Córdoba,37.8847653,-4.7941124,True,es,Córdoba,Ciudad Jardín,Ciudad Jardín,,193000.0,flat,flat,100.0,,,3,1,,False,,False,,,,,good,True,,,,,,,,,,,,,False,,1,
111394069,https://www.idealista.com/inmueble/111394069/,sale,Córdoba,Córdoba,37.8845691,-4.777993,True,es,Córdoba,Centro - Casco Histórico,Judería - San Basilio,,152000.0,flat,flat,45.0,,,1,1,,False,,False,,,,,good,False,,,,,,,,,,,,,False,,1,
110499756,https://www.idealista.com/inmueble/110499756/,sale,Córdoba,Córdoba,37.9034919,-4.7890188,True,es,Córdoba,Noreña - Figueroa,Tablero,,780000.0,chalet,independantHouse,460.0,,,6,3,,False,,False,,,,,good,,,,,,,,,,,,,,True,,,
111432238,https://www.idealista.com/inmueble/111432238/,sale,Córdoba,Córdoba,37.8928304,-4.7808462,True,es,Córdoba,Centro - Casco Histórico,El Vial - Ronda de Tejares,,320000.0,flat,flat,115.0,,,2,2,,False,,False,,,,,good,True,,,,,,,,,,,,,True,,3,
111919201,https://www.idealista.com/inmueble/111919201/,sale,Córdoba,Córdoba,37.8771877,-4.7982335,True,es,Córdoba,Zoco - Poniente - Vistalegre,Zoco - Poniente,,295000.0,flat,flat,97.0,,,3,2,,False,,False,,,,,good,True,,,,,,,,,,,,,False,,5,
112145195,https://www.idealista.com/inmueble/112145195/,sale,Córdoba,Córdoba,37.8856473,-4.7748405,True,es,Córdoba,Centro - Casco Histórico,Casco Histórico - Corredera - Ribera,,495000.0,flat,flat,252.0,,,5,3,,False,,False,,,,,good,True,,,,,,,,,,,,,False,,3,
111324134,https://www.idealista.com/inmueble/111324134/,sale,Córdoba,Córdoba,37.8852299,-4.7752563,True,es,Córdoba,Centro - Casco Histórico,Casco Histórico - Ollerías - Marrubial,,310000.0,flat,flat,205.0,,,7,4,,False,,False,,,,,good,False,,,,,,,,,,,,,False,,2,
110916057,https://www.idealista.com/inmueble/110916057/,sale,Córdoba,Córdoba,37.885796,-4.768336,False,es,Córdoba,Centro - Casco Histórico,Casco Histórico - Corredera - Ribera,,148000.0,flat,flat,88.0,,,3,1,,False,,False,,,,,good,True,,,,,,,,,,,,,False,,1,
111676016,https://www.idealista.com/inmueble/111676016/,sale,Córdoba,Córdoba,37.8889436,-4.7500441,True,es,Córdoba,Fuensanta - Zona Arcángel,Cañero - Fidiana,,410000.0,chalet,chalet,196.0,,,3,3,,False,,False,,,,,good,,,,,,,,,,,,,,True,,,
111833857,https://www.idealista.com/inmueble/111833857/,sale,Córdoba,Córdoba,37.8836663,-4.7737092,True,es,Córdoba,Centro - Casco Histórico,Casco Histórico - Corredera - Ribera,,550000.0,chalet,chalet,364.0,,,7,4,,False,,False,,,,,good,,,,,,,,,,,,,,False,,,
111577680,https://www.idealista.com/inmueble/111577680/,sale,Córdoba,Córdoba,37.8877315,-4.7839833,True,es,Córdoba,Centro - Casco Histórico,El Vial - Ronda de Tejares,,380000.0,flat,flat,124.0,,,3,2,,False,,False,,,,,good,True,,,,,,,,,,,,,False,,1,
111987622,https://www.idealista.com/inmueble/111987622/,sale,Córdoba,Córdoba,37.8883527,-4.7891596,True,es,Córdoba,Centro - Casco Histórico,Cercadilla - Medina Azahara,,354000.0,flat,flat,111.0,,,4,2,,False,,False,,,,,good,True,,,,,,,,,,,,,False,,bj,
110942570,https://www.idealista.com/inmueble/110942570/,sale,Córdoba,Córdoba,37.89532,-4.7744701,True,es,Córdoba,Santa Rosa - Valdeolleros,Valdeolleros - Zumbacón - Camping,,169000.0,flat,flat,103.0,,,4,1,,False,,False,,,,,good,True,,,,,,,,,,,,,False,,1,
111950562,https://www.idealista.com/inmueble/111950562/,sale,Córdoba,Córdoba,37.8976096,-4.7814888,True,es,Córdoba,Santa Rosa - Valdeolleros,Santa Rosa - San José,,250000.0,flat,flat,150.0,,,4,2,,False,,False,,,,,good,False,,,,,,,,,,,,,False,,2,
111181557,https://www.idealista.com/inmueble/111181557/,sale,Córdoba,Córdoba,37.880564,-4.7832938,True,es,Córdoba,Centro - Casco Histórico,Judería - San Basilio,,159900.0,flat,flat,90.0,,,3,1,,False,,False,,,,,good,False,,,,,,,,,,,,,False,,,
112143544,https://www.idealista.com/inmueble/112143544/,sale,Córdoba,Córdoba,37.8776144,-4.7912269,True,es,Córdoba,Ciudad Jardín,Ciudad Jardín,,229900.0,flat,flat,129.0,,,4,2,,False,,False,,,,,good,True,,,,,,,,,,,,,False,,1,
110463419,https://www.idealista.com/inmueble/110463419/,sale,Córdoba,Córdoba,37.8816497,-4.7912153,True,es,Córdoba,Ciudad Jardín,Ciudad Jardín,,190000.0,penthouse,penthouse,80.0,,,2,1,,False,,False,,,,,good,True,,,,,,,,,,,,,False,,5,
111370368,https://www.idealista.com/inmueble/111370368/,sale,Córdoba,Córdoba,37.8978248,-4.7806973,True,es,Córdoba,Santa Rosa - Valdeolleros,Santa Rosa - San José,,160000.0,flat,flat,63.0,,,3,1,,False,,False,,,,,good,True,,,,,,,,,,,,,False,,2,
111972204,https://www.idealista.com/inmueble/111972204/,sale,Córdoba,Córdoba,37.8864521,-4.7779208,True,es,Córdoba,Centro - Casco Histórico,Casco Histórico - Ollerías - Marrubial,,155000.0,flat,flat,49.0,,,2,1,,False,,False,,,,,good,False,,,,,,,,,,,,,False,,2,
112501458,https://www.idealista.com/inmueble/112501458/,sale,Córdoba,Córdoba,37.8858328,-4.7929369,True,es,Córdoba,Centro - Casco Histórico,Cercadilla - Medina Azahara,,470000.0,flat,flat,188.0,,,6,6,,False,,False,,,,,good,False,,,,,,,,,,,,,False,,,
112506401,https://www.idealista.com/inmueble/112506401/,sale,Córdoba,Córdoba,37.8856096,-4.7889056,True,es,Córdoba,Centro - Casco Histórico,Cercadilla - Medina Azahara,,615000.0,flat,flat,272.0,,,6,6,,False,,False,,,,,good,False,,,,,,,,,,,,,False,,,
111641386,https://www.idealista.com/inmueble/111641386/,sale,Córdoba,Córdoba,37.8971944,-4.7944471,True,es,Córdoba,Noreña - Figueroa,Tablero,,255000.0,flat,flat,109.0,,,3,2,,False,,False,,,,,good,True,,,,,,,,,,,,,True,,4,
111328206,https://www.idealista.com/inmueble/111328206/,sale,Córdoba,Córdoba,37.8926476,-4.7647374,True,es,Córdoba,Levante - Lepanto - Fátima,La Viñuela,,149900.0,penthouse,penthouse,80.0,,,3,1,,False,,False,,,,,good,False,,,,,,,,,,,,,False,,4,
93553566,https://www.idealista.com/inmueble/93553566/,sale,Córdoba,Córdoba,37.8896811,-4.7818605,True,es,Córdoba,Centro - Casco Histórico,El Vial - Ronda de Tejares,,350000.0,flat,flat,129.0,,,3,2,,False,,False,,,,,good,True,,,,,,,,,,,,,False,,2,
112051440,https://www.idealista.com/inmueble/112051440/,sale,Córdoba,Córdoba,37.8883492,-4.7757362,True,es,Córdoba,Centro - Casco Histórico,Casco Histórico - Ollerías - Marrubial,,325000.0,chalet,independantHouse,118.0,,,4,2,,False,,False,,,,,good,,,,,,,,,,,,,,False,,,
110868181,https://www.idealista.com/inmueble/110868181/,sale,Córdoba,Córdoba,37.8861906,-4.8075821,True,es,Córdoba,Noreña - Figueroa,Noreña - Turruñuelos,,315000.0,flat,flat,111.0,,,3,2,,False,,False,,,,,good,True,,,,,,,,,,,,,True,,5,
112654142,https://www.idealista.com/inmueble/112654142/,sale,Córdoba,Córdoba,37.8981687,-4.7758485,True,es,Córdoba,Santa Rosa - Valdeolleros,Valdeolleros - Zumbacón - Camping,,169000.0,flat,flat,103.0,,,4,1,,False,,False,,,,,good,False,,,,,,,,,,,,,False,,1,
111875974,https://www.idealista.com/inmueble/111875974/,sale,Córdoba,Córdoba,37.8995565,-4.8109087,True,es,Córdoba,Noreña - Figueroa,Tablero,,300000.0,chalet,terracedHouse,140.0,,,4,3,,False,,False,,,,,good,,,,,,,,,,,,,,True,,,
104700897,https://www.idealista.com/inmueble/104700897/,sale,Córdoba,Córdoba,37.8798663,-4.776759,True,es,Córdoba,Centro - Casco Histórico,Judería - San Basilio,,249000.0,penthouse,penthouse,129.0,,,3,2,,False,,False,,,,,good,False,,,,,,,,,,,,,False,,2,
112025751,https://www.idealista.com/inmueble/112025751/,sale,Córdoba,Córdoba,37.903729,-4.7810229,False,es,Córdoba,Brillante - Trassierra - Naranjo,Brillante,,535000.0,chalet,independantHouse,205.0,,,4,3,,False,,False,,,,,good,,,,,,,,,,,,,,True,,,
110734411,https://www.idealista.com/inmueble/110734411/,sale,Córdoba,Córdoba,37.8877982,-4.7720959,True,es,Córdoba,Centro - Casco Histórico,Casco Histórico - Corredera - Ribera,,198000.0,flat,flat,119.0,,,4,2,,False,,False,,,,,good,False,,,,,,,,,,,,,False,,,
111259889,https://www.idealista.com/inmueble/111259889/,sale,Córdoba,Córdoba,37.8857083,-4.7737516,True,es,Córdoba,Centro - Casco Histórico,Casco Histórico - Corredera - Ribera,,480000.0,chalet,independantHouse,494.0,,,9,4,,False,,False,,,,,good,,,,,,,,,,,,,,False,,,
112311529,https://www.idealista.com/inmueble/112311529/,sale,Córdoba,Córdoba,37.8950749,-4.7645407,True,es,Córdoba,Levante - Lepanto - Fátima,Levante,,190000.0,flat,flat,113.0,,,3,2,,False,,False,,,,,good,True,,,,,,,,,,,,,False,,3,
111957858,https://www.idealista.com/inmueble/111957858/,sale,Córdoba,Córdoba,37.8957806,-4.7712891,False,es,Córdoba,Santa Rosa - Valdeolleros,Valdeolleros - Zumbacón - Camping,,424800.0,penthouse,penthouse,126.0,,,4,2,,False,,False,,,,,good,True,,,,,,,,,,,,,True,,3,
111919167,https://www.idealista.com/inmueble/111919167/,sale,Córdoba,Córdoba,37.8991836,-4.7787115,True,es,Córdoba,Santa Rosa - Valdeolleros,Valdeolleros - Zumbacón - Camping,,139900.0,flat,flat,67.0,,,3,1,,False,,False,,,,,good,False,,,,,,,,,,,,,False,,3,
112527077,https://www.idealista.com/inmueble/112527077/,sale,Córdoba,Córdoba,37.8834138,-4.762945,True,es,Córdoba,Fuensanta - Zona Arcángel,Fuensanta - Arcángel - Santuario,,179900.0,flat,flat,105.0,,,3,2,,False,,False,,,,,good,True,,,,,,,,,,,,,False,,7,
112674216,https://www.idealista.com/inmueble/112674216/,sale,Córdoba,Córdoba,37.9046556,-4.7875898,True,es,Córdoba,Brillante - Trassierra - Naranjo,Brillante,,489000.0,chalet,independantHouse,180.0,,,5,4,,False,,False,,,,,good,,,,,,,,,,,,,,True,,,
112686175,https://www.idealista.com/inmueble/112686175/,sale,Córdoba,Córdoba,37.8976837,-4.7822737,True,es,Córdoba,Santa Rosa - Valdeolleros,Santa Rosa - San José,,180000.0,flat,flat,113.0,,,3,2,,False,,False,,,,,renew,True,,,,,,,,,,,,,False,,1,
111664124,https://www.idealista.com/inmueble/111664124/,sale,Córdoba,Córdoba,37.8849131,-4.7906286,True,es,Córdoba,Ciudad Jardín,Ciudad Jardín,,144900.0,flat,flat,60.0,,,2,1,,False,,False,,,,,good,False,,,,,,,,,,,,,False,,3,
112550710,https://www.idealista.com/inmueble/112550710/,sale,Córdoba,Córdoba,37.888204,-4.7540509,True,es,Córdoba,Fuensanta - Zona Arcángel,Cañero - Fidiana,,309900.0,chalet,terracedHouse,216.0,,,4,3,,False,,False,,,,,good,,,,,,,,,,,,,,True,,,
112564745,https://www.idealista.com/inmueble/112564745/,sale,Córdoba,Córdoba,37.8802854,-4.7938023,True,es,Córdoba,Zoco - Poniente - Vistalegre,Zoco - Poniente,,250000.0,flat,flat,100.0,,,4,2,,False,,False,,,,,good,True,,,,,,,,,,,,,True,,4,
111911703,https://www.idealista.com/inmueble/111911703/,sale,Córdoba,Córdoba,37.8837415,-4.7549613,True,es,Córdoba,Fuensanta - Zona Arcángel,Fuensanta - Arcángel - Santuario,,129900.0,flat,flat,72.0,,,3,1,,False,,False,,,,,good,True,,,,,,,,,,,,,False,,2,
112038335,https://www.idealista.com/inmueble/112038335/,sale,Córdoba,Córdoba,37.880317,-4.772233,True,es,Córdoba,Centro - Casco Histórico,Casco Histórico - Corredera - Ribera,,117900.0,flat,flat,43.0,,,1,1,,False,,False,,,,,good,False,,,,,,,,,,,,,False,,bj,
112577202,https://www.idealista.com/inmueble/112577202/,sale,Córdoba,Córdoba,37.8961059,-4.7687841,True,es,Córdoba,Santa Rosa - Valdeolleros,Valdeolleros - Zumbacón - Camping,,255000.0,chalet,terracedHouse,141.0,,,3,3,,False,,False,,,,,good,,,,,,,,,,,,,,True,,,
111424196,https://www.idealista.com/inmueble/111424196/,sale,Córdoba,Córdoba,37.8908739,-4.8016271,True,es,Córdoba,Noreña - Figueroa,Noreña - Turruñuelos,,235000.0,flat,flat,85.0,,,2,1,,False,,False,,,,,good,True,,,,,,,,,,,,,True,,4,
111853095,https://www.idealista.com/inmueble/111853095/,sale,Córdoba,Córdoba,37.8964171,-4.795449,True,es,Córdoba,Noreña - Figueroa,Tablero,,335000.0,flat,flat,110.0,,,3,2,,False,,False,,,,,good,True,,,,,,,,,,,,,True,,1,
105112815,https://www.idealista.com/inmueble/105112815/,sale,Córdoba,Córdoba,37.8884914,-4.7669688,True,es,Córdoba,Centro - Casco Histórico,Casco Histórico - Ollerías - Marrubial,,140000.0,chalet,terracedHouse,116.0,,,4,2,,False,,False,,,,,renew,,,,,,,,,,,,,,False,,,
111563829,https://www.idealista.com/inmueble/111563829/,sale,Córdoba,Córdoba,37.8966971,-4.7833872,True,es,Córdoba,Santa Rosa - Valdeolleros,Santa Rosa - San José,,219000.0,flat,flat,115.0,,,4,2,,False,,False,,,,,good,True,,,,,,,,,,,,,True,,3,
110384906,https://www.idealista.com/inmueble/110384906/,sale,Córdoba,Córdoba,37.89714,-4.7664993,True,es,Córdoba,Levante - Lepanto - Fátima,Levante,,180000.0,flat,flat,125.0,,,4,2,,False,,False,,,,,good,False,,,,,,,,,,,,,False,,2,
112452739,https://www.idealista.com/inmueble/112452739/,sale,Córdoba,Córdoba,37.8906103,-4.7686092,True,es,Córdoba,Centro - Casco Histórico,Casco Histórico - Ollerías - Marrubial,,145500.0,flat,flat,69.0,,,2,1,,False,,False,,,,,good,False,,,,,,,,,,,,,False,,1,
111821982,https://www.idealista.com/inmueble/111821982/,sale,Córdoba,Córdoba,37.8947927,-4.7936065,True,es,Córdoba,Noreña - Figueroa,Tablero,,285000.0,flat,flat,131.0,,,4,2,,False,,False,,,,,good,True,,,,,,,,,,,,,True,,4,
111837655,https://www.idealista.com/inmueble/111837655/,sale,Córdoba,Córdoba,37.8820467,-4.7910729,True,es,Córdoba,Ciudad Jardín,Ciudad Jardín,,205000.0,flat,flat,138.0,,,4,2,,False,,False,,,,,good,False,,,,,,,,,,,,,False,,2,
112094503,https://www.idealista.com/inmueble/112094503/,sale,Córdoba,Córdoba,37.8809908,-4.7835713,True,es,Córdoba,Centro - Casco Histórico,Judería - San Basilio,,152000.0,flat,flat,44.0,,,1,1,,False,,False,,,,,good,False,,,,,,,,,,,,,False,,1,
111404659,https://www.idealista.com/inmueble/111404659/,sale,Córdoba,Córdoba,37.8902954,-4.774381,True,es,Córdoba,Centro - Casco Histórico,Casco Histórico - Ollerías - Marrubial,,189900.0,flat,flat,95.0,,,4,2,,False,,False,,,,,good,False,,,,,,,,,,,,,False,,1,
111967267,https://www.idealista.com/inmueble/111967267/,sale,Córdoba,Córdoba,37.8968447,-4.7763344,True,es,Córdoba,Santa Rosa - Valdeolleros,Valdeolleros - Zumbacón - Camping,,125000.0,flat,flat,61.0,,,2,1,,False,,False,,,,,good,False,,,,,,,,,,,,,False,,3,
112596189,https://www.idealista.com/inmueble/112596189/,sale,Córdoba,Córdoba,37.9055264,-4.8210498,True,es,Córdoba,Brillante - Trassierra - Naranjo,Brillante,,550000.0,chalet,independantHouse,548.0,,,5,3,,False,,False,,,,,good,,,,,,,,,,,,,,False,,,
112411216,https://www.idealista.com/inmueble/112411216/,sale,Córdoba,Córdoba,37.868983,-4.7925888,True,es,Córdoba,Zoco - Poniente - Vistalegre,Vistalegre - Parque Cruz - Universidades,,240000.0,flat,flat,100.0,,,4,1,,False,,False,,,,,good,True,,,,,,,,,,,,,False,,2,
112514176,https://www.idealista.com/inmueble/112514176/,sale,Córdoba,Córdoba,37.8863246,-4.7793478,True,es,Córdoba,Centro - Casco Histórico,Centro,,360000.0,flat,flat,85.0,,,2,2,,False,,False,,,,,good,False,,,,,,,,,,,,,False,,2,
112631610,https://www.idealista.com/inmueble/112631610/,sale,Córdoba,Córdoba,37.8983841,-4.7591622,True,es,Córdoba,Levante - Lepanto - Fátima,Fátima - Campiñuela,,149500.0,flat,flat,85.0,,,3,1,,False,,False,,,,,good,False,,,,,,,,,,,,,False,,2,
112433242,https://www.idealista.com/inmueble/112433242/,sale,Córdoba,Córdoba,37.8961925,-4.7713996,True,es,Córdoba,Centro - Casco Histórico,San Cayetano,,239000.0,chalet,independantHouse,147.0,,,4,3,,False,,False,,,,,good,,,,,,,,,,,,,,False,,,
110973088,https://www.idealista.com/inmueble/110973088/,sale,Córdoba,Córdoba,37.8892902,-4.7859546,True,es,Córdoba,Centro - Casco Histórico,El Vial - Ronda de Tejares,,250000.0,flat,flat,102.0,,,3,2,,False,,False,,,,,good,True,,,,,,,,,,,,,False,,3,
110182088,https://www.idealista.com/inmueble/110182088/,sale,Córdoba,Córdoba,37.8795422,-4.7730569,True,es,Córdoba,Centro - Casco Histórico,Casco Histórico - Corredera - Ribera,,243000.0,flat,flat,86.0,,,2,1,,False,,False,,,,,good,True,,,,,,,,,,,,,False,,2,
112023570,https://www.idealista.com/inmueble/112023570/,sale,Córdoba,Córdoba,37.8949716,-4.78466,True,es,Córdoba,Santa Rosa - Valdeolleros,Huerta de la Reina,,195000.0,flat,flat,110.0,,,4,2,,False,,False,,,,,good,False,,,,,,,,,,,,,False,,1,
112106421,https://www.idealista.com/inmueble/112106421/,sale,Córdoba,Córdoba,37.9041895,-4.789869,True,es,Córdoba,Brillante - Trassierra - Naranjo,Brillante,,489000.0,chalet,independantHouse,180.0,,,5,4,,False,,False,,,,,good,,,,,,,,,,,,,,True,,,
112157311,https://www.idealista.com/inmueble/112157311/,sale,Córdoba,Córdoba,37.8914189,-4.7641964,True,es,Córdoba,Levante - Lepanto - Fátima,La Viñuela,,107000.0,flat,flat,67.0,,,3,1,,False,,False,,,,,renew,False,,,,,,,,,,,,,False,,3,
110686210,https://www.idealista.com/inmueble/110686210/,sale,Córdoba,Córdoba,37.9118825,-4.8007908,True,es,Córdoba,Brillante - Trassierra - Naranjo,Brillante,,1200000.0,chalet,independantHouse,800.0,,,11,9,,False,,False,,,,,good,,,,,,,,,,,,,,False,,,
108050017,https://www.idealista.com/inmueble/108050017/,sale,Córdoba,Córdoba,37.8819468,-4.7724435,True,es,Córdoba,Centro - Casco Histórico,Casco Histórico - Corredera - Ribera,,700000.0,chalet,independantHouse,205.0,,,4,5,,False,,False,,,,,good,,,,,,,,,,,,,,True,,,
111256983,https://www.idealista.com/inmueble/111256983/,sale,Córdoba,Córdoba,37.9079098,-4.7788167,True,es,Córdoba,Brillante - Trassierra - Naranjo,Naranjo - Mirabueno,,280000.0,chalet,chalet,186.0,,,4,2,,False,,False,,,,,good,,,,,,,,,,,,,,False,,,
108037940,https://www.idealista.com/inmueble/108037940/,sale,Córdoba,Córdoba,37.883546,-4.7761476,True,es,Córdoba,Centro - Casco Histórico,Judería - San Basilio,,408000.0,flat,flat,192.0,,,4,2,,False,,False,,,,,good,True,,,,,,,,,,,,,False,,1,
111808884,https://www.idealista.com/inmueble/111808884/,sale,Córdoba,Córdoba,37.8797679,-4.790256,True,es,Córdoba,Ciudad Jardín,Ciudad Jardín,,225000.0,flat,flat,138.0,,,4,2,,False,,False,,,,,good,False,,,,,,,,,,,,,False,,2,
111711847,https://www.idealista.com/inmueble/111711847/,sale,Córdoba,Córdoba,37.924146,-4.7519106,True,es,Córdoba,Brillante - Trassierra - Naranjo,Paraíso Arenal - La Colina,,280000.0,chalet,independantHouse,252.0,,,4,3,,False,,False,,,,,good,,,,,,,,,,,,,,True,,,
112665791,https://www.idealista.com/inmueble/112665791/,sale,Córdoba,Córdoba,37.8870859,-4.7758084,True,es,Córdoba,Centro - Casco Histórico,Casco Histórico - Corredera - Ribera,,550000.0,flat,flat,260.0,,,3,3,,False,,False,,,,,good,True,,,,,,,,,,,,,False,,2,
112107769,https://www.idealista.com/inmueble/112107769/,sale,Córdoba,Córdoba,37.8860046,-4.7825595,True,es,Córdoba,Centro - Casco Histórico,El Vial - Ronda de Tejares,,515000.0,flat,flat,182.0,,,6,3,,False,,False,,,,,good,True,,,,,,,,,,,,,False,,4,
111496750,https://www.idealista.com/inmueble/111496750/,sale,Córdoba,Córdoba,37.8944135,-4.77088,True,es,Córdoba,Centro - Casco Histórico,San Cayetano,,179000.0,flat,flat,90.0,,,3,2,,False,,False,,,,,good,True,,,,,,,,,,,,,False,,bj,
110962511,https://www.idealista.com/inmueble/110962511/,sale,Córdoba,Córdoba,37.8844678,-4.7817492,True,es,Córdoba,Centro - Casco Histórico,Centro,,360000.0,flat,flat,162.0,,,4,3,,False,,False,,,,,good,True,,,,,,,,,,,,,False,,,
112410075,https://www.idealista.com/inmueble/112410075/,sale,Córdoba,Córdoba,37.8912354,-4.7855272,True,es,Córdoba,Centro - Casco Histórico,El Vial - Ronda de Tejares,,210000.0,flat,flat,104.0,,,3,2,,False,,False,,,,,good,True,,,,,,,,,,,,,False,,7,
111442901,https://www.idealista.com/inmueble/111442901/,sale,Córdoba,Córdoba,37.8930572,-4.8052418,True,es,Córdoba,Noreña - Figueroa,Tablero,,665000.0,flat,flat,182.0,,,5,3,,False,,False,,,,,good,True,,,,,,,,,,,,,True,,1,
112065275,https://www.idealista.com/inmueble/112065275/,sale,Córdoba,Córdoba,37.8880896,-4.7743392,True,es,Córdoba,Centro - Casco Histórico,Casco Histórico - Ollerías - Marrubial,,210000.0,flat,flat,57.0,,,2,1,,False,,False,,,,,good,False,,,,,,,,,,,,,True,,1,
110362149,https://www.idealista.com/inmueble/110362149/,sale,Córdoba,Córdoba,37.9007754,-4.7570613,True,es,Córdoba,Levante - Lepanto - Fátima,Fátima - Campiñuela,,130000.0,flat,flat,68.0,,,3,1,,False,,False,,,,,good,True,,,,,,,,,,,,,False,,2,
111361865,https://www.idealista.com/inmueble/111361865/,sale,Córdoba,Córdoba,37.8839325,-4.7923877,True,es,Córdoba,Ciudad Jardín,Ciudad Jardín,,179000.0,flat,flat,73.0,,,3,1,,False,,False,,,,,good,True,,,,,,,,,,,,,False,,1,
112598742,https://www.idealista.com/inmueble/112598742/,sale,Córdoba,Córdoba,37.8965749,-4.7776996,True,es,Córdoba,Santa Rosa - Valdeolleros,Santa Rosa - San José,,155000.0,flat,flat,83.0,,,3,1,,False,,False,,,,,good,True,,,,,,,,,,,,,False,,2,
110054137,https://www.idealista.com/inmueble/110054137/,sale,Córdoba,Córdoba,37.8830734,-4.7738194,True,es,Córdoba,Centro - Casco Histórico,Casco Histórico - Corredera - Ribera,,280000.0,flat,flat,97.0,,,2,2,,False,,False,,,,,good,False,,,,,,,,,,,,,False,,,
112555044,https://www.idealista.com/inmueble/112555044/,sale,Córdoba,Córdoba,37.8840786,-4.7605693,True,es,Córdoba,Fuensanta - Zona Arcángel,Fuensanta - Arcángel - Santuario,,175000.0,flat,flat,89.0,,,3,2,,False,,False,,,,,good,True,,,,,,,,,,,,,False,,7,
112379871,https://www.idealista.com/inmueble/112379871/,sale,Córdoba,Córdoba,37.8829121,-4.7759271,True,es,Córdoba,Centro - Casco Histórico,Casco Histórico - Corredera - Ribera,,330000.0,flat,flat,130.0,,,3,3,,False,,False,,,,,good,True,,,,,,,,,,,,,False,,2,
112445683,https://www.idealista.com/inmueble/112445683/,sale,Córdoba,Córdoba,37.8868356,-4.7855687,True,es,Córdoba,Centro - Casco Histórico,Centro,,239000.0,flat,flat,120.0,,,3,2,,False,,False,,,,,good,True,,,,,,,,,,,,,False,,2,
112462474,https://www.idealista.com/inmueble/112462474/,sale,Córdoba,Córdoba,37.8982252,-4.7777985,True,es,Córdoba,Santa Rosa - Valdeolleros,Santa Rosa - San José,,125000.0,flat,flat,45.0,,,1,1,,False,,False,,,,,good,False,,,,,,,,,,,,,False,,bj,
112298350,https://www.idealista.com/inmueble/112298350/,sale,Córdoba,Córdoba,37.8984812,-4.7708017,True,es,Córdoba,Santa Rosa - Valdeolleros,Valdeolleros - Zumbacón - Camping,,290000.0,chalet,terracedHouse,141.0,,,3,1,,False,,False,,,,,good,,,,,,,,,,,,,,False,,,
112097758,https://www.idealista.com/inmueble/112097758/,sale,Córdoba,Córdoba,37.9027882,-4.801124,True,es,Córdoba,Noreña - Figueroa,Tablero,,599157.0,flat,flat,445.0,,,3,2,,False,,False,,,,,good,True,,,,,,,,,,,,,True,,,
111524262,https://www.idealista.com/inmueble/111524262/,sale,Córdoba,Córdoba,37.8893935,-4.7716838,True,es,Córdoba,Centro - Casco Histórico,Casco Histórico - Ollerías - Marrubial,,94500.0,flat,flat,53.0,,,3,1,,False,,False,,,,,good,False,,,,,,,,,,,,,False,,3,
110771480,https://www.idealista.com/inmueble/110771480/,sale,Córdoba,Córdoba,37.8895203,-4.7809012,True,es,Córdoba,Centro - Casco Histórico,El Vial - Ronda de Tejares,,330000.0,flat,flat,135.0,,,4,2,,False,,False,,,,,good,True,,,,,,,,,,,,,False,,,
111755660,https://www.idealista.com/inmueble/111755660/,sale,Córdoba,Córdoba,37.9127477,-4.7834258,True,es,Córdoba,Brillante - Trassierra - Naranjo,Brillante,,1350000.0,chalet,independantHouse,434.0,,,3,3,,False,,False,,,,,good,,,,,,,,,,,,,,True,,,
111788896,https://www.idealista.com/inmueble/111788896/,sale,Córdoba,Córdoba,37.8905481,-4.7685654,True,es,Córdoba,Centro - Casco Histórico,Casco Histórico - Ollerías - Marrubial,,154800.0,flat,flat,77.0,,,3,1,,False,,False,,,,,renew,False,,,,,,,,,,,,,False,,2,
104631772,https://www.idealista.com/inmueble/104631772/,sale,Córdoba,Córdoba,37.9222012,-4.7953943,True,es,Córdoba,Brillante - Trassierra - Naranjo,Brillante,,690000.0,chalet,independantHouse,320.0,,,9,6,,False,,False,,,,,good,,,,,,,,,,,,,,False,,,
107317574,https://www.idealista.com/inmueble/107317574/,sale,Córdoba,Córdoba,37.8976041,-4.7806555,True,es,Córdoba,Santa Rosa - Valdeolleros,Valdeolleros - Zumbacón - Camping,,350000.0,chalet,chalet,103.0,,,3,2,,False,,False,,,,,good,,,,,,,,,,,,,,False,,,
111895295,https://www.idealista.com/inmueble/111895295/,sale,Córdoba,Córdoba,37.8904119,-4.7684232,True,es,Córdoba,Centro - Casco Histórico,Casco Histórico - Ollerías - Marrubial,,88500.0,flat,flat,26.0,,,2,1,,False,,False,,,,,good,False,,,,,,,,,,,,,False,,bj,
108544268,https://www.idealista.com/inmueble/108544268/,sale,Córdoba,Córdoba,37.8896939,-4.7740175,True,es,Córdoba,Centro - Casco Histórico,Casco Histórico - Ollerías - Marrubial,,175000.0,flat,flat,97.0,,,3,1,,False,,False,,,,,good,False,,,,,,,,,,,,,False,,1,
108688205,https://www.idealista.com/inmueble/108688205/,sale,Córdoba,Córdoba,37.8846469,-4.7692935,True,es,Córdoba,Centro - Casco Histórico,Casco Histórico - Corredera - Ribera,,206000.0,flat,flat,113.0,,,2,1,,False,,False,,,,,good,False,,,,,,,,,,,,,False,,1,
111453174,https://www.idealista.com/inmueble/111453174/,sale,Córdoba,Córdoba,37.8767918,-4.7925161,True,es,Córdoba,Zoco - Poniente - Vistalegre,Vistalegre - Parque Cruz - Universidades,,360000.0,flat,flat,184.0,,,5,2,,False,,False,,,,,good,True,,,,,,,,,,,,,True,,1,
112143136,https://www.idealista.com/inmueble/112143136/,sale,Córdoba,Córdoba,37.8772544,-4.7844913,True,es,Córdoba,Centro - Casco Histórico,Judería - San Basilio,,135000.0,flat,flat,56.0,,,1,1,,False,,False,,,,,good,True,,,,,,,,,,,,,False,,bj,
112041120,https://www.idealista.com/inmueble/112041120/,sale,Córdoba,Córdoba,37.8921378,-4.7686105,True,es,Córdoba,Centro - Casco Histórico,Casco Histórico - Ollerías - Marrubial,,105000.0,flat,flat,45.0,,,1,1,,False,,False,,,,,good,False,,,,,,,,,,,,,False,,bj,
110677921,https://www.idealista.com/inmueble/110677921/,sale,Córdoba,Córdoba,37.8810721,-4.7885538,True,es,Córdoba,Ciudad Jardín,Ciudad Jardín,,119900.0,flat,flat,70.0,,,1,1,,False,,False,,,,,good,False,,,,,,,,,,,,,False,,bj,
111177868,https://www.idealista.com/inmueble/111177868/,sale,Córdoba,Córdoba,37.8815856,-4.7923959,True,es,Córdoba,Ciudad Jardín,Ciudad Jardín,,175000.0,flat,flat,100.0,,,3,1,,False,,False,,,,,good,False,,,,,,,,,,,,,False,,4,
109280704,https://www.idealista.com/inmueble/109280704/,sale,Córdoba,Córdoba,37.8918589,-4.7657146,True,es,Córdoba,Levante - Lepanto - Fátima,La Viñuela,,144999.0,flat,flat,78.0,,,3,1,,False,,False,,,,,good,False,,,,,,,,,,,,,False,,1,
110857681,https://www.idealista.com/inmueble/110857681/,sale,Córdoba,Córdoba,37.8901489,-4.7605283,True,es,Córdoba,Levante - Lepanto - Fátima,La Viñuela,,150000.0,flat,flat,67.0,,,2,1,,False,,False,,,,,good,False,,,,,,,,,,,,,False,,3,
111764620,https://www.idealista.com/inmueble/111764620/,sale,Córdoba,Córdoba,37.8838575,-4.7696148,True,es,Córdoba,Centro - Casco Histórico,Casco Histórico - Corredera - Ribera,,165000.0,flat,flat,114.0,,,3,2,,False,,False,,,,,good,False,,,,,,,,,,,,,False,,1,
111028516,https://www.idealista.com/inmueble/111028516/,sale,Córdoba,Córdoba,37.8942884,-4.7801246,True,es,Córdoba,Santa Rosa - Valdeolleros,Santa Rosa - San José,,193000.0,flat,flat,53.0,,,1,1,,False,,False,,,,,good,True,,,,,,,,,,,,,False,,bj,
108028426,https://www.idealista.com/inmueble/108028426/,sale,Córdoba,Córdoba,37.8983271,-4.774792,True,es,Córdoba,Santa Rosa - Valdeolleros,Valdeolleros - Zumbacón - Camping,,165000.0,chalet,chalet,135.0,,,2,1,,False,,False,,,,,good,,,,,,,,,,,,,,True,,,
105430399,https://www.idealista.com/inmueble/105430399/,sale,Córdoba,Córdoba,37.8954386,-4.7837651,True,es,Córdoba,Santa Rosa - Valdeolleros,Huerta de la Reina,,185000.0,flat,flat,80.0,,,3,1,,False,,False,,,,,good,True,,,,,,,,,,,,,False,,bj,
111370361,https://www.idealista.com/inmueble/111370361/,sale,Córdoba,Córdoba,37.8904237,-4.763546,True,es,Córdoba,Levante - Lepanto - Fátima,La Viñuela,,215000.0,flat,flat,100.0,,,3,2,,False,,False,,,,,good,True,,,,,,,,,,,,,False,,2,
112380099,https://www.idealista.com/inmueble/112380099/,sale,Córdoba,Córdoba,37.8859951,-4.769379,True,es,Córdoba,Centro - Casco Histórico,Casco Histórico - Corredera - Ribera,,175000.0,flat,flat,104.0,,,3,1,,False,,False,,,,,good,False,,,,,,,,,,,,,False,,3,
111959114,https://www.idealista.com/inmueble/111959114/,sale,Córdoba,Córdoba,37.8877298,-4.7829279,True,es,Córdoba,Centro - Casco Histórico,Centro,,950000.0,flat,flat,290.0,,,4,4,,False,,False,,,,,good,True,,,,,,,,,,,,,True,,4,
111245186,https://www.idealista.com/inmueble/111245186/,sale,Córdoba,Córdoba,37.8819595,-4.7928049,True,es,Córdoba,Ciudad Jardín,Ciudad Jardín,,175000.0,flat,flat,70.0,,,3,1,,False,,False,,,,,good,False,,,,,,,,,,,,,False,,4,
112646060,https://www.idealista.com/inmueble/112646060/,sale,Córdoba,Córdoba,37.8914156,-4.7939195,True,es,Córdoba,Noreña - Figueroa,Carretera Trassierra - Colonia de la Paz,,385000.0,chalet,terracedHouse,238.0,,,6,2,,False,,False,,,,,good,,,,,,,,,,,,,,True,,,
111755711,https://www.idealista.com/inmueble/111755711/,sale,Córdoba,Córdoba,37.8882633,-4.76834,True,es,Córdoba,Centro - Casco Histórico,Casco Histórico - Ollerías - Marrubial,,94500.0,flat,flat,53.0,,,3,1,,False,,False,,,,,good,False,,,,,,,,,,,,,False,,3,
109120469,https://www.idealista.com/inmueble/109120469/,sale,Córdoba,Córdoba,37.8901429,-4.7692672,True,es,Córdoba,Centro - Casco Histórico,Casco Histórico - Ollerías - Marrubial,,87000.0,flat,flat,33.0,,,2,1,,False,,False,,,,,good,False,,,,,,,,,,,,,False,,bj,
110054134,https://www.idealista.com/inmueble/110054134/,sale,Córdoba,Córdoba,37.8804147,-4.7909385,True,es,Córdoba,Ciudad Jardín,Ciudad Jardín,,115000.0,flat,flat,50.0,,,1,1,,False,,False,,,,,good,False,,,,,,,,,,,,,False,,,
110054133,https://www.idealista.com/inmueble/110054133/,sale,Córdoba,Córdoba,37.8824966,-4.7924403,True,es,Córdoba,Ciudad Jardín,Ciudad Jardín,,135000.0,flat,flat,53.0,,,2,1,,False,,False,,,,,good,False,,,,,,,,,,,,,False,,,
110452031,https://www.idealista.com/inmueble/110452031/,sale,Córdoba,Córdoba,37.8807049,-4.7741031,True,es,Córdoba,Centro - Casco Histórico,Casco Histórico - Corredera - Ribera,,255000.0,flat,flat,85.0,,,3,2,,False,,False,,,,,good,False,,,,,,,,,,,,,False,,1,
112576121,https://www.idealista.com/inmueble/112576121/,sale,Córdoba,Córdoba,37.8838779,-4.7967031,True,es,Córdoba,Zoco - Poniente - Vistalegre,Huerta de la Marquesa,,155000.0,flat,flat,85.0,,,3,1,,False,,False,,,,,good,True,,,,,,,,,,,,,False,,,
112462186,https://www.idealista.com/inmueble/112462186/,sale,Córdoba,Córdoba,37.8818434,-4.7860913,True,es,Córdoba,Ciudad Jardín,Ciudad Jardín,,120000.0,studio,studio,44.0,,,0,1,,False,,True,,,,,good,False,,,,,,,,,,,,,False,,,
111711767,https://www.idealista.com/inmueble/111711767/,sale,Córdoba,Córdoba,37.8838465,-4.7722549,True,es,Córdoba,Centro - Casco Histórico,Casco Histórico - Corredera - Ribera,,149000.0,flat,flat,42.0,,,1,1,,False,,False,,,,,good,False,,,,,,,,,,,,,False,,bj,
110054131,https://www.idealista.com/inmueble/110054131/,sale,Córdoba,Córdoba,37.8829432,-4.7757138,True,es,Córdoba,Centro - Casco Histórico,Casco Histórico - Corredera - Ribera,,220000.0,flat,flat,82.0,,,2,1,,False,,False,,,,,good,False,,,,,,,,,,,,,False,,,
109755104,https://www.idealista.com/inmueble/109755104/,sale,Córdoba,Córdoba,37.8833361,-4.7891646,True,es,Córdoba,Ciudad Jardín,Ciudad Jardín,,275000.0,flat,flat,137.0,,,3,2,,False,,False,,,,,good,True,,,,,,,,,,,,,False,,3,
112542868,https://www.idealista.com/inmueble/112542868/,sale,Córdoba,Córdoba,37.8907891,-4.7570155,True,es,Córdoba,Levante - Lepanto - Fátima,La Viñuela,,132900.0,flat,flat,73.0,,,1,1,,False,,False,,,,,good,False,,,,,,,,,,,,,False,,,
112090788,https://www.idealista.com/inmueble/112090788/,sale,Córdoba,Córdoba,37.8919162,-4.7613013,True,es,Córdoba,Levante - Lepanto - Fátima,La Viñuela,,138500.0,flat,flat,72.0,,,3,1,,False,,False,,,,,good,True,,,,,,,,,,,,,False,,,
111778152,https://www.idealista.com/inmueble/111778152/,sale,Córdoba,Córdoba,37.8922238,-4.7735927,True,es,Córdoba,Centro - Casco Histórico,Casco Histórico - Ollerías - Marrubial,,98000.0,flat,flat,42.0,,,1,1,,False,,False,,,,,good,False,,,,,,,,,,,,,False,,,
94890984,https://www.idealista.com/inmueble/94890984/,sale,Córdoba,Córdoba,37.8907827,-4.7760321,True,es,Córdoba,Centro - Casco Histórico,Casco Histórico - Ollerías - Marrubial,,230000.0,flat,flat,158.0,,,3,2,,False,,False,,,,,good,False,,,,,,,,,,,,,False,,3,
110060608,https://www.idealista.com/inmueble/110060608/,sale,Córdoba,Córdoba,37.8901925,-4.795775,True,es,Córdoba,Noreña - Figueroa,Carretera Trassierra - Colonia de la Paz,,150000.0,flat,flat,83.0,,,3,1,,False,,False,,,,,good,False,,,,,,,,,,,,,False,,,
107109164,https://www.idealista.com/inmueble/107109164/,sale,Córdoba,Córdoba,37.8976502,-4.7765699,True,es,Córdoba,Santa Rosa - Valdeolleros,Valdeolleros - Zumbacón - Camping,,155000.0,flat,flat,92.0,,,3,1,,False,,False,,,,,good,False,,,,,,,,,,,,,False,,2,
112615997,https://www.idealista.com/inmueble/112615997/,sale,Córdoba,Córdoba,37.8894012,-4.7668338,False,es,Córdoba,Centro - Casco Histórico,Casco Histórico - Corredera - Ribera,,255000.0,flat,flat,113.0,,,3,2,,False,,False,,,,,good,False,,,,,,,,,,,,,False,,1,
109881100,https://www.idealista.com/inmueble/109881100/,sale,Córdoba,Córdoba,37.8872751,-4.7988671,True,es,Córdoba,Noreña - Figueroa,Noreña - Turruñuelos,,245000.0,flat,flat,114.0,,,3,2,,False,,False,,,,,good,True,,,,,,,,,,,,,True,,1,
111534447,https://www.idealista.com/inmueble/111534447/,sale,Córdoba,Córdoba,37.8977221,-4.7758386,True,es,Córdoba,Santa Rosa - Valdeolleros,Valdeolleros - Zumbacón - Camping,,169000.0,flat,flat,104.0,,,4,1,,False,,False,,,,,good,True,,,,,,,,,,,,,False,,1,
112026706,https://www.idealista.com/inmueble/112026706/,sale,Córdoba,Córdoba,37.8820629,-4.7891081,True,es,Córdoba,Ciudad Jardín,Ciudad Jardín,,230000.0,flat,flat,148.0,,,5,3,,False,,False,,,,,renew,True,,,,,,,,,,,,,False,,2,
112153001,https://www.idealista.com/inmueble/112153001/,sale,Córdoba,Córdoba,37.8811889,-4.793242,True,es,Córdoba,Ciudad Jardín,Ciudad Jardín,,195000.0,flat,flat,183.0,,,4,2,,False,,False,,,,,renew,True,,,,,,,,,,,,,False,,1,
112676036,https://www.idealista.com/inmueble/112676036/,sale,Córdoba,Córdoba,37.8904364,-4.7617396,False,es,Córdoba,Levante - Lepanto - Fátima,La Viñuela,,140000.0,flat,flat,66.0,,,2,1,,False,,False,,,,,good,False,,,,,,,,,,,,,False,,3,
110789933,https://www.idealista.com/inmueble/110789933/,sale,Córdoba,Córdoba,37.8831451,-4.7715699,True,es,Córdoba,Centro - Casco Histórico,Casco Histórico - Corredera - Ribera,,239900.0,chalet,terracedHouse,97.0,,,3,2,,False,,False,,,,,good,,,,,,,,,,,,,,True,,,
112702826,https://www.idealista.com/inmueble/112702826/,sale,Córdoba,Córdoba,37.8892247,-4.7892125,True,es,Córdoba,Centro - Casco Histórico,Cercadilla - Medina Azahara,,280500.0,flat,flat,82.0,,,2,1,,False,,False,,,,,good,True,,,,,,,,,,,,,False,,4,
110387460,https://www.idealista.com/inmueble/110387460/,sale,Córdoba,Córdoba,37.8688963,-4.7743534,True,es,Córdoba,Campo de la Verdad,Campo de la Verdad,,149000.0,chalet,independantHouse,73.0,,,3,1,,False,,False,,,,,good,,,,,,,,,,,,,,True,,,
111111682,https://www.idealista.com/inmueble/111111682/,sale,Córdoba,Córdoba,37.8782242,-4.7869478,True,es,Córdoba,Ciudad Jardín,Ciudad Jardín,,499000.0,flat,flat,170.0,,,4,2,,False,,False,,,,,good,True,,,,,,,,,,,,,True,,1,
112691908,https://www.idealista.com/inmueble/112691908/,sale,Córdoba,Córdoba,37.8805242,-4.7923044,False,es,Córdoba,Ciudad Jardín,Ciudad Jardín,,152500.0,flat,flat,65.0,,,3,1,,False,,False,,,,,good,True,,,,,,,,,,,,,True,,2,
112705146,https://www.idealista.com/inmueble/112705146/,sale,Córdoba,Córdoba,37.8877197,-4.7737803,True,es,Córdoba,Centro - Casco Histórico,Casco Histórico - Ollerías - Marrubial,,309500.0,chalet,independantHouse,109.0,,,3,2,,False,,False,,,,,good,,,,,,,,,,,,,,False,,,
112038814,https://www.idealista.com/inmueble/112038814/,sale,Córdoba,Córdoba,37.8800815,-4.7865421,True,es,Córdoba,Ciudad Jardín,Ciudad Jardín,,390000.0,flat,flat,135.0,,,4,2,,False,,False,,,,,renew,True,,,,,,,,,,,,,False,,5,
112159386,https://www.idealista.com/inmueble/112159386/,sale,Córdoba,Córdoba,37.890433,-4.7852399,True,es,Córdoba,Centro - Casco Histórico,El Vial - Ronda de Tejares,,430000.0,flat,flat,138.0,,,3,2,,False,,False,,,,,good,True,,,,,,,,,,,,,True,,3,
112051278,https://www.idealista.com/inmueble/112051278/,sale,Córdoba,Córdoba,37.8874415,-4.7858787,True,es,Córdoba,Centro - Casco Histórico,Cercadilla - Medina Azahara,,389000.0,flat,flat,143.0,,,4,2,,False,,False,,,,,good,True,,,,,,,,,,,,,True,,,
112688928,https://www.idealista.com/inmueble/112688928/,sale,Córdoba,Córdoba,37.9037638,-4.8061922,False,es,Córdoba,Noreña - Figueroa,Tablero,,699000.0,chalet,semidetachedHouse,230.0,,,4,3,,False,,False,,,,,good,,,,,,,,,,,,,,True,,,
110385703,https://www.idealista.com/inmueble/110385703/,sale,Córdoba,Córdoba,37.8846504,-4.7821533,True,es,Córdoba,Centro - Casco Histórico,Centro,,430000.0,flat,flat,148.0,,,2,2,,False,,False,,,,,good,False,,,,,,,,,,,,,False,,bj,
111314052,https://www.idealista.com/inmueble/111314052/,sale,Córdoba,Córdoba,37.8809341,-4.7815248,False,es,Córdoba,Centro - Casco Histórico,Judería - San Basilio,,159900.0,flat,flat,90.0,,,3,1,,False,,False,,,,,good,False,,,,,,,,,,,,,False,,,
109318207,https://www.idealista.com/inmueble/109318207/,sale,Córdoba,Córdoba,37.8944515,-4.7620129,True,es,Córdoba,Levante - Lepanto - Fátima,Levante,,269900.0,chalet,independantHouse,206.0,,,4,2,,False,,False,,,,,good,,,,,,,,,,,,,,False,,,
111529145,https://www.idealista.com/inmueble/111529145/,sale,Córdoba,Córdoba,37.8760703,-4.7743634,False,es,Córdoba,Campo de la Verdad,Campo de la Verdad,,269000.0,chalet,independantHouse,120.0,,,3,2,,False,,False,,,,,good,,,,,,,,,,,,,,True,,,
112075998,https://www.idealista.com/inmueble/112075998/,sale,Córdoba,Córdoba,37.8890636,-4.7679571,False,es,Córdoba,Centro - Casco Histórico,Casco Histórico - Ollerías - Marrubial,,259000.0,duplex,duplex,110.0,,,3,2,,True,,False,,,,,good,False,,,,,,,,,,,,,True,,,
112693952,https://www.idealista.com/inmueble/112693952/,sale,Córdoba,Córdoba,37.8933807,-4.7748358,True,es,Córdoba,Centro - Casco Histórico,San Cayetano,,149900.0,flat,flat,75.0,,,1,1,,False,,False,,,,,good,False,,,,,,,,,,,,,False,,,
111785125,https://www.idealista.com/obra-nueva/111785125/,sale,Córdoba,Córdoba,37.898639,-4.7709979,False,es,Córdoba,Santa Rosa - Valdeolleros,Valdeolleros - Zumbacón - Camping,,362000.0,penthouse,penthouse,63.0,,,3,2,,False,,False,,,,,newdevelopment,True,,,,,,,,,,,,,True,,9,
111192003,https://www.idealista.com/obra-nueva/111192003/,sale,Córdoba,Córdoba,37.898639,-4.7709979,False,es,Córdoba,Santa Rosa - Valdeolleros,Valdeolleros - Zumbacón - Camping,,280000.0,flat,flat,62.0,,,2,2,,False,,False,,,,,newdevelopment,True,,,,,,,,,,,,,True,,bj,
112131709,https://www.idealista.com/obra-nueva/112131709/,sale,Córdoba,Córdoba,37.898639,-4.7709979,False,es,Córdoba,Santa Rosa - Valdeolleros,Valdeolleros - Zumbacón - Camping,,296000.0,flat,flat,94.0,,,3,2,,False,,False,,,,,newdevelopment,True,,,,,,,,,,,,,True,,1,
112695850,https://www.idealista.com/inmueble/112695850/,sale,Córdoba,Córdoba,37.881633,-4.7921195,True,es,Córdoba,Ciudad Jardín,Ciudad Jardín,,132000.0,flat,flat,78.0,,,3,1,,False,,False,,,,,good,False,,,,,,,,,,,,,False,,2,
112696380,https://www.idealista.com/inmueble/112696380/,sale,Córdoba,Córdoba,37.8961538,-4.8055109,True,es,Córdoba,Noreña - Figueroa,Tablero,,325000.0,chalet,terracedHouse,132.0,,,4,2,,False,,False,,,,,good,,,,,,,,,,,,,,False,,,
112677474,https://www.idealista.com/inmueble/112677474/,sale,Córdoba,Córdoba,37.8838779,-4.7597829,True,es,Córdoba,Fuensanta - Zona Arcángel,Fuensanta - Arcángel - Santuario,,165000.0,flat,flat,74.0,,,3,1,,False,,False,,,,,good,True,,,,,,,,,,,,,False,,6,
112636412,https://www.idealista.com/obra-nueva/112636412/,sale,Córdoba,Córdoba,37.9020922,-4.805548,False,es,Córdoba,Noreña - Figueroa,Tablero,,459500.0,penthouse,penthouse,118.0,,,3,2,,False,,False,,,,,newdevelopment,True,,,,,,,,,,,,,True,,2,
107341489,https://www.idealista.com/inmueble/107341489/,sale,Córdoba,Córdoba,37.8828432,-4.7755924,False,es,Córdoba,Centro - Casco Histórico,Casco Histórico - Corredera - Ribera,,680000.0,chalet,independantHouse,442.0,,,10,4,,False,,False,,,,,good,,,,,,,,,,,,,,False,,,
111622044,https://www.idealista.com/inmueble/111622044/,sale,Córdoba,Córdoba,37.8945813,-4.800917,True,es,Córdoba,Noreña - Figueroa,Tablero,,620000.0,flat,flat,238.0,,,3,3,,False,,False,,,,,good,True,,,,,,,,,,,,,True,,bj,
112658290,https://www.idealista.com/inmueble/112658290/,sale,Córdoba,Córdoba,37.895547,-4.7560574,True,es,Córdoba,Levante - Lepanto - Fátima,El Cairo,,195000.0,flat,flat,100.0,,,3,2,,False,,False,,,,,good,True,,,,,,,,,,,,,False,,,
111337204,https://www.idealista.com/inmueble/111337204/,sale,Córdoba,Córdoba,37.8809341,-4.7815248,False,es,Córdoba,Centro - Casco Histórico,Judería - San Basilio,,159900.0,flat,flat,90.0,,,3,1,,False,,False,,,,,good,False,,,,,,,,,,,,,False,,,
111915040,https://www.idealista.com/inmueble/111915040/,sale,Córdoba,Córdoba,37.8980584,-4.7787726,False,es,Córdoba,Santa Rosa - Valdeolleros,Valdeolleros - Zumbacón - Camping,,139900.0,flat,flat,67.0,,,3,1,,False,,False,,,,,good,False,,,,,,,,,,,,,False,,3,
112671972,https://www.idealista.com/inmueble/112671972/,sale,Córdoba,Córdoba,37.884117,-4.7727692,True,es,Córdoba,Centro - Casco Histórico,Casco Histórico - Corredera - Ribera,,184900.0,flat,flat,109.0,,,2,2,,False,,False,,,,,good,False,,,,,,,,,,,,,False,,,
112657571,https://www.idealista.com/inmueble/112657571/,sale,Córdoba,Córdoba,37.8822623,-4.7915089,True,es,Córdoba,Ciudad Jardín,Ciudad Jardín,,129900.0,flat,flat,53.0,,,2,1,,False,,False,,,,,good,False,,,,,,,,,,,,,False,,2,
112658343,https://www.idealista.com/inmueble/112658343/,sale,Córdoba,Córdoba,37.8818504,-4.7920594,True,es,Córdoba,Ciudad Jardín,Ciudad Jardín,,159900.0,flat,flat,60.0,,,1,1,,False,,False,,,,,good,True,,,,,,,,,,,,,False,,3,
112670131,https://www.idealista.com/inmueble/112670131/,sale,Córdoba,Córdoba,37.8860891,-4.8044814,True,es,Córdoba,Noreña - Figueroa,Noreña - Turruñuelos,,315000.0,flat,flat,111.0,,,3,2,,False,,False,,,,,good,True,,,,,,,,,,,,,True,,,
111373012,https://www.idealista.com/obra-nueva/111373012/,sale,Córdoba,Córdoba,37.8921371,-4.7810982,True,es,Córdoba,Centro - Casco Histórico,El Vial - Ronda de Tejares,,339000.0,flat,flat,138.0,,,3,2,,False,,False,,,,,newdevelopment,True,,,,,,,,,,,,,False,,,
111429967,https://www.idealista.com/obra-nueva/111429967/,sale,Córdoba,Córdoba,37.8921371,-4.7810982,True,es,Córdoba,Centro - Casco Histórico,El Vial - Ronda de Tejares,,328250.0,flat,flat,132.0,,,3,2,,False,,False,,,,,newdevelopment,True,,,,,,,,,,,,,False,,,
112695892,https://www.idealista.com/inmueble/112695892/,sale,Córdoba,Córdoba,37.8897946,-4.7539547,True,es,Córdoba,Fuensanta - Zona Arcángel,Cañero - Fidiana,,219900.0,chalet,independantHouse,100.0,,,3,1,,False,,False,,,,,good,,,,,,,,,,,,,,False,,,
112651733,https://www.idealista.com/inmueble/112651733/,sale,Córdoba,Córdoba,37.8855679,-4.7712732,True,es,Córdoba,Centro - Casco Histórico,Casco Histórico - Corredera - Ribera,,750000.0,chalet,independantHouse,466.0,,,7,3,,False,,False,,,,,good,,,,,,,,,,,,,,False,,,
112166291,https://www.idealista.com/inmueble/112166291/,sale,Córdoba,Córdoba,37.8844705,-4.7865619,False,es,Córdoba,Ciudad Jardín,Ciudad Jardín,,205000.0,flat,flat,97.0,,,2,1,,False,,False,,,,,good,True,,,,,,,,,,,,,False,,1,
109993086,https://www.idealista.com/inmueble/109993086/,sale,Córdoba,Córdoba,37.8806029,-4.7747589,False,es,Córdoba,Centro - Casco Histórico,Casco Histórico - Corredera - Ribera,,229500.0,chalet,independantHouse,122.0,,,4,3,,False,,False,,,,,good,,,,,,,,,,,,,,False,,,
111925975,https://www.idealista.com/inmueble/111925975/,sale,Córdoba,Córdoba,37.8806938,-4.7750014,False,es,Córdoba,Centro - Casco Histórico,Casco Histórico - Corredera - Ribera,,185000.0,flat,flat,80.0,,,2,1,,False,,False,,,,,good,False,,,,,,,,,,,,,False,,2,
112551481,https://www.idealista.com/inmueble/112551481/,sale,Córdoba,Córdoba,37.8873159,-4.7546584,False,es,Córdoba,Fuensanta - Zona Arcángel,Cañero - Fidiana,,309900.0,chalet,terracedHouse,216.0,,,4,3,,False,,False,,,,,good,,,,,,,,,,,,,,True,,,
111924478,https://www.idealista.com/inmueble/111924478/,sale,Córdoba,Córdoba,37.8806938,-4.7750014,False,es,Córdoba,Centro - Casco Histórico,Casco Histórico - Corredera - Ribera,,185000.0,flat,flat,80.0,,,2,1,,False,,False,,,,,good,False,,,,,,,,,,,,,False,,2,
112050415,https://www.idealista.com/inmueble/112050415/,sale,Córdoba,Córdoba,37.8844705,-4.7865619,False,es,Córdoba,Ciudad Jardín,Ciudad Jardín,,205000.0,flat,flat,97.0,,,2,1,,False,,False,,,,,good,True,,,,,,,,,,,,,False,,1,
112655088,https://www.idealista.com/inmueble/112655088/,sale,Córdoba,Córdoba,37.8669902,-4.7742143,True,es,Córdoba,Sector sur - Santa Cruz,Sector sur - Santa Cruz,,129990.0,flat,flat,77.0,,,3,1,,False,,False,,,,,good,True,,,,,,,,,,,,,False,,5,
111924023,https://www.idealista.com/inmueble/111924023/,sale,Córdoba,Córdoba,37.8806938,-4.7750014,False,es,Córdoba,Centro - Casco Histórico,Casco Histórico - Corredera - Ribera,,185000.0,flat,flat,80.0,,,2,1,,False,,False,,,,,good,False,,,,,,,,,,,,,False,,2,
111845973,https://www.idealista.com/inmueble/111845973/,sale,Córdoba,Córdoba,37.8809314,-4.7783971,True,es,Córdoba,Centro - Casco Histórico,Judería - San Basilio,,379800.0,chalet,independantHouse,252.0,,,7,2,,False,,False,,,,,good,,,,,,,,,,,,,,False,,,
111927889,https://www.idealista.com/inmueble/111927889/,sale,Córdoba,Córdoba,37.8870599,-4.7907118,True,es,Córdoba,Centro - Casco Histórico,Cercadilla - Medina Azahara,,345000.0,flat,flat,133.0,,,4,2,,False,,False,,,,,good,True,,,,,,,,,,,,,True,,6,
106884891,https://www.idealista.com/inmueble/106884891/,sale,Córdoba,Córdoba,37.8637965,-4.770727,True,es,Córdoba,Campo de la Verdad,Campo de la Verdad,,84000.0,chalet,independantHouse,67.0,,,2,1,,False,,False,,,,,renew,,,,,,,,,,,,,,False,,,
112375842,https://www.idealista.com/inmueble/112375842/,sale,Córdoba,Córdoba,37.9192648,-4.7995742,True,es,Córdoba,Brillante - Trassierra - Naranjo,Brillante,,699000.0,chalet,independantHouse,320.0,,,6,4,,False,,False,,,,,good,,,,,,,,,,,,,,False,,,
112166758,https://www.idealista.com/inmueble/112166758/,sale,Córdoba,Córdoba,37.8828287,-4.7904131,False,es,Córdoba,Ciudad Jardín,Ciudad Jardín,,144900.0,flat,flat,60.0,,,2,1,,False,,False,,,,,good,False,,,,,,,,,,,,,False,,3,
110924562,https://www.idealista.com/inmueble/110924562/,sale,Córdoba,Córdoba,37.8894001,-4.7631924,False,es,Córdoba,Levante - Lepanto - Fátima,La Viñuela,,149900.0,flat,flat,77.0,,,3,1,,False,,False,,,,,good,True,,,,,,,,,,,,,False,,3,
112554178,https://www.idealista.com/inmueble/112554178/,sale,Córdoba,Córdoba,37.8878752,-4.7897677,True,es,Córdoba,Centro - Casco Histórico,Cercadilla - Medina Azahara,,204000.0,flat,flat,77.0,,,3,2,,False,,False,,,,,good,True,,,,,,,,,,,,,True,,1,
111909101,https://www.idealista.com/inmueble/111909101/,sale,Córdoba,Córdoba,37.8941409,-4.7876576,True,es,Córdoba,Santa Rosa - Valdeolleros,Huerta de la Reina,,174900.0,chalet,terracedHouse,242.0,,,8,3,,False,,False,,,,,renew,,,,,,,,,,,,,,False,,,
112154129,https://www.idealista.com/inmueble/112154129/,sale,Córdoba,Córdoba,37.8885119,-4.7756824,True,es,Córdoba,Centro - Casco Histórico,Casco Histórico - Ollerías - Marrubial,,325000.0,chalet,independantHouse,118.0,,,4,2,,False,,False,,,,,good,,,,,,,,,,,,,,False,,,
111846466,https://www.idealista.com/inmueble/111846466/,sale,Córdoba,Córdoba,37.8874512,-4.783305,True,es,Córdoba,Centro - Casco Histórico,El Vial - Ronda de Tejares,,239900.0,flat,flat,108.0,,,3,1,,False,,False,,,,,renew,True,,,,,,,,,,,,,False,,6,
111756206,https://www.idealista.com/inmueble/111756206/,sale,Córdoba,Córdoba,37.8836005,-4.7938143,False,es,Córdoba,Ciudad Jardín,Ciudad Jardín,,179000.0,flat,flat,89.0,,,3,1,,False,,False,,,,,good,True,,,,,,,,,,,,,False,,1,
109600885,https://www.idealista.com/inmueble/109600885/,sale,Córdoba,Córdoba,37.8900281,-4.7695477,False,es,Córdoba,Centro - Casco Histórico,Casco Histórico - Ollerías - Marrubial,,175000.0,flat,flat,74.0,,,3,1,,False,,False,,,,,good,False,,,,,,,,,,,,,False,,1,
99494852,https://www.idealista.com/inmueble/99494852/,sale,Córdoba,Córdoba,37.9172732,-4.8018251,False,es,Córdoba,Brillante - Trassierra - Naranjo,Brillante,,1400000.0,chalet,independantHouse,554.0,,,6,3,,False,,False,,,,,good,,,,,,,,,,,,,,False,,,
112519790,https://www.idealista.com/inmueble/112519790/,sale,Córdoba,Córdoba,37.885254,-4.7603467,True,es,Córdoba,Fuensanta - Zona Arcángel,Fuensanta - Arcángel - Santuario,,180000.0,flat,flat,89.0,,,3,2,,False,,False,,,,,good,True,,,,,,,,,,,,,False,,7,
112140685,https://www.idealista.com/inmueble/112140685/,sale,Córdoba,Córdoba,37.881517,-4.7733379,False,es,Córdoba,Centro - Casco Histórico,Casco Histórico - Corredera - Ribera,,117900.0,flat,flat,43.0,,,1,1,,False,,False,,,,,good,False,,,,,,,,,,,,,False,,bj,
111944691,https://www.idealista.com/inmueble/111944691/,sale,Córdoba,Córdoba,37.8890636,-4.7679571,False,es,Córdoba,Centro - Casco Histórico,Casco Histórico - Ollerías - Marrubial,,259000.0,duplex,duplex,110.0,,,3,2,,True,,False,,,,,good,False,,,,,,,,,,,,,True,,,
111666594,https://www.idealista.com/inmueble/111666594/,sale,Córdoba,Córdoba,37.8893979,-4.7743638,False,es,Córdoba,Centro - Casco Histórico,Casco Histórico - Ollerías - Marrubial,,210000.0,flat,flat,57.0,,,2,1,,False,,False,,,,,good,False,,,,,,,,,,,,,True,,1,
112559573,https://www.idealista.com/inmueble/112559573/,sale,Córdoba,Córdoba,37.8753682,-4.7942997,True,es,Córdoba,Zoco - Poniente - Vistalegre,Vistalegre - Parque Cruz - Universidades,,412900.0,flat,flat,199.0,,,5,3,,False,,False,,,,,good,True,,,,,,,,,,,,,True,,2,
112652512,https://www.idealista.com/inmueble/112652512/,sale,Córdoba,Córdoba,37.8896029,-4.772624,True,es,Córdoba,Centro - Casco Histórico,Casco Histórico - Ollerías - Marrubial,,490000.0,chalet,independantHouse,288.0,,,5,4,,False,,False,,,,,good,,,,,,,,,,,,,,False,,,
112280484,https://www.idealista.com/inmueble/112280484/,sale,Córdoba,Córdoba,37.8860028,-4.7873779,True,es,Córdoba,Ciudad Jardín,Ciudad Jardín,,205000.0,flat,flat,97.0,,,2,1,,False,,False,,,,,good,True,,,,,,,,,,,,,False,,,
111656431,https://www.idealista.com/inmueble/111656431/,sale,Córdoba,Córdoba,37.8802816,-4.7759227,True,es,Córdoba,Centro - Casco Histórico,Judería - San Basilio,,379800.0,chalet,independantHouse,252.0,,,7,2,,False,,False,,,,,good,,,,,,,,,,,,,,False,,,
112260362,https://www.idealista.com/inmueble/112260362/,sale,Córdoba,Córdoba,37.8827653,-4.791873,True,es,Córdoba,Ciudad Jardín,Ciudad Jardín,,144900.0,flat,flat,60.0,,,2,1,,False,,False,,,,,good,False,,,,,,,,,,,,,False,,,
112243841,https://www.idealista.com/inmueble/112243841/,sale,Córdoba,Córdoba,37.8947516,-4.7962905,False,es,Córdoba,Noreña - Figueroa,Tablero,,215000.0,flat,flat,120.0,,,3,2,,False,,False,,,,,good,True,,,,,,,,,,,,,True,,4,
112448628,https://www.idealista.com/inmueble/112448628/,sale,Córdoba,Córdoba,37.9223668,-4.7915188,True,es,Córdoba,Brillante - Trassierra - Naranjo,Brillante,,655000.0,chalet,independantHouse,489.0,,,5,5,,False,,False,,,,,good,,,,,,,,,,,,,,True,,,
112388348,https://www.idealista.com/inmueble/112388348/,sale,Córdoba,Córdoba,37.8931141,-4.7706882,True,es,Córdoba,Centro - Casco Histórico,San Cayetano,,149900.0,flat,flat,75.0,,,1,2,,False,,False,,,,,good,False,,,,,,,,,,,,,False,,bj,
109091784,https://www.idealista.com/inmueble/109091784/,sale,Córdoba,Córdoba,37.9189301,-4.7929818,True,es,Córdoba,Brillante - Trassierra - Naranjo,Brillante,,900000.0,chalet,independantHouse,648.0,,,6,6,,False,,False,,,,,good,,,,,,,,,,,,,,True,,,
112546728,https://www.idealista.com/inmueble/112546728/,sale,Córdoba,Córdoba,37.8807718,-4.8029527,True,es,Córdoba,Zoco - Poniente - Vistalegre,Zoco - Poniente,,319900.0,flat,flat,131.0,,,2,2,,False,,False,,,,,good,True,,,,,,,,,,,,,True,,3,
111807065,https://www.idealista.com/inmueble/111807065/,sale,Córdoba,Córdoba,37.8808209,-4.7941981,True,es,Córdoba,Ciudad Jardín,Ciudad Jardín,,159900.0,flat,flat,64.0,,,3,1,,False,,False,,,,,good,True,,,,,,,,,,,,,False,,4,
112305060,https://www.idealista.com/inmueble/112305060/,sale,Córdoba,Córdoba,37.8907555,-4.7687441,True,es,Córdoba,Centro - Casco Histórico,Casco Histórico - Ollerías - Marrubial,,145500.0,flat,flat,69.0,,,2,1,,False,,False,,,,,good,False,,,,,,,,,,,,,False,,1,
112436050,https://www.idealista.com/inmueble/112436050/,sale,Córdoba,Córdoba,37.8909277,-4.7738415,True,es,Córdoba,Centro - Casco Histórico,Casco Histórico - Ollerías - Marrubial,,210000.0,flat,flat,100.0,,,3,2,,False,,False,,,,,good,False,,,,,,,,,,,,,False,,2,
112097962,https://www.idealista.com/inmueble/112097962/,sale,Córdoba,Córdoba,37.9097331,-4.7924162,True,es,Córdoba,Brillante - Trassierra - Naranjo,Brillante,,550000.0,chalet,independantHouse,208.0,,,4,3,,False,,False,,,,,good,,,,,,,,,,,,,,False,,,
112421866,https://www.idealista.com/inmueble/112421866/,sale,Córdoba,Córdoba,37.8946331,-4.7648439,True,es,Córdoba,Levante - Lepanto - Fátima,Levante,,59000.0,flat,flat,64.0,,,1,1,,False,,False,,,,,good,False,,,,,,,,,,,,,False,,2,
112444758,https://www.idealista.com/inmueble/112444758/,sale,Córdoba,Córdoba,37.8815226,-4.7719841,False,es,Córdoba,Centro - Casco Histórico,Casco Histórico - Corredera - Ribera,,250000.0,chalet,independantHouse,250.0,,,3,2,,False,,False,,,,,renew,,,,,,,,,,,,,,False,,,
111842988,https://www.idealista.com/inmueble/111842988/,sale,Córdoba,Córdoba,37.8793113,-4.7808647,True,es,Córdoba,Centro - Casco Histórico,Judería - San Basilio,,159900.0,flat,flat,90.0,,,3,1,,False,,False,,,,,good,False,,,,,,,,,,,,,False,,,
111605838,https://www.idealista.com/inmueble/111605838/,sale,Córdoba,Córdoba,37.898419,-4.7750337,True,es,Córdoba,Santa Rosa - Valdeolleros,Valdeolleros - Zumbacón - Camping,,140000.0,flat,flat,86.0,,,3,2,,False,,False,,,,,good,False,,,,,,,,,,,,,False,,4,
112579644,https://www.idealista.com/inmueble/112579644/,sale,Córdoba,Córdoba,37.888567,-4.7800906,True,es,Córdoba,Centro - Casco Histórico,El Vial - Ronda de Tejares,,399900.0,flat,flat,133.0,,,3,2,,False,,False,,,,,renew,True,,,,,,,,,,,,,False,,5,
112648296,https://www.idealista.com/inmueble/112648296/,sale,Córdoba,Córdoba,37.8828727,-4.7927643,True,es,Córdoba,Ciudad Jardín,Ciudad Jardín,,249900.0,flat,flat,95.0,,,4,2,,False,,False,,,,,good,True,,,,,,,,,,,,,False,,1,
112560108,https://www.idealista.com/inmueble/112560108/,sale,Córdoba,Córdoba,37.8825267,-4.7921888,True,es,Córdoba,Ciudad Jardín,Ciudad Jardín,,139900.0,flat,flat,74.0,,,3,1,,False,,False,,,,,good,True,,,,,,,,,,,,,False,,2,
104048081,https://www.idealista.com/inmueble/104048081/,sale,Córdoba,Córdoba,37.8858778,-4.7755073,True,es,Córdoba,Centro - Casco Histórico,Casco Histórico - Corredera - Ribera,,250000.0,flat,flat,135.0,,,3,2,,False,,False,,,,,good,False,,,,,,,,,,,,,False,,2,
111924033,https://www.idealista.com/inmueble/111924033/,sale,Córdoba,Córdoba,37.8808021,-4.7770069,True,es,Córdoba,Centro - Casco Histórico,Casco Histórico - Corredera - Ribera,,185000.0,flat,flat,80.0,,,2,1,,False,,False,,,,,good,False,,,,,,,,,,,,,False,,2,
112525918,https://www.idealista.com/inmueble/112525918/,sale,Córdoba,Córdoba,37.8836056,-4.7949302,True,es,Córdoba,Ciudad Jardín,Ciudad Jardín,,179900.0,flat,flat,68.0,,,3,1,,False,,False,,,,,good,True,,,,,,,,,,,,,False,,4,
112524861,https://www.idealista.com/inmueble/112524861/,sale,Córdoba,Córdoba,37.8801029,-4.7931289,True,es,Córdoba,Ciudad Jardín,Ciudad Jardín,,199900.0,flat,flat,93.0,,,4,2,,False,,False,,,,,good,True,,,,,,,,,,,,,True,,3,
111763527,https://www.idealista.com/inmueble/111763527/,sale,Córdoba,Córdoba,37.8839092,-4.771125,False,es,Córdoba,Centro - Casco Histórico,Casco Histórico - Corredera - Ribera,,184900.0,flat,flat,109.0,,,2,2,,False,,False,,,,,good,False,,,,,,,,,,,,,False,,1,
111931262,https://www.idealista.com/inmueble/111931262/,sale,Córdoba,Córdoba,37.897171,-4.7781547,True,es,Córdoba,Santa Rosa - Valdeolleros,Santa Rosa - San José,,139900.0,flat,flat,67.0,,,3,1,,False,,False,,,,,good,False,,,,,,,,,,,,,False,,3,
112649229,https://www.idealista.com/inmueble/112649229/,sale,Córdoba,Córdoba,37.8764894,-4.7921083,True,es,Córdoba,Zoco - Poniente - Vistalegre,Vistalegre - Parque Cruz - Universidades,,379900.0,flat,flat,123.0,,,4,2,,False,,False,,,,,good,True,,,,,,,,,,,,,True,,6,
112053135,https://www.idealista.com/inmueble/112053135/,sale,Córdoba,Córdoba,37.8990472,-4.7776663,True,es,Córdoba,Santa Rosa - Valdeolleros,Valdeolleros - Zumbacón - Camping,,99500.0,studio,studio,50.0,,,0,1,,False,,True,,,,,good,False,,,,,,,,,,,,,False,,,
111387069,https://www.idealista.com/inmueble/111387069/,sale,Córdoba,Córdoba,37.8835503,-4.792267,True,es,Córdoba,Ciudad Jardín,Ciudad Jardín,,190000.0,penthouse,penthouse,79.0,,,2,1,,False,,False,,,,,good,True,,,,,,,,,,,,,False,,5,
111644884,https://www.idealista.com/inmueble/111644884/,sale,Córdoba,Córdoba,37.8818086,-4.7777437,True,es,Córdoba,Centro - Casco Histórico,Judería - San Basilio,,379800.0,chalet,independantHouse,252.0,,,7,2,,False,,False,,,,,good,,,,,,,,,,,,,,False,,,
112551773,https://www.idealista.com/inmueble/112551773/,sale,Córdoba,Córdoba,37.8840459,-4.7918696,True,es,Córdoba,Centro - Casco Histórico,Cercadilla - Medina Azahara,,204000.0,flat,flat,77.0,,,3,2,,False,,False,,,,,good,True,,,,,,,,,,,,,True,,,
112558706,https://www.idealista.com/inmueble/112558706/,sale,Córdoba,Córdoba,37.8782301,-4.7910708,True,es,Córdoba,Zoco - Poniente - Vistalegre,Vistalegre - Parque Cruz - Universidades,,329900.0,flat,flat,120.0,,,4,2,,False,,False,,,,,good,True,,,,,,,,,,,,,True,,2,
112622150,https://www.idealista.com/inmueble/112622150/,sale,Córdoba,Córdoba,37.8871313,-4.7745857,True,es,Córdoba,Centro - Casco Histórico,Casco Histórico - Ollerías - Marrubial,,165000.0,penthouse,penthouse,78.0,,,3,1,,False,,False,,,,,good,False,,,,,,,,,,,,,False,,3,
110847098,https://www.idealista.com/inmueble/110847098/,sale,Córdoba,Córdoba,37.8856103,-4.805602,True,es,Córdoba,Noreña - Figueroa,Noreña - Turruñuelos,,315000.0,flat,flat,111.0,,,3,2,,False,,False,,,,,good,True,,,,,,,,,,,,,True,,5,
111856905,https://www.idealista.com/inmueble/111856905/,sale,Córdoba,Córdoba,37.8994309,-4.7741893,True,es,Córdoba,Santa Rosa - Valdeolleros,Valdeolleros - Zumbacón - Camping,,149900.0,flat,flat,81.0,,,4,1,,False,,False,,,,,good,False,,,,,,,,,,,,,False,,2,
112498525,https://www.idealista.com/inmueble/112498525/,sale,Córdoba,Córdoba,37.8876465,-4.7747661,True,es,Córdoba,Centro - Casco Histórico,Casco Histórico - Ollerías - Marrubial,,155000.0,flat,flat,49.0,,,2,1,,False,,False,,,,,good,False,,,,,,,,,,,,,False,,2,
111694532,https://www.idealista.com/inmueble/111694532/,sale,Córdoba,Córdoba,37.8939215,-4.7923041,True,es,Córdoba,Noreña - Figueroa,Tablero,,289900.0,flat,flat,156.0,,,4,2,,False,,False,,,,,good,True,,,,,,,,,,,,,True,,1,
112142148,https://www.idealista.com/inmueble/112142148/,sale,Córdoba,Córdoba,37.8800843,-4.7916132,False,es,Córdoba,Ciudad Jardín,Ciudad Jardín,,199000.0,flat,flat,132.0,,,1,2,,False,,False,,,,,good,False,,,,,,,,,,,,,False,,bj,
112553114,https://www.idealista.com/inmueble/112553114/,sale,Córdoba,Córdoba,37.8878927,-4.7916588,True,es,Córdoba,Centro - Casco Histórico,Cercadilla - Medina Azahara,,204000.0,flat,flat,77.0,,,3,2,,False,,False,,,,,good,True,,,,,,,,,,,,,True,,1,
110702737,https://www.idealista.com/inmueble/110702737/,sale,Córdoba,Córdoba,37.8819251,-4.7680693,True,es,Córdoba,Centro - Casco Histórico,Casco Histórico - Corredera - Ribera,,159900.0,flat,flat,103.0,,,4,1,,False,,False,,,,,good,False,,,,,,,,,,,,,False,,2,
112246514,https://www.idealista.com/inmueble/112246514/,sale,Córdoba,Córdoba,37.8692481,-4.7910306,True,es,Córdoba,Zoco - Poniente - Vistalegre,Vistalegre - Parque Cruz - Universidades,,199900.0,flat,flat,98.0,,,4,1,,False,,False,,,,,good,True,,,,,,,,,,,,,False,,2,
111906249,https://www.idealista.com/inmueble/111906249/,sale,Córdoba,Córdoba,37.8794623,-4.7921215,True,es,Córdoba,Ciudad Jardín,Ciudad Jardín,,144900.0,flat,flat,73.0,,,3,1,,False,,False,,,,,good,False,,,,,,,,,,,,,False,,2,
112525236,https://www.idealista.com/inmueble/112525236/,sale,Córdoba,Córdoba,37.8966139,-4.7734963,True,es,Córdoba,Santa Rosa - Valdeolleros,Valdeolleros - Zumbacón - Camping,,149900.0,flat,flat,84.0,,,3,1,,False,,False,,,,,good,True,,,,,,,,,,,,,False,,bj,
112498682,https://www.idealista.com/inmueble/112498682/,sale,Córdoba,Córdoba,37.8958656,-4.7723176,True,es,Córdoba,Santa Rosa - Valdeolleros,Valdeolleros - Zumbacón - Camping,,129900.0,flat,flat,58.0,,,2,1,,False,,False,,,,,good,True,,,,,,,,,,,,,False,,2,
112149647,https://www.idealista.com/inmueble/112149647/,sale,Córdoba,Córdoba,37.8888652,-4.7725832,False,es,Córdoba,Centro - Casco Histórico,Casco Histórico - Ollerías - Marrubial,,260000.0,chalet,semidetachedHouse,92.0,,,3,2,,False,,False,,,,,renew,,,,,,,,,,,,,,False,,,
112551631,https://www.idealista.com/inmueble/112551631/,sale,Córdoba,Córdoba,37.8862718,-4.755523,True,es,Córdoba,Fuensanta - Zona Arcángel,Cañero - Fidiana,,309900.0,chalet,terracedHouse,216.0,,,4,3,,False,,False,,,,,good,,,,,,,,,,,,,,True,,,
112608552,https://www.idealista.com/inmueble/112608552/,sale,Córdoba,Córdoba,37.8851244,-4.7692465,True,es,Córdoba,Centro - Casco Histórico,Casco Histórico - Corredera - Ribera,,385000.0,chalet,independantHouse,223.0,,,5,3,,False,,False,,,,,good,,,,,,,,,,,,,,True,,,
112056475,https://www.idealista.com/inmueble/112056475/,sale,Córdoba,Córdoba,37.8791803,-4.7901441,True,es,Córdoba,Ciudad Jardín,Ciudad Jardín,,179900.0,flat,flat,80.0,,,4,1,,False,,False,,,,,good,False,,,,,,,,,,,,,False,,2,
111712452,https://www.idealista.com/inmueble/111712452/,sale,Córdoba,Córdoba,37.8976426,-4.7776669,False,es,Córdoba,Santa Rosa - Valdeolleros,Valdeolleros - Zumbacón - Camping,,129900.0,flat,flat,71.0,,,3,1,,False,,False,,,,,good,False,,,,,,,,,,,,,False,,3,
112519408,https://www.idealista.com/inmueble/112519408/,sale,Córdoba,Córdoba,37.8853492,-4.7743765,True,es,Córdoba,Centro - Casco Histórico,Casco Histórico - Ollerías - Marrubial,,325000.0,chalet,independantHouse,118.0,,,4,2,,False,,False,,,,,good,,,,,,,,,,,,,,False,,,
112678395,https://www.idealista.com/inmueble/112678395/,sale,Córdoba,Córdoba,37.8857395,-4.7803916,True,es,Córdoba,Centro - Casco Histórico,Centro,,475000.0,flat,flat,168.0,,,4,2,,False,,False,,,,,good,True,,,,,,,,,,,,,True,,2,
111026002,https://www.idealista.com/inmueble/111026002/,sale,Córdoba,Córdoba,37.8863394,-4.7824384,True,es,Córdoba,Centro - Casco Histórico,Centro,,460000.0,flat,flat,324.0,,,7,2,,False,,False,,,,,good,True,,,,,,,,,,,,,False,,1,
112611930,https://www.idealista.com/inmueble/112611930/,sale,Córdoba,Córdoba,37.8826893,-4.7576581,True,es,Córdoba,Fuensanta - Zona Arcángel,Fuensanta - Arcángel - Santuario,,157000.0,flat,flat,83.0,,,3,1,,False,,False,,,,,good,True,,,,,,,,,,,,,False,,3,
111975695,https://www.idealista.com/inmueble/111975695/,sale,Córdoba,Córdoba,37.8794376,-4.7929748,True,es,Córdoba,Ciudad Jardín,Ciudad Jardín,,115000.0,flat,flat,66.0,,,2,1,,False,,False,,,,,good,False,,,,,,,,,,,,,False,,,
111895693,https://www.idealista.com/inmueble/111895693/,sale,Córdoba,Córdoba,37.890635,-4.7591964,True,es,Córdoba,Levante - Lepanto - Fátima,La Viñuela,,189900.0,flat,flat,100.0,,,3,1,,False,,False,,,,,good,True,,,,,,,,,,,,,False,,1,
111559685,https://www.idealista.com/inmueble/111559685/,sale,Córdoba,Córdoba,37.8813535,-4.7923501,True,es,Córdoba,Ciudad Jardín,Ciudad Jardín,,109900.0,flat,flat,51.0,,,3,1,,False,,False,,,,,good,True,,,,,,,,,,,,,False,,bj,
109930646,https://www.idealista.com/inmueble/109930646/,sale,Córdoba,Córdoba,37.8826662,-4.7943001,True,es,Córdoba,Ciudad Jardín,Ciudad Jardín,,139900.0,flat,flat,61.0,,,3,1,,False,,False,,,,,good,True,,,,,,,,,,,,,False,,3,
111190572,https://www.idealista.com/inmueble/111190572/,sale,Córdoba,Córdoba,37.8821116,-4.7900954,True,es,Córdoba,Ciudad Jardín,Ciudad Jardín,,179900.0,flat,flat,90.0,,,3,1,,False,,False,,,,,good,True,,,,,,,,,,,,,False,,5,
112571487,https://www.idealista.com/inmueble/112571487/,sale,Córdoba,Córdoba,37.891223,-4.7872224,True,es,Córdoba,Santa Rosa - Valdeolleros,Huerta de la Reina,,115000.0,flat,flat,56.0,,,2,1,,False,,False,,,,,good,False,,,,,,,,,,,,,False,,bj,
111431950,https://www.idealista.com/inmueble/111431950/,sale,Córdoba,Córdoba,37.8842565,-4.7691505,True,es,Córdoba,Centro - Casco Histórico,Casco Histórico - Corredera - Ribera,,184900.0,flat,flat,109.0,,,2,2,,False,,False,,,,,good,False,,,,,,,,,,,,,False,,1,
111455624,https://www.idealista.com/inmueble/111455624/,sale,Córdoba,Córdoba,37.8921652,-4.7627028,True,es,Córdoba,Levante - Lepanto - Fátima,La Viñuela,,149900.0,penthouse,penthouse,69.0,,,3,1,,False,,False,,,,,good,False,,,,,,,,,,,,,False,,4,
111202546,https://www.idealista.com/inmueble/111202546/,sale,Córdoba,Córdoba,37.8887607,-4.7645,True,es,Córdoba,Levante - Lepanto - Fátima,La Viñuela,,149900.0,flat,flat,77.0,,,3,1,,False,,False,,,,,good,False,,,,,,,,,,,,,False,,,
111416425,https://www.idealista.com/inmueble/111416425/,sale,Córdoba,Córdoba,37.8903318,-4.7999383,True,es,Córdoba,Noreña - Figueroa,Noreña - Turruñuelos,,315000.0,flat,flat,111.0,,,3,2,,False,,False,,,,,good,True,,,,,,,,,,,,,True,,,
111191395,https://www.idealista.com/inmueble/111191395/,sale,Córdoba,Córdoba,37.8831958,-4.7888105,True,es,Córdoba,Ciudad Jardín,Ciudad Jardín,,199900.0,flat,flat,104.0,,,4,2,,False,,False,,,,,good,True,,,,,,,,,,,,,False,,1,
111741261,https://www.idealista.com/inmueble/111741261/,sale,Córdoba,Córdoba,37.888741,-4.7700488,False,es,Córdoba,Centro - Casco Histórico,Casco Histórico - Ollerías - Marrubial,,94500.0,flat,flat,53.0,,,3,1,,False,,False,,,,,good,False,,,,,,,,,,,,,False,,3,
112424107,https://www.idealista.com/inmueble/112424107/,sale,Córdoba,Córdoba,37.9119949,-4.7863922,True,es,Córdoba,Brillante - Trassierra - Naranjo,Brillante,,525000.0,chalet,independantHouse,374.0,,,3,2,,False,,False,,,,,renew,,,,,,,,,,,,,,True,,,
111395963,https://www.idealista.com/inmueble/111395963/,sale,Córdoba,Córdoba,37.8779001,-4.7734779,True,es,Córdoba,Campo de la Verdad,Campo de la Verdad,,269000.0,chalet,independantHouse,120.0,,,3,2,,False,,False,,,,,good,,,,,,,,,,,,,,True,,,
111923545,https://www.idealista.com/inmueble/111923545/,sale,Córdoba,Córdoba,37.8974175,-4.7771673,True,es,Córdoba,Santa Rosa - Valdeolleros,Valdeolleros - Zumbacón - Camping,,139900.0,flat,flat,67.0,,,3,1,,False,,False,,,,,good,False,,,,,,,,,,,,,False,,3,
104200506,https://www.idealista.com/inmueble/104200506/,sale,Córdoba,Córdoba,37.8955585,-4.7934413,False,es,Córdoba,Noreña - Figueroa,Tablero,,255000.0,flat,flat,109.0,,,3,2,,False,,False,,,,,good,True,,,,,,,,,,,,,True,,1,
111316219,https://www.idealista.com/inmueble/111316219/,sale,Córdoba,Córdoba,37.8909221,-4.7728173,True,es,Córdoba,Centro - Casco Histórico,Casco Histórico - Ollerías - Marrubial,,239000.0,chalet,independantHouse,181.0,,,3,1,,False,,False,,,,,good,,,,,,,,,,,,,,True,,,
110432212,https://www.idealista.com/inmueble/110432212/,sale,Córdoba,Córdoba,37.8909309,-4.7751732,False,es,Córdoba,Centro - Casco Histórico,Casco Histórico - Ollerías - Marrubial,,339000.0,chalet,independantHouse,235.0,,,7,3,,False,,False,,,,,good,,,,,,,,,,,,,,False,,,
111763184,https://www.idealista.com/inmueble/111763184/,sale,Córdoba,Córdoba,37.8836005,-4.7938143,False,es,Córdoba,Ciudad Jardín,Ciudad Jardín,,179000.0,flat,flat,73.0,,,3,1,,False,,False,,,,,good,True,,,,,,,,,,,,,False,,1,
110166923,https://www.idealista.com/inmueble/110166923/,sale,Córdoba,Córdoba,37.8835599,-4.7805855,False,es,Córdoba,Centro - Casco Histórico,Centro,,385000.0,flat,flat,189.0,,,6,3,,False,,False,,,,,good,True,,,,,,,,,,,,,True,,2,
111768670,https://www.idealista.com/inmueble/111768670/,sale,Córdoba,Córdoba,37.8893979,-4.7743638,False,es,Córdoba,Centro - Casco Histórico,Casco Histórico - Ollerías - Marrubial,,210000.0,flat,flat,57.0,,,2,1,,False,,False,,,,,good,False,,,,,,,,,,,,,True,,1,
112339472,https://www.idealista.com/inmueble/112339472/,sale,Córdoba,Córdoba,37.8630695,-4.7714546,True,es,Córdoba,Campo de la Verdad,Campo de la Verdad,,117900.0,chalet,independantHouse,73.0,,,3,1,,False,,False,,,,,good,,,,,,,,,,,,,,False,,,
111927285,https://www.idealista.com/inmueble/111927285/,sale,Córdoba,Córdoba,37.9246524,-4.7915261,True,es,Córdoba,Brillante - Trassierra - Naranjo,Brillante,,655000.0,chalet,independantHouse,489.0,,,5,5,,False,,False,,,,,good,,,,,,,,,,,,,,True,,,
112564242,https://www.idealista.com/inmueble/112564242/,sale,Córdoba,Córdoba,37.8985761,-4.779877,True,es,Córdoba,Santa Rosa - Valdeolleros,Valdeolleros - Zumbacón - Camping,,139900.0,flat,flat,67.0,,,3,1,,False,,False,,,,,good,False,,,,,,,,,,,,,False,,3,
112370239,https://www.idealista.com/inmueble/112370239/,sale,Córdoba,Córdoba,37.8831401,-4.7940124,True,es,Córdoba,Ciudad Jardín,Ciudad Jardín,,131900.0,flat,flat,54.0,,,2,1,,False,,False,,,,,good,True,,,,,,,,,,,,,False,,6,
109898185,https://www.idealista.com/inmueble/109898185/,sale,Córdoba,Córdoba,37.8851997,-4.7945853,True,es,Córdoba,Ciudad Jardín,Ciudad Jardín,,180000.0,flat,flat,105.0,,,3,1,,False,,False,,,,,good,True,,,,,,,,,,,,,False,,bj,
112297681,https://www.idealista.com/inmueble/112297681/,sale,Córdoba,Córdoba,37.882084,-4.7752194,True,es,Córdoba,Centro - Casco Histórico,Casco Histórico - Corredera - Ribera,,220000.0,flat,flat,123.0,,,4,2,,False,,False,,,,,good,False,,,,,,,,,,,,,False,,1,
111427682,https://www.idealista.com/inmueble/111427682/,sale,Córdoba,Córdoba,37.8957806,-4.7712891,False,es,Córdoba,Santa Rosa - Valdeolleros,Valdeolleros - Zumbacón - Camping,,424800.0,penthouse,penthouse,126.0,,,4,2,,False,,False,,,,,good,True,,,,,,,,,,,,,True,,3,
112582651,https://www.idealista.com/inmueble/112582651/,sale,Córdoba,Córdoba,37.8792953,-4.7954173,False,es,Córdoba,Zoco - Poniente - Vistalegre,Zoco - Poniente,,359900.0,flat,flat,112.0,,,3,2,,False,,False,,,,,good,True,,,,,,,,,,,,,True,,3,
112564635,https://www.idealista.com/inmueble/112564635/,sale,Córdoba,Córdoba,37.8866783,-4.7737183,True,es,Córdoba,Centro - Casco Histórico,Casco Histórico - Ollerías - Marrubial,,325000.0,chalet,independantHouse,118.0,,,4,2,,False,,False,,,,,good,,,,,,,,,,,,,,False,,,
111972384,https://www.idealista.com/inmueble/111972384/,sale,Córdoba,Córdoba,37.8810011,-4.7858263,True,es,Córdoba,Ciudad Jardín,Ciudad Jardín,,219900.0,flat,flat,125.0,,,5,2,,False,,False,,,,,good,True,,,,,,,,,,,,,False,,3,
111944025,https://www.idealista.com/inmueble/111944025/,sale,Córdoba,Córdoba,37.9227016,-4.7916767,True,es,Córdoba,Brillante - Trassierra - Naranjo,Brillante,,655000.0,chalet,independantHouse,489.0,,,5,5,,False,,False,,,,,good,,,,,,,,,,,,,,True,,,
112110015,https://www.idealista.com/inmueble/112110015/,sale,Córdoba,Córdoba,37.8822005,-4.8036634,True,es,Córdoba,Noreña - Figueroa,Noreña - Turruñuelos,,349900.0,flat,flat,134.0,,,4,2,,False,,False,,,,,good,True,,,,,,,,,,,,,True,,2,
111789876,https://www.idealista.com/inmueble/111789876/,sale,Córdoba,Córdoba,37.8973218,-4.7957909,False,es,Córdoba,Noreña - Figueroa,Tablero,,358500.0,flat,flat,110.0,,,3,2,,False,,False,,,,,good,True,,,,,,,,,,,,,True,,1,
111178796,https://www.idealista.com/inmueble/111178796/,sale,Córdoba,Córdoba,37.8982599,-4.7734628,True,es,Córdoba,Santa Rosa - Valdeolleros,Valdeolleros - Zumbacón - Camping,,280000.0,flat,flat,140.0,,,4,2,,False,,False,,,,,good,True,,,,,,,,,,,,,True,,2,
112085683,https://www.idealista.com/inmueble/112085683/,sale,Córdoba,Córdoba,37.8919262,-4.7917136,True,es,Córdoba,Noreña - Figueroa,Carretera Trassierra - Colonia de la Paz,,180000.0,flat,flat,88.0,,,3,1,,False,,False,,,,,good,True,,,,,,,,,,,,,False,,3,
109531642,https://www.idealista.com/inmueble/109531642/,sale,Córdoba,Córdoba,37.884481,-4.7718638,True,es,Córdoba,Centro - Casco Histórico,Casco Histórico - Corredera - Ribera,,230000.0,flat,flat,85.0,,,2,2,,False,,False,,,,,good,False,,,,,,,,,,,,,False,,1,
112551553,https://www.idealista.com/inmueble/112551553/,sale,Córdoba,Córdoba,37.8878942,-4.7526611,True,es,Córdoba,Fuensanta - Zona Arcángel,Cañero - Fidiana,,309900.0,chalet,terracedHouse,216.0,,,4,3,,False,,False,,,,,good,,,,,,,,,,,,,,True,,,
111908497,https://www.idealista.com/inmueble/111908497/,sale,Córdoba,Córdoba,37.8962158,-4.7853741,True,es,Córdoba,Santa Rosa - Valdeolleros,Huerta de la Reina,,157900.0,flat,flat,90.0,,,3,1,,False,,False,,,,,good,False,,,,,,,,,,,,,False,,bj,
112662418,https://www.idealista.com/inmueble/112662418/,sale,Córdoba,Córdoba,37.8819209,-4.7997203,True,es,Córdoba,Zoco - Poniente - Vistalegre,Zoco - Poniente,,330000.0,chalet,chalet,170.0,,,5,3,,False,,False,,,,,good,,,,,,,,,,,,,,True,,,
110858665,https://www.idealista.com/inmueble/110858665/,sale,Córdoba,Córdoba,37.895325,-4.7783086,True,es,Córdoba,Santa Rosa - Valdeolleros,Santa Rosa - San José,,99900.0,flat,flat,67.0,,,2,2,,False,,False,,,,,good,True,,,,,,,,,,,,,False,,bj,
112200289,https://www.idealista.com/inmueble/112200289/,sale,Córdoba,Córdoba,37.8906926,-4.7693211,True,es,Córdoba,Centro - Casco Histórico,Casco Histórico - Ollerías - Marrubial,,145500.0,flat,flat,69.0,,,2,1,,False,,False,,,,,good,False,,,,,,,,,,,,,False,,1,
112019166,https://www.idealista.com/inmueble/112019166/,sale,Córdoba,Córdoba,37.8879768,-4.7640848,True,es,Córdoba,Levante - Lepanto - Fátima,La Viñuela,,225000.0,flat,flat,105.0,,,3,2,,False,,False,,,,,good,True,,,,,,,,,,,,,True,,2,
111499081,https://www.idealista.com/inmueble/111499081/,sale,Córdoba,Córdoba,37.8940212,-4.7975226,False,es,Córdoba,Noreña - Figueroa,Tablero,,105000.0,flat,flat,40.0,,,1,1,,False,,False,,,,,good,True,,,,,,,,,,,,,False,,bj,
112052964,https://www.idealista.com/inmueble/112052964/,sale,Córdoba,Córdoba,37.8969431,-4.7813237,True,es,Córdoba,Santa Rosa - Valdeolleros,Santa Rosa - San José,,230000.0,flat,flat,82.0,,,3,1,,False,,False,,,,,renew,True,,,,,,,,,,,,,True,,4,
112052912,https://www.idealista.com/inmueble/112052912/,sale,Córdoba,Córdoba,37.9032707,-4.7907078,True,es,Córdoba,Brillante - Trassierra - Naranjo,Brillante,,489000.0,flat,flat,180.0,,,5,4,,False,,False,,,,,good,False,,,,,,,,,,,,,True,,1,
106303727,https://www.idealista.com/inmueble/106303727/,sale,Córdoba,Córdoba,37.8858508,-4.769027,False,es,Córdoba,Centro - Casco Histórico,Casco Histórico - Corredera - Ribera,,285000.0,chalet,independantHouse,347.0,,,5,3,,False,,False,,,,,good,,,,,,,,,,,,,,True,,,
112107464,https://www.idealista.com/inmueble/112107464/,sale,Córdoba,Córdoba,37.8919441,-4.7717387,False,es,Córdoba,Centro - Casco Histórico,Casco Histórico - Ollerías - Marrubial,,149000.0,flat,flat,80.0,,,3,1,,False,,False,,,,,renew,False,,,,,,,,,,,,,False,,2,
110384982,https://www.idealista.com/inmueble/110384982/,sale,Córdoba,Córdoba,37.883774,-4.7686476,True,es,Córdoba,Centro - Casco Histórico,Casco Histórico - Corredera - Ribera,,365000.0,chalet,independantHouse,372.0,,,4,3,,False,,False,,,,,good,,,,,,,,,,,,,,False,,,
111563966,https://www.idealista.com/inmueble/111563966/,sale,Córdoba,Córdoba,37.8755308,-4.791437,True,es,Córdoba,Zoco - Poniente - Vistalegre,Vistalegre - Parque Cruz - Universidades,,360000.0,flat,flat,184.0,,,5,2,,False,,False,,,,,good,True,,,,,,,,,,,,,True,,1,
112634805,https://www.idealista.com/inmueble/112634805/,sale,Córdoba,Córdoba,37.8706528,-4.7781579,True,es,Córdoba,Sector sur - Santa Cruz,Sector sur - Santa Cruz,,119000.0,flat,flat,70.0,,,3,1,,False,,False,,,,,renew,True,,,,,,,,,,,,,False,,3,
112367684,https://www.idealista.com/inmueble/112367684/,sale,Córdoba,Córdoba,37.875193,-4.7984365,True,es,Córdoba,Zoco - Poniente - Vistalegre,Vistalegre - Parque Cruz - Universidades,,179900.0,flat,flat,109.0,,,4,2,,False,,False,,,,,renew,True,,,,,,,,,,,,,False,,6,
111654390,https://www.idealista.com/inmueble/111654390/,sale,Córdoba,Córdoba,37.888626,-4.7541361,True,es,Córdoba,Fuensanta - Zona Arcángel,Cañero - Fidiana,,254900.0,chalet,independantHouse,160.0,,,3,3,,False,,False,,,,,good,,,,,,,,,,,,,,False,,,
110034346,https://www.idealista.com/inmueble/110034346/,sale,Córdoba,Córdoba,37.8810617,-4.7761009,True,es,Córdoba,Centro - Casco Histórico,Casco Histórico - Corredera - Ribera,,130000.0,flat,flat,58.0,,,1,1,,False,,False,,,,,good,False,,,,,,,,,,,,,False,,1,
112193132,https://www.idealista.com/inmueble/112193132/,sale,Córdoba,Córdoba,37.8898532,-4.7687304,True,es,Córdoba,Centro - Casco Histórico,Casco Histórico - Ollerías - Marrubial,,145500.0,flat,flat,69.0,,,2,1,,False,,False,,,,,good,False,,,,,,,,,,,,,False,,1,
112072853,https://www.idealista.com/inmueble/112072853/,sale,Córdoba,Córdoba,37.8826933,-4.7727759,True,es,Córdoba,Centro - Casco Histórico,Casco Histórico - Corredera - Ribera,,117900.0,flat,flat,43.0,,,1,1,,False,,False,,,,,good,False,,,,,,,,,,,,,False,,bj,
111832790,https://www.idealista.com/inmueble/111832790/,sale,Córdoba,Córdoba,37.888053,-4.773713,True,es,Córdoba,Centro - Casco Histórico,Casco Histórico - Ollerías - Marrubial,,325000.0,chalet,terracedHouse,118.0,,,4,2,,False,,False,,,,,good,,,,,,,,,,,,,,False,,,
111722383,https://www.idealista.com/inmueble/111722383/,sale,Córdoba,Córdoba,37.882775,-4.7755259,True,es,Córdoba,Centro - Casco Histórico,Casco Histórico - Corredera - Ribera,,550000.0,chalet,independantHouse,364.0,,,7,4,,False,,False,,,,,good,,,,,,,,,,,,,,False,,,
112537249,https://www.idealista.com/inmueble/112537249/,sale,Córdoba,Córdoba,37.8858508,-4.769027,False,es,Córdoba,Centro - Casco Histórico,Casco Histórico - Corredera - Ribera,,319900.0,flat,flat,200.0,,,8,4,,False,,False,,,,,good,True,,,,,,,,,,,,,False,,bj,
112436119,https://www.idealista.com/inmueble/112436119/,sale,Córdoba,Córdoba,37.893955,-4.7720167,True,es,Córdoba,Centro - Casco Histórico,San Cayetano,,239000.0,chalet,independantHouse,147.0,,,4,3,,False,,False,,,,,good,,,,,,,,,,,,,,False,,,
110891036,https://www.idealista.com/inmueble/110891036/,sale,Córdoba,Córdoba,37.8970227,-4.7743277,True,es,Córdoba,Santa Rosa - Valdeolleros,Valdeolleros - Zumbacón - Camping,,240000.0,flat,flat,130.0,,,4,2,,False,,False,,,,,good,True,,,,,,,,,,,,,True,,2,
112156915,https://www.idealista.com/inmueble/112156915/,sale,Córdoba,Córdoba,37.8901707,-4.7640541,True,es,Córdoba,Levante - Lepanto - Fátima,La Viñuela,,153500.0,flat,flat,114.0,,,3,1,,False,,False,,,,,good,False,,,,,,,,,,,,,False,,1,
112453819,https://www.idealista.com/inmueble/112453819/,sale,Córdoba,Córdoba,37.8900657,-4.7497232,True,es,Córdoba,Fuensanta - Zona Arcángel,Cañero - Fidiana,,360000.0,chalet,terracedHouse,173.0,,,5,3,,False,,False,,,,,good,,,,,,,,,,,,,,False,,,
112453668,https://www.idealista.com/inmueble/112453668/,sale,Córdoba,Córdoba,37.8649612,-4.7820973,True,es,Córdoba,Sector sur - Santa Cruz,Sector sur - Santa Cruz,,134900.0,flat,flat,99.0,,,3,1,,False,,False,,,,,good,True,,,,,,,,,,,,,False,,5,
111972603,https://www.idealista.com/inmueble/111972603/,sale,Córdoba,Córdoba,37.8861143,-4.7812498,True,es,Córdoba,Centro - Casco Histórico,Centro,,239900.0,flat,flat,120.0,,,3,2,,False,,False,,,,,good,True,,,,,,,,,,,,,False,,2,
111435507,https://www.idealista.com/inmueble/111435507/,sale,Córdoba,Córdoba,37.8969605,-4.7770819,True,es,Córdoba,Santa Rosa - Valdeolleros,Valdeolleros - Zumbacón - Camping,,179000.0,flat,flat,108.0,,,3,2,,False,,False,,,,,good,True,,,,,,,,,,,,,False,,bj,
111690460,https://www.idealista.com/inmueble/111690460/,sale,Córdoba,Córdoba,37.9188243,-4.7980072,True,es,Córdoba,Brillante - Trassierra - Naranjo,Brillante,,285000.0,chalet,terracedHouse,287.0,,,3,3,,False,,False,,,,,good,,,,,,,,,,,,,,True,,,
112637212,https://www.idealista.com/inmueble/112637212/,sale,Córdoba,Córdoba,37.8863512,-4.7759146,True,es,Córdoba,Centro - Casco Histórico,Casco Histórico - Ollerías - Marrubial,,550000.0,chalet,independantHouse,302.0,,,3,2,,False,,False,,,,,good,,,,,,,,,,,,,,True,,,
112501190,https://www.idealista.com/inmueble/112501190/,sale,Córdoba,Córdoba,37.9001661,-4.7536936,True,es,Córdoba,Levante - Lepanto - Fátima,Fátima - Campiñuela,,108400.0,flat,flat,47.0,,,1,1,,False,,False,,,,,good,True,,,,,,,,,,,,,False,,,
112016104,https://www.idealista.com/inmueble/112016104/,sale,Córdoba,Córdoba,37.8784642,-4.7760652,True,es,Córdoba,Centro - Casco Histórico,Casco Histórico - Corredera - Ribera,,220000.0,flat,flat,123.0,,,3,2,,False,,False,,,,,good,False,,,,,,,,,,,,,False,,1,
111372872,https://www.idealista.com/inmueble/111372872/,sale,Córdoba,Córdoba,37.8805088,-4.7693505,True,es,Córdoba,Centro - Casco Histórico,Casco Histórico - Corredera - Ribera,,219900.0,flat,flat,95.0,,,4,2,,False,,False,,,,,good,False,,,,,,,,,,,,,False,,2,
112581452,https://www.idealista.com/inmueble/112581452/,sale,Córdoba,Córdoba,37.8856607,-4.7806249,True,es,Córdoba,Centro - Casco Histórico,Centro,,149000.0,flat,flat,50.0,,,1,1,,False,,False,,,,,good,False,,,,,,,,,,,,,False,,bj,
112631242,https://www.idealista.com/inmueble/112631242/,sale,Córdoba,Córdoba,37.8888233,-4.7828566,True,es,Córdoba,Centro - Casco Histórico,Centro,,389000.0,flat,flat,160.0,,,6,2,,False,,False,,,,,good,True,,,,,,,,,,,,,False,,,
112301188,https://www.idealista.com/inmueble/112301188/,sale,Córdoba,Córdoba,37.8945699,-4.787726,True,es,Córdoba,Santa Rosa - Valdeolleros,Huerta de la Reina,,152900.0,flat,flat,104.0,,,4,1,,False,,False,,,,,good,False,,,,,,,,,,,,,False,,,
111718122,https://www.idealista.com/inmueble/111718122/,sale,Córdoba,Córdoba,37.9029386,-4.779494,True,es,Córdoba,Brillante - Trassierra - Naranjo,Brillante,,535000.0,chalet,independantHouse,205.0,,,4,3,,False,,False,,,,,good,,,,,,,,,,,,,,True,,,
112622057,https://www.idealista.com/inmueble/112622057/,sale,Córdoba,Córdoba,37.8793971,-4.7848505,True,es,Córdoba,Centro - Casco Histórico,Judería - San Basilio,,180000.0,flat,flat,117.0,,,3,2,,False,,False,,,,,renew,True,,,,,,,,,,,,,False,,3,
111539758,https://www.idealista.com/inmueble/111539758/,sale,Córdoba,Córdoba,37.8861278,-4.779992,True,es,Córdoba,Centro - Casco Histórico,Centro,,400000.0,flat,flat,190.0,,,6,3,,False,,False,,,,,good,True,,,,,,,,,,,,,True,,4,
112461631,https://www.idealista.com/inmueble/112461631/,sale,Córdoba,Córdoba,37.8836389,-4.7947564,True,es,Córdoba,Zoco - Poniente - Vistalegre,Huerta de la Marquesa,,155000.0,flat,flat,81.0,,,3,1,,False,,False,,,,,good,True,,,,,,,,,,,,,False,,bj,
112523562,https://www.idealista.com/inmueble/112523562/,sale,Córdoba,Córdoba,37.884749,-4.790142,True,es,Córdoba,Centro - Casco Histórico,Cercadilla - Medina Azahara,,169000.0,flat,flat,60.0,,,1,1,,False,,False,,,,,good,True,,,,,,,,,,,,,False,,,
109727554,https://www.idealista.com/inmueble/109727554/,sale,Córdoba,Córdoba,37.8868572,-4.7686192,False,es,Córdoba,Centro - Casco Histórico,Casco Histórico - Corredera - Ribera,,198000.0,flat,flat,120.0,,,4,2,,False,,False,,,,,good,False,,,,,,,,,,,,,False,,bj,
110747386,https://www.idealista.com/inmueble/110747386/,sale,Córdoba,Córdoba,37.8854785,-4.7657037,True,es,Córdoba,Centro - Casco Histórico,Casco Histórico - Corredera - Ribera,,199000.0,flat,flat,115.0,,,4,2,,False,,False,,,,,good,False,,,,,,,,,,,,,False,,,
112637252,https://www.idealista.com/inmueble/112637252/,sale,Córdoba,Córdoba,37.9023996,-4.7810263,True,es,Córdoba,Brillante - Trassierra - Naranjo,Brillante,,535000.0,chalet,independantHouse,205.0,,,4,3,,False,,False,,,,,good,,,,,,,,,,,,,,True,,,
110616246,https://www.idealista.com/inmueble/110616246/,sale,Córdoba,Córdoba,37.8869707,-4.7799322,True,es,Córdoba,Centro - Casco Histórico,El Vial - Ronda de Tejares,,295000.0,flat,flat,176.0,,,4,3,,False,,False,,,,,renew,True,,,,,,,,,,,,,True,,7,
112086707,https://www.idealista.com/inmueble/112086707/,sale,Córdoba,Córdoba,37.8791472,-4.7841733,False,es,Córdoba,Centro - Casco Histórico,Judería - San Basilio,,199900.0,flat,flat,86.0,,,3,1,,False,,False,,,,,good,False,,,,,,,,,,,,,False,,2,
112672688,https://www.idealista.com/inmueble/112672688/,sale,Córdoba,Córdoba,37.864055,-4.7743623,True,es,Córdoba,Sector sur - Santa Cruz,Sector sur - Santa Cruz,,45000.0,flat,flat,58.0,,,2,1,,False,,False,,,,,good,True,,,,,,,,,,,,,False,,4,
111857488,https://www.idealista.com/inmueble/111857488/,sale,Córdoba,Córdoba,37.8906502,-4.7551669,False,es,Córdoba,Fuensanta - Zona Arcángel,Cañero - Fidiana,,369900.0,chalet,terracedHouse,175.0,,,5,3,,False,,False,,,,,good,,,,,,,,,,,,,,False,,,
111689780,https://www.idealista.com/inmueble/111689780/,sale,Córdoba,Córdoba,37.8861477,-4.7730512,True,es,Córdoba,Centro - Casco Histórico,Casco Histórico - Ollerías - Marrubial,,220000.0,flat,flat,110.0,,,3,2,,False,,False,,,,,good,False,,,,,,,,,,,,,False,,3,
112669731,https://www.idealista.com/inmueble/112669731/,sale,Córdoba,Córdoba,37.8883641,-4.7611776,True,es,Córdoba,Levante - Lepanto - Fátima,La Viñuela,,140000.0,flat,flat,66.0,,,2,1,,False,,False,,,,,good,False,,,,,,,,,,,,,False,,,
111016490,https://www.idealista.com/inmueble/111016490/,sale,Córdoba,Córdoba,37.9092867,-4.8060404,True,es,Córdoba,Brillante - Trassierra - Naranjo,Brillante,,890000.0,chalet,independantHouse,587.0,,,6,4,,False,,False,,,,,good,,,,,,,,,,,,,,True,,,
111730415,https://www.idealista.com/inmueble/111730415/,sale,Córdoba,Córdoba,37.8944545,-4.7939624,True,es,Córdoba,Noreña - Figueroa,Tablero,,285000.0,flat,flat,138.0,,,4,2,,False,,False,,,,,good,True,,,,,,,,,,,,,True,,4,
111737386,https://www.idealista.com/inmueble/111737386/,sale,Córdoba,Córdoba,37.8924345,-4.7865471,True,es,Córdoba,Santa Rosa - Valdeolleros,Huerta de la Reina,,249000.0,chalet,independantHouse,220.0,,,5,3,,False,,False,,,,,good,,,,,,,,,,,,,,False,,,
111724296,https://www.idealista.com/inmueble/111724296/,sale,Córdoba,Córdoba,37.8710007,-4.7805884,True,es,Córdoba,Sector sur - Santa Cruz,Sector sur - Santa Cruz,,199000.0,flat,flat,110.0,,,3,1,,False,,False,,,,,good,True,,,,,,,,,,,,,False,,3,
110436226,https://www.idealista.com/inmueble/110436226/,sale,Córdoba,Córdoba,37.8872683,-4.7925982,True,es,Córdoba,Centro - Casco Histórico,Cercadilla - Medina Azahara,,214990.0,flat,flat,103.0,,,3,2,,False,,False,,,,,good,True,,,,,,,,,,,,,True,,,
107628067,https://www.idealista.com/inmueble/107628067/,sale,Córdoba,Córdoba,37.8974803,-4.8107396,True,es,Córdoba,Noreña - Figueroa,Tablero,,345000.0,chalet,independantHouse,188.0,,,5,3,,False,,False,,,,,good,,,,,,,,,,,,,,True,,,
112633003,https://www.idealista.com/inmueble/112633003/,sale,Córdoba,Córdoba,37.8931881,-4.7655409,True,es,Córdoba,Levante - Lepanto - Fátima,Levante,,129900.0,flat,flat,64.0,,,3,1,,False,,False,,,,,good,False,,,,,,,,,,,,,False,,,
112576851,https://www.idealista.com/inmueble/112576851/,sale,Córdoba,Córdoba,37.8968621,-4.7751871,True,es,Córdoba,Santa Rosa - Valdeolleros,Valdeolleros - Zumbacón - Camping,,189000.0,flat,flat,101.0,,,2,2,,False,,False,,,,,good,True,,,,,,,,,,,,,False,,,
110153816,https://www.idealista.com/inmueble/110153816/,sale,Córdoba,Córdoba,37.8722337,-4.7724622,True,es,Córdoba,Campo de la Verdad,Campo de la Verdad,,185000.0,flat,flat,109.0,,,3,2,,False,,False,,,,,good,True,,,,,,,,,,,,,False,,2,
110460541,https://www.idealista.com/inmueble/110460541/,sale,Córdoba,Córdoba,37.8642793,-4.7705662,True,es,Córdoba,Campo de la Verdad,Campo de la Verdad,,173500.0,chalet,semidetachedHouse,197.0,,,3,3,,False,,False,,,,,good,,,,,,,,,,,,,,True,,,
112413407,https://www.idealista.com/inmueble/112413407/,sale,Córdoba,Córdoba,37.8579525,-4.7738136,True,es,Córdoba,Sector sur - Santa Cruz,Sector sur - Santa Cruz,,215000.0,chalet,independantHouse,125.0,,,4,2,,False,,False,,,,,good,,,,,,,,,,,,,,True,,,
111265391,https://www.idealista.com/inmueble/111265391/,sale,Córdoba,Córdoba,37.8925696,-4.757215,True,es,Córdoba,Levante - Lepanto - Fátima,El Cairo,,180000.0,flat,flat,125.0,,,4,2,,False,,False,,,,,good,False,,,,,,,,,,,,,True,,2,
110627363,https://www.idealista.com/inmueble/110627363/,sale,Córdoba,Córdoba,37.8958712,-4.7601334,True,es,Córdoba,Levante - Lepanto - Fátima,Levante,,350000.0,chalet,semidetachedHouse,178.0,,,3,3,,False,,False,,,,,good,,,,,,,,,,,,,,False,,,
112497867,https://www.idealista.com/inmueble/112497867/,sale,Córdoba,Córdoba,37.8794508,-4.7859338,True,es,Córdoba,Centro - Casco Histórico,Judería - San Basilio,,199000.0,flat,flat,70.0,,,2,1,,False,,False,,,,,good,True,,,,,,,,,,,,,True,,bj,
112670002,https://www.idealista.com/inmueble/112670002/,sale,Córdoba,Córdoba,37.891961,-4.7614158,True,es,Córdoba,Levante - Lepanto - Fátima,La Viñuela,,140000.0,flat,flat,66.0,,,2,1,,False,,False,,,,,good,False,,,,,,,,,,,,,False,,3,
111524972,https://www.idealista.com/inmueble/111524972/,sale,Córdoba,Córdoba,37.8741577,-4.7931218,True,es,Córdoba,Zoco - Poniente - Vistalegre,Vistalegre - Parque Cruz - Universidades,,360000.0,flat,flat,184.0,,,5,2,,False,,False,,,,,good,True,,,,,,,,,,,,,True,,1,
112339877,https://www.idealista.com/inmueble/112339877/,sale,Córdoba,Córdoba,37.8922835,-4.776801,True,es,Córdoba,Centro - Casco Histórico,Casco Histórico - Ollerías - Marrubial,,339900.0,chalet,independantHouse,235.0,,,7,3,,False,,False,,,,,good,,,,,,,,,,,,,,False,,,
111003869,https://www.idealista.com/inmueble/111003869/,sale,Córdoba,Córdoba,37.8903408,-4.7732034,True,es,Córdoba,Centro - Casco Histórico,Casco Histórico - Ollerías - Marrubial,,308000.0,chalet,independantHouse,246.0,,,8,3,,False,,False,,,,,renew,,,,,,,,,,,,,,False,,,
111820512,https://www.idealista.com/inmueble/111820512/,sale,Córdoba,Córdoba,37.8956505,-4.7571791,True,es,Córdoba,Levante - Lepanto - Fátima,El Cairo,,169000.0,flat,flat,75.0,,,3,1,,False,,False,,,,,good,True,,,,,,,,,,,,,True,,5,
111980502,https://www.idealista.com/inmueble/111980502/,sale,Córdoba,Córdoba,37.8885093,-4.7821135,True,es,Córdoba,Centro - Casco Histórico,El Vial - Ronda de Tejares,,1300000.0,flat,flat,565.0,,,6,5,,False,,False,,,,,good,True,,,,,,,,,,,,,True,,3,
110750447,https://www.idealista.com/inmueble/110750447/,sale,Córdoba,Córdoba,37.9024444,-4.7870524,True,es,Córdoba,Brillante - Trassierra - Naranjo,Brillante,,699990.0,chalet,independantHouse,566.0,,,7,5,,False,,False,,,,,good,,,,,,,,,,,,,,True,,,
111411312,https://www.idealista.com/inmueble/111411312/,sale,Córdoba,Córdoba,37.8978615,-4.7750955,True,es,Córdoba,Santa Rosa - Valdeolleros,Santa Rosa - San José,,179900.0,flat,flat,110.0,,,3,1,,False,,False,,,,,good,True,,,,,,,,,,,,,False,,bj,
112376308,https://www.idealista.com/inmueble/112376308/,sale,Córdoba,Córdoba,37.9131198,-4.7926972,True,es,Córdoba,Brillante - Trassierra - Naranjo,Brillante,,744900.0,chalet,independantHouse,397.0,,,4,3,,False,,False,,,,,good,,,,,,,,,,,,,,True,,,
112555987,https://www.idealista.com/inmueble/112555987/,sale,Córdoba,Córdoba,37.8982748,-4.7764312,True,es,Córdoba,Santa Rosa - Valdeolleros,Valdeolleros - Zumbacón - Camping,,189000.0,flat,flat,101.0,,,2,2,,False,,False,,,,,good,True,,,,,,,,,,,,,False,,1,
112420942,https://www.idealista.com/inmueble/112420942/,sale,Córdoba,Córdoba,37.8862054,-4.7800699,True,es,Córdoba,Centro - Casco Histórico,Centro,,239000.0,flat,flat,100.0,,,2,2,,False,,False,,,,,good,True,,,,,,,,,,,,,False,,5,
106300872,https://www.idealista.com/inmueble/106300872/,sale,Córdoba,Córdoba,37.8919158,-4.7769971,True,es,Córdoba,Centro - Casco Histórico,Casco Histórico - Ollerías - Marrubial,,339900.0,chalet,independantHouse,235.0,,,7,3,,False,,False,,,,,good,,,,,,,,,,,,,,False,,,
112540598,https://www.idealista.com/inmueble/112540598/,sale,Córdoba,Córdoba,37.9031461,-4.78722,True,es,Córdoba,Brillante - Trassierra - Naranjo,Brillante,,489000.0,chalet,independantHouse,180.0,,,5,4,,False,,False,,,,,good,,,,,,,,,,,,,,True,,,
112555526,https://www.idealista.com/inmueble/112555526/,sale,Córdoba,Córdoba,37.895605,-4.7669603,True,es,Córdoba,Levante - Lepanto - Fátima,Levante,,129900.0,flat,flat,64.0,,,3,1,,False,,False,,,,,good,False,,,,,,,,,,,,,False,,4,
112066945,https://www.idealista.com/inmueble/112066945/,sale,Córdoba,Córdoba,37.8849313,-4.7852075,True,es,Córdoba,Centro - Casco Histórico,Centro,,239000.0,flat,flat,107.0,,,3,2,,False,,False,,,,,good,True,,,,,,,,,,,,,False,,2,
110561792,https://www.idealista.com/inmueble/110561792/,sale,Córdoba,Córdoba,37.8809391,-4.7884309,True,es,Córdoba,Ciudad Jardín,Ciudad Jardín,,124900.0,flat,flat,48.0,,,2,1,,False,,False,,,,,good,True,,,,,,,,,,,,,False,,1,
109904378,https://www.idealista.com/inmueble/109904378/,sale,Córdoba,Córdoba,37.884862,-4.768399,True,es,Córdoba,Centro - Casco Histórico,Casco Histórico - Corredera - Ribera,,93900.0,flat,flat,45.0,,,1,1,,False,,False,,,,,good,False,,,,,,,,,,,,,False,,bj,
112484321,https://www.idealista.com/inmueble/112484321/,sale,Córdoba,Córdoba,37.8950785,-4.7635473,False,es,Córdoba,Levante - Lepanto - Fátima,Levante,,99900.0,flat,flat,80.0,,,3,1,,False,,False,,,,,good,False,,,,,,,,,,,,,False,,4,
110816879,https://www.idealista.com/inmueble/110816879/,sale,Córdoba,Córdoba,37.8768358,-4.7965874,True,es,Córdoba,Zoco - Poniente - Vistalegre,Vistalegre - Parque Cruz - Universidades,,205000.0,flat,flat,111.0,,,4,2,,False,,False,,,,,good,True,,,,,,,,,,,,,False,,2,
111965605,https://www.idealista.com/inmueble/111965605/,sale,Córdoba,Córdoba,37.8912089,-4.7819392,True,es,Córdoba,Centro - Casco Histórico,El Vial - Ronda de Tejares,,1300000.0,flat,flat,565.0,,,6,5,,False,,False,,,,,good,True,,,,,,,,,,,,,True,,3,
111976568,https://www.idealista.com/inmueble/111976568/,sale,Córdoba,Córdoba,37.894729,-4.7610711,True,es,Córdoba,Levante - Lepanto - Fátima,Levante,,158500.0,flat,flat,72.0,,,3,1,,False,,False,,,,,good,True,,,,,,,,,,,,,False,,,
112418423,https://www.idealista.com/inmueble/112418423/,sale,Córdoba,Córdoba,37.884705,-4.7777389,True,es,Córdoba,Centro - Casco Histórico,Judería - San Basilio,,374900.0,flat,flat,182.0,,,5,3,,False,,False,,,,,good,True,,,,,,,,,,,,,True,,2,
111114281,https://www.idealista.com/inmueble/111114281/,sale,Córdoba,Córdoba,37.875596,-4.7983757,True,es,Córdoba,Zoco - Poniente - Vistalegre,Vistalegre - Parque Cruz - Universidades,,225000.0,flat,flat,112.0,,,4,2,,False,,False,,,,,good,True,,,,,,,,,,,,,False,,,
110477238,https://www.idealista.com/inmueble/110477238/,sale,Córdoba,Córdoba,37.9095427,-4.7784022,True,es,Córdoba,Brillante - Trassierra - Naranjo,Naranjo - Mirabueno,,139900.0,flat,flat,68.0,,,2,2,,False,,False,,,,,good,False,,,,,,,,,,,,,False,,,
110875235,https://www.idealista.com/inmueble/110875235/,sale,Córdoba,Córdoba,37.8857526,-4.7933875,True,es,Córdoba,Ciudad Jardín,Ciudad Jardín,,214900.0,flat,flat,96.0,,,3,2,,False,,False,,,,,good,True,,,,,,,,,,,,,False,,,
112527218,https://www.idealista.com/inmueble/112527218/,sale,Córdoba,Córdoba,37.8928718,-4.7872736,True,es,Córdoba,Santa Rosa - Valdeolleros,Huerta de la Reina,,145000.0,flat,flat,72.0,,,3,1,,False,,False,,,,,good,False,,,,,,,,,,,,,False,,,
111248036,https://www.idealista.com/inmueble/111248036/,sale,Córdoba,Córdoba,37.8801267,-4.7929898,True,es,Córdoba,Ciudad Jardín,Ciudad Jardín,,229900.0,flat,flat,129.0,,,4,2,,False,,False,,,,,good,True,,,,,,,,,,,,,False,,,
112509026,https://www.idealista.com/inmueble/112509026/,sale,Córdoba,Córdoba,37.8795178,-4.7902085,True,es,Córdoba,Ciudad Jardín,Ciudad Jardín,,189000.0,flat,flat,116.0,,,4,2,,False,,False,,,,,good,True,,,,,,,,,,,,,False,,1,
111622863,https://www.idealista.com/inmueble/111622863/,sale,Córdoba,Córdoba,37.8912731,-4.815735,True,es,Córdoba,Noreña - Figueroa,Noreña - Turruñuelos,,285000.0,flat,flat,151.0,,,3,2,,False,,False,,,,,good,True,,,,,,,,,,,,,True,,,
111703689,https://www.idealista.com/inmueble/111703689/,sale,Córdoba,Córdoba,37.8840639,-4.7885144,True,es,Córdoba,Ciudad Jardín,Ciudad Jardín,,179998.0,flat,flat,60.0,,,2,1,,False,,False,,,,,good,True,,,,,,,,,,,,,False,,,
110303550,https://www.idealista.com/inmueble/110303550/,sale,Córdoba,Córdoba,37.8814245,-4.780599,True,es,Córdoba,Centro - Casco Histórico,Judería - San Basilio,,350000.0,flat,flat,164.0,,,3,2,,False,,False,,,,,good,False,,,,,,,,,,,,,False,,,
107922546,https://www.idealista.com/inmueble/107922546/,sale,Córdoba,Córdoba,37.8825738,-4.7794339,True,es,Córdoba,Centro - Casco Histórico,Centro,,259900.0,flat,flat,77.0,,,2,1,,False,,False,,,,,good,False,,,,,,,,,,,,,False,,,
110187535,https://www.idealista.com/inmueble/110187535/,sale,Córdoba,Córdoba,37.88288,-4.7920909,True,es,Córdoba,Ciudad Jardín,Ciudad Jardín,,129899.0,flat,flat,60.0,,,2,1,,False,,False,,,,,good,True,,,,,,,,,,,,,False,,,
112032520,https://www.idealista.com/inmueble/112032520/,sale,Córdoba,Córdoba,37.9147116,-4.8052914,True,es,Córdoba,Brillante - Trassierra - Naranjo,Brillante,,550000.0,chalet,independantHouse,184.0,,,5,2,,False,,False,,,,,good,,,,,,,,,,,,,,True,,,
112244509,https://www.idealista.com/inmueble/112244509/,sale,Córdoba,Córdoba,37.8809362,-4.7943845,True,es,Córdoba,Ciudad Jardín,Ciudad Jardín,,119999.0,flat,flat,62.0,,,3,1,,False,,False,,,,,good,False,,,,,,,,,,,,,False,,,
112105920,https://www.idealista.com/inmueble/112105920/,sale,Córdoba,Córdoba,37.8835464,-4.7885097,True,es,Córdoba,Ciudad Jardín,Ciudad Jardín,,139900.0,flat,flat,76.0,,,2,1,,False,,False,,,,,good,True,,,,,,,,,,,,,False,,,
112555418,https://www.idealista.com/inmueble/112555418/,sale,Córdoba,Córdoba,37.8625328,-4.7708697,True,es,Córdoba,Campo de la Verdad,Campo de la Verdad,,84600.0,chalet,independantHouse,60.0,,,2,1,,False,,False,,,,,good,,,,,,,,,,,,,,False,,,
110973411,https://www.idealista.com/inmueble/110973411/,sale,Córdoba,Córdoba,37.8839348,-4.7763952,True,es,Córdoba,Centro - Casco Histórico,Casco Histórico - Corredera - Ribera,,680000.0,chalet,independantHouse,500.0,,,10,4,,False,,False,,,,,good,,,,,,,,,,,,,,True,,,
109326230,https://www.idealista.com/inmueble/109326230/,sale,Córdoba,Córdoba,37.8675724,-4.7752677,True,es,Córdoba,Campo de la Verdad,Campo de la Verdad,,150000.0,chalet,semidetachedHouse,270.0,,,3,1,,False,,False,,,,,good,,,,,,,,,,,,,,True,,,
107691198,https://www.idealista.com/inmueble/107691198/,sale,Córdoba,Córdoba,37.8882143,-4.7799622,True,es,Córdoba,Centro - Casco Histórico,Centro,,1300000.0,chalet,independantHouse,425.0,,,4,5,,False,,False,,,,,good,,,,,,,,,,,,,,True,,,
111972078,https://www.idealista.com/inmueble/111972078/,sale,Córdoba,Córdoba,37.8867485,-4.785259,True,es,Córdoba,Centro - Casco Histórico,Centro,,240000.0,flat,flat,126.0,,,3,2,,False,,False,,,,,good,True,,,,,,,,,,,,,False,,2,
112205074,https://www.idealista.com/inmueble/112205074/,sale,Córdoba,Córdoba,37.8809611,-4.7732561,True,es,Córdoba,Centro - Casco Histórico,Casco Histórico - Corredera - Ribera,,220000.0,flat,flat,123.0,,,4,2,,False,,False,,,,,good,False,,,,,,,,,,,,,False,,1,
112013039,https://www.idealista.com/inmueble/112013039/,sale,Córdoba,Córdoba,37.8821884,-4.7696667,True,es,Córdoba,Centro - Casco Histórico,Casco Histórico - Corredera - Ribera,,169900.0,flat,flat,114.0,,,3,2,,False,,False,,,,,good,False,,,,,,,,,,,,,False,,1,
112496983,https://www.idealista.com/inmueble/112496983/,sale,Córdoba,Córdoba,37.8941047,-4.7731297,True,es,Córdoba,Centro - Casco Histórico,San Cayetano,,239000.0,chalet,independantHouse,147.0,,,4,3,,False,,False,,,,,good,,,,,,,,,,,,,,False,,,
111977886,https://www.idealista.com/inmueble/111977886/,sale,Córdoba,Córdoba,37.8911586,-4.760585,True,es,Córdoba,Levante - Lepanto - Fátima,La Viñuela,,138000.0,flat,flat,72.0,,,3,1,,False,,False,,,,,good,False,,,,,,,,,,,,,False,,1,
111914843,https://www.idealista.com/inmueble/111914843/,sale,Córdoba,Córdoba,37.8851195,-4.7957791,True,es,Córdoba,Ciudad Jardín,Ciudad Jardín,,123000.0,flat,flat,59.0,,,2,1,,False,,False,,,,,good,True,,,,,,,,,,,,,False,,5,
111926739,https://www.idealista.com/inmueble/111926739/,sale,Córdoba,Córdoba,37.9037607,-4.786748,True,es,Córdoba,Brillante - Trassierra - Naranjo,Brillante,,489000.0,flat,flat,180.0,,,5,4,,False,,False,,,,,good,False,,,,,,,,,,,,,True,,1,
111930570,https://www.idealista.com/inmueble/111930570/,sale,Córdoba,Córdoba,37.8675706,-4.776245,True,es,Córdoba,Sector sur - Santa Cruz,Sector sur - Santa Cruz,,99000.0,flat,flat,80.0,,,3,1,,False,,False,,,,,good,True,,,,,,,,,,,,,False,,5,
110232302,https://www.idealista.com/inmueble/110232302/,sale,Córdoba,Córdoba,37.8851037,-4.7815234,True,es,Córdoba,Centro - Casco Histórico,Centro,,385000.0,flat,flat,189.0,,,6,3,,False,,False,,,,,good,True,,,,,,,,,,,,,True,,2,
111743296,https://www.idealista.com/inmueble/111743296/,sale,Córdoba,Córdoba,37.8832712,-4.7674316,False,es,Córdoba,Centro - Casco Histórico,Casco Histórico - Corredera - Ribera,,93900.0,flat,flat,50.0,,,1,1,,False,,False,,,,,good,True,,,,,,,,,,,,,False,,bj,
112458193,https://www.idealista.com/inmueble/112458193/,sale,Córdoba,Córdoba,37.9113552,-4.7817952,True,es,Córdoba,Brillante - Trassierra - Naranjo,Naranjo - Mirabueno,,157500.0,flat,flat,98.0,,,2,3,,False,,False,,,,,good,False,,,,,,,,,,,,,False,,ss,
108361031,https://www.idealista.com/inmueble/108361031/,sale,Córdoba,Córdoba,37.8852398,-4.7598949,True,es,Córdoba,Fuensanta - Zona Arcángel,Fuensanta - Arcángel - Santuario,,99875.0,flat,flat,100.0,,,3,2,,False,,False,,,,,good,False,,,,,,,,,,,,,False,,4,
112633011,https://www.idealista.com/inmueble/112633011/,sale,Córdoba,Córdoba,37.880525,-4.7653051,True,es,Córdoba,Fuensanta - Zona Arcángel,Fuensanta - Arcángel - Santuario,,125000.0,flat,flat,84.0,,,3,1,,False,,False,,,,,good,True,,,,,,,,,,,,,False,,1,
111926888,https://www.idealista.com/inmueble/111926888/,sale,Córdoba,Córdoba,37.9041537,-4.7877555,True,es,Córdoba,Brillante - Trassierra - Naranjo,Brillante,,489000.0,flat,flat,180.0,,,5,4,,False,,False,,,,,good,False,,,,,,,,,,,,,True,,1,
111764857,https://www.idealista.com/inmueble/111764857/,sale,Córdoba,Córdoba,37.8964399,-4.7750346,False,es,Córdoba,Santa Rosa - Valdeolleros,Valdeolleros - Zumbacón - Camping,,179000.0,flat,flat,90.0,,,3,2,,False,,False,,,,,good,True,,,,,,,,,,,,,True,,bj,
111786773,https://www.idealista.com/inmueble/111786773/,sale,Córdoba,Córdoba,37.8957618,-4.7612471,True,es,Córdoba,Levante - Lepanto - Fátima,Levante,,119995.0,flat,flat,80.0,,,4,1,,False,,False,,,,,renew,False,,,,,,,,,,,,,False,,3,
109616694,https://www.idealista.com/inmueble/109616694/,sale,Córdoba,Córdoba,37.9036428,-4.7845211,True,es,Córdoba,Brillante - Trassierra - Naranjo,Brillante,,956000.0,chalet,independantHouse,792.0,,,9,7,,False,,False,,,,,good,,,,,,,,,,,,,,True,,,
111926648,https://www.idealista.com/inmueble/111926648/,sale,Córdoba,Córdoba,37.9003651,-4.7830905,True,es,Córdoba,Santa Rosa - Valdeolleros,Santa Rosa - San José,,230000.0,flat,flat,82.0,,,3,1,,False,,False,,,,,renew,True,,,,,,,,,,,,,True,,4,
112072567,https://www.idealista.com/inmueble/112072567/,sale,Córdoba,Córdoba,37.9055071,-4.7804009,True,es,Córdoba,Brillante - Trassierra - Naranjo,Brillante,,535000.0,chalet,independantHouse,205.0,,,4,3,,False,,False,,,,,good,,,,,,,,,,,,,,True,,,
112231499,https://www.idealista.com/inmueble/112231499/,sale,Córdoba,Córdoba,37.8856516,-4.7600599,False,es,Córdoba,Fuensanta - Zona Arcángel,Fuensanta - Arcángel - Santuario,,132900.0,flat,flat,79.0,,,3,1,,False,,False,,,,,good,True,,,,,,,,,,,,,False,,4,
112631241,https://www.idealista.com/inmueble/112631241/,sale,Córdoba,Córdoba,37.8798364,-4.7851641,True,es,Córdoba,Centro - Casco Histórico,Judería - San Basilio,,172500.0,flat,flat,90.0,,,3,1,,False,,False,,,,,good,False,,,,,,,,,,,,,True,,1,
112327164,https://www.idealista.com/inmueble/112327164/,sale,Córdoba,Córdoba,37.8635691,-4.7783582,False,es,Córdoba,Sector sur - Santa Cruz,Sector sur - Santa Cruz,,116000.0,flat,flat,116.0,,,4,2,,False,,False,,,,,good,True,,,,,,,,,,,,,False,,4,
111980976,https://www.idealista.com/inmueble/111980976/,sale,Córdoba,Córdoba,37.881167,-4.7944933,True,es,Córdoba,Zoco - Poniente - Vistalegre,Huerta de la Marquesa,,155000.0,flat,flat,90.0,,,3,1,,False,,False,,,,,good,True,,,,,,,,,,,,,False,,,
109849783,https://www.idealista.com/inmueble/109849783/,sale,Córdoba,Córdoba,37.8966485,-4.775939,True,es,Córdoba,Santa Rosa - Valdeolleros,Valdeolleros - Zumbacón - Camping,,165000.0,chalet,terracedHouse,135.0,,,2,1,,False,,False,,,,,renew,,,,,,,,,,,,,,False,,,
106218412,https://www.idealista.com/inmueble/106218412/,sale,Córdoba,Córdoba,37.9073079,-4.7793723,True,es,Córdoba,Brillante - Trassierra - Naranjo,Naranjo - Mirabueno,,110500.0,flat,flat,120.0,,,4,3,,False,,False,,,,,good,False,,,,,,,,,,,,,False,,1,
106218300,https://www.idealista.com/inmueble/106218300/,sale,Córdoba,Córdoba,37.8766498,-4.7637718,True,es,Córdoba,Fuensanta - Zona Arcángel,Fuensanta - Arcángel - Santuario,,160000.0,flat,flat,114.0,,,4,3,,False,,False,,,,,good,True,,,,,,,,,,,,,False,,5,
112008995,https://www.idealista.com/inmueble/112008995/,sale,Córdoba,Córdoba,37.9087639,-4.7795318,True,es,Córdoba,Brillante - Trassierra - Naranjo,Naranjo - Mirabueno,,194900.0,chalet,terracedHouse,145.0,,,5,1,,False,,False,,,,,good,,,,,,,,,,,,,,True,,,
111570361,https://www.idealista.com/inmueble/111570361/,sale,Córdoba,Córdoba,37.8963559,-4.7984533,True,es,Córdoba,Noreña - Figueroa,Tablero,,255000.0,flat,flat,120.0,,,3,2,,False,,False,,,,,good,True,,,,,,,,,,,,,True,,4,
112409267,https://www.idealista.com/inmueble/112409267/,sale,Córdoba,Córdoba,37.8973316,-4.8107393,True,es,Córdoba,Noreña - Figueroa,Tablero,,344800.0,chalet,terracedHouse,215.0,,,6,4,,False,,False,,,,,good,,,,,,,,,,,,,,False,,,
111210961,https://www.idealista.com/inmueble/111210961/,sale,Córdoba,Córdoba,37.880103,-4.7685554,True,es,Córdoba,Fuensanta - Zona Arcángel,Fuensanta - Arcángel - Santuario,,150000.0,flat,flat,97.0,,,3,2,,False,,False,,,,,good,False,,,,,,,,,,,,,False,,2,
108340934,https://www.idealista.com/inmueble/108340934/,sale,Córdoba,Córdoba,37.8971322,-4.7596315,True,es,Córdoba,Levante - Lepanto - Fátima,Levante,,92000.0,flat,flat,78.0,,,2,1,,False,,False,,,,,good,False,,,,,,,,,,,,,False,,4,
112591520,https://www.idealista.com/inmueble/112591520/,sale,Córdoba,Córdoba,37.8983909,-4.7774297,True,es,Córdoba,Santa Rosa - Valdeolleros,Valdeolleros - Zumbacón - Camping,,155000.0,flat,flat,79.0,,,3,1,,False,,False,,,,,good,False,,,,,,,,,,,,,False,,,
111246175,https://www.idealista.com/inmueble/111246175/,sale,Córdoba,Córdoba,37.8869856,-4.7551793,True,es,Córdoba,Fuensanta - Zona Arcángel,Cañero - Fidiana,,280000.0,chalet,independantHouse,104.0,,,4,2,,False,,False,,,,,good,,,,,,,,,,,,,,False,,,
110430848,https://www.idealista.com/inmueble/110430848/,sale,Córdoba,Córdoba,37.8922366,-4.7751144,True,es,Córdoba,Centro - Casco Histórico,Casco Histórico - Ollerías - Marrubial,,339000.0,chalet,independantHouse,235.0,,,7,3,,False,,False,,,,,good,,,,,,,,,,,,,,False,,,
111203601,https://www.idealista.com/inmueble/111203601/,sale,Córdoba,Córdoba,37.8946157,-4.8099072,True,es,Córdoba,Noreña - Figueroa,Tablero,,614500.0,chalet,terracedHouse,257.0,,,6,4,,False,,False,,,,,good,,,,,,,,,,,,,,True,,,
112028331,https://www.idealista.com/inmueble/112028331/,sale,Córdoba,Córdoba,37.8947218,-4.7854145,True,es,Córdoba,Santa Rosa - Valdeolleros,Huerta de la Reina,,195000.0,flat,flat,119.0,,,4,2,,False,,False,,,,,good,False,,,,,,,,,,,,,False,,1,
103229025,https://www.idealista.com/inmueble/103229025/,sale,Córdoba,Córdoba,37.8985142,-4.7506825,True,es,Córdoba,Levante - Lepanto - Fátima,Fátima - Campiñuela,,600000.0,chalet,independantHouse,453.0,,,6,5,,False,,False,,,,,good,,,,,,,,,,,,,,True,,,
112540898,https://www.idealista.com/inmueble/112540898/,sale,Córdoba,Córdoba,37.8737809,-4.759694,True,es,Córdoba,Fuensanta - Zona Arcángel,Fuensanta - Arcángel - Santuario,,135000.0,flat,flat,70.0,,,2,1,,False,,False,,,,,good,False,,,,,,,,,,,,,False,,1,
104081567,https://www.idealista.com/inmueble/104081567/,sale,Córdoba,Córdoba,37.8808119,-4.780773,True,es,Córdoba,Centro - Casco Histórico,Judería - San Basilio,,300000.0,flat,flat,166.0,,,5,2,,False,,False,,,,,renew,False,,,,,,,,,,,,,False,,1,
107301451,https://www.idealista.com/inmueble/107301451/,sale,Córdoba,Córdoba,37.8825072,-4.7733821,True,es,Córdoba,Centro - Casco Histórico,Casco Histórico - Corredera - Ribera,,125000.0,duplex,duplex,55.0,,,1,1,,True,,False,,,,,good,False,,,,,,,,,,,,,False,,1,
103275435,https://www.idealista.com/inmueble/103275435/,sale,Córdoba,Córdoba,37.8917324,-4.7718967,True,es,Córdoba,Centro - Casco Histórico,Casco Histórico - Ollerías - Marrubial,,550000.0,chalet,terracedHouse,301.0,,,7,4,,False,,False,,,,,good,,,,,,,,,,,,,,True,,,
111866229,https://www.idealista.com/inmueble/111866229/,sale,Córdoba,Córdoba,37.8894174,-4.7594045,True,es,Córdoba,Levante - Lepanto - Fátima,La Viñuela,,205000.0,flat,flat,77.0,,,3,2,,False,,False,,,,,good,True,,,,,,,,,,,,,False,,2,
108460948,https://www.idealista.com/inmueble/108460948/,sale,Córdoba,Córdoba,37.8968961,-4.7776848,True,es,Córdoba,Santa Rosa - Valdeolleros,Valdeolleros - Zumbacón - Camping,,154900.0,flat,flat,92.0,,,3,1,,False,,False,,,,,good,False,,,,,,,,,,,,,False,,2,
109864936,https://www.idealista.com/inmueble/109864936/,sale,Córdoba,Córdoba,37.8907724,-4.762062,True,es,Córdoba,Levante - Lepanto - Fátima,La Viñuela,,142500.0,flat,flat,87.0,,,2,1,,False,,False,,,,,good,False,,,,,,,,,,,,,False,,2,
111339406,https://www.idealista.com/inmueble/111339406/,sale,Córdoba,Córdoba,37.8907048,-4.7878311,True,es,Córdoba,Noreña - Figueroa,Carretera Trassierra - Colonia de la Paz,,125000.0,flat,flat,50.0,,,1,1,,False,,False,,,,,good,True,,,,,,,,,,,,,False,,bj,
111039816,https://www.idealista.com/inmueble/111039816/,sale,Córdoba,Córdoba,37.8912584,-4.7649214,True,es,Córdoba,Centro - Casco Histórico,Casco Histórico - Ollerías - Marrubial,,258000.0,chalet,independantHouse,155.0,,,4,2,,False,,False,,,,,good,,,,,,,,,,,,,,True,,,
112509398,https://www.idealista.com/inmueble/112509398/,sale,Córdoba,Córdoba,37.8940913,-4.7925664,True,es,Córdoba,Noreña - Figueroa,Tablero,,285000.0,flat,flat,138.0,,,4,2,,False,,False,,,,,good,True,,,,,,,,,,,,,True,,4,
112552249,https://www.idealista.com/inmueble/112552249/,sale,Córdoba,Córdoba,37.883844,-4.7814984,True,es,Córdoba,Centro - Casco Histórico,Centro,,720000.0,penthouse,penthouse,272.0,,,5,4,,False,,False,,,,,good,True,,,,,,,,,,,,,True,,4,
112029409,https://www.idealista.com/inmueble/112029409/,sale,Córdoba,Córdoba,37.8793667,-4.7928468,True,es,Córdoba,Ciudad Jardín,Ciudad Jardín,,113900.0,flat,flat,58.0,,,1,1,,False,,False,,,,,good,False,,,,,,,,,,,,,False,,,
112504008,https://www.idealista.com/inmueble/112504008/,sale,Córdoba,Córdoba,37.8795858,-4.7916385,True,es,Córdoba,Ciudad Jardín,Ciudad Jardín,,229900.0,flat,flat,129.0,,,4,2,,False,,False,,,,,good,True,,,,,,,,,,,,,False,,1,
110507606,https://www.idealista.com/inmueble/110507606/,sale,Córdoba,Córdoba,37.8924254,-4.7613531,True,es,Córdoba,Levante - Lepanto - Fátima,La Viñuela,,319000.0,penthouse,penthouse,90.0,,,3,2,,False,,False,,,,,good,True,,,,,,,,,,,,,True,,3,
110539295,https://www.idealista.com/inmueble/110539295/,sale,Córdoba,Córdoba,37.8830977,-4.7816554,True,es,Córdoba,Centro - Casco Histórico,Centro,,179000.0,duplex,duplex,50.0,,,1,1,,True,,False,,,,,good,False,,,,,,,,,,,,,False,,bj,
111947249,https://www.idealista.com/inmueble/111947249/,sale,Córdoba,Córdoba,37.8875249,-4.7843404,True,es,Córdoba,Centro - Casco Histórico,Centro,,240000.0,flat,flat,126.0,,,3,2,,False,,False,,,,,good,True,,,,,,,,,,,,,False,,2,
112020205,https://www.idealista.com/inmueble/112020205/,sale,Córdoba,Córdoba,37.8621148,-4.7706588,True,es,Córdoba,Campo de la Verdad,Campo de la Verdad,,93000.0,chalet,independantHouse,83.0,,,3,1,,False,,False,,,,,renew,,,,,,,,,,,,,,False,,,
111951888,https://www.idealista.com/inmueble/111951888/,sale,Córdoba,Córdoba,37.8818053,-4.7936978,True,es,Córdoba,Ciudad Jardín,Ciudad Jardín,,114900.0,flat,flat,55.0,,,2,1,,False,,False,,,,,good,True,,,,,,,,,,,,,False,,,
111888746,https://www.idealista.com/inmueble/111888746/,sale,Córdoba,Córdoba,37.8927453,-4.7701235,True,es,Córdoba,Centro - Casco Histórico,Casco Histórico - Ollerías - Marrubial,,88500.0,flat,flat,26.0,,,1,1,,False,,False,,,,,good,False,,,,,,,,,,,,,False,,bj,
111371617,https://www.idealista.com/inmueble/111371617/,sale,Córdoba,Córdoba,37.8885852,-4.7886323,True,es,Córdoba,Centro - Casco Histórico,Cercadilla - Medina Azahara,,368380.0,flat,flat,129.0,,,3,2,,False,,False,,,,,good,True,,,,,,,,,,,,,True,,6,
110458840,https://www.idealista.com/inmueble/110458840/,sale,Córdoba,Córdoba,37.8862216,-4.7683715,True,es,Córdoba,Centro - Casco Histórico,Casco Histórico - Corredera - Ribera,,285000.0,chalet,independantHouse,347.0,,,5,3,,False,,False,,,,,good,,,,,,,,,,,,,,True,,,
112554447,https://www.idealista.com/inmueble/112554447/,sale,Córdoba,Córdoba,37.9097589,-4.7785478,True,es,Córdoba,Brillante - Trassierra - Naranjo,Naranjo - Mirabueno,,94900.0,flat,flat,74.0,,,3,1,,False,,False,,,,,renew,False,,,,,,,,,,,,,False,,3,
112578280,https://www.idealista.com/inmueble/112578280/,sale,Córdoba,Córdoba,37.865407,-4.7704984,True,es,Córdoba,Campo de la Verdad,Campo de la Verdad,,58000.0,chalet,semidetachedHouse,46.0,,,1,1,,False,,False,,,,,good,,,,,,,,,,,,,,False,,,
111878943,https://www.idealista.com/inmueble/111878943/,sale,Córdoba,Córdoba,37.8969234,-4.7878992,True,es,Córdoba,Santa Rosa - Valdeolleros,Huerta de la Reina,,123000.0,flat,flat,65.0,,,2,1,,False,,False,,,,,good,False,,,,,,,,,,,,,False,,2,
111914820,https://www.idealista.com/inmueble/111914820/,sale,Córdoba,Córdoba,37.8793076,-4.79239,True,es,Córdoba,Ciudad Jardín,Ciudad Jardín,,229900.0,penthouse,penthouse,129.0,,,4,2,,False,,False,,,,,good,True,,,,,,,,,,,,,False,,,
111977761,https://www.idealista.com/inmueble/111977761/,sale,Córdoba,Córdoba,37.8867489,-4.7511515,True,es,Córdoba,Fuensanta - Zona Arcángel,Cañero - Fidiana,,154000.0,chalet,independantHouse,97.0,,,3,1,,False,,False,,,,,renew,,,,,,,,,,,,,,False,,,
111344436,https://www.idealista.com/inmueble/111344436/,sale,Córdoba,Córdoba,37.9146059,-4.8025433,True,es,Córdoba,Brillante - Trassierra - Naranjo,Brillante,,760000.0,chalet,independantHouse,440.0,,,6,4,,False,,False,,,,,good,,,,,,,,,,,,,,True,,,
111918843,https://www.idealista.com/inmueble/111918843/,sale,Córdoba,Córdoba,37.8814687,-4.7797875,True,es,Córdoba,Centro - Casco Histórico,Centro,,158000.0,flat,flat,48.0,,,2,1,,False,,False,,,,,good,True,,,,,,,,,,,,,False,,,
109707951,https://www.idealista.com/inmueble/109707951/,sale,Córdoba,Córdoba,37.9217241,-4.7969064,True,es,Córdoba,Brillante - Trassierra - Naranjo,Brillante,,698000.0,chalet,independantHouse,307.0,,,4,3,,False,,False,,,,,good,,,,,,,,,,,,,,True,,,
111186640,https://www.idealista.com/inmueble/111186640/,sale,Córdoba,Córdoba,37.8961654,-4.7796788,True,es,Córdoba,Santa Rosa - Valdeolleros,Santa Rosa - San José,,125000.0,flat,flat,50.0,,,1,1,,False,,False,,,,,good,False,,,,,,,,,,,,,False,,bj,
88651870,https://www.idealista.com/inmueble/88651870/,sale,Córdoba,Córdoba,37.8884503,-4.7692956,True,es,Córdoba,Centro - Casco Histórico,Casco Histórico - Corredera - Ribera,,500000.0,chalet,independantHouse,397.0,,,8,1,,False,,False,,,,,good,,,,,,,,,,,,,,False,,,
111755866,https://www.idealista.com/inmueble/111755866/,sale,Córdoba,Córdoba,37.8876526,-4.7691438,True,es,Córdoba,Centro - Casco Histórico,Casco Histórico - Ollerías - Marrubial,,94500.0,flat,flat,53.0,,,3,1,,False,,False,,,,,good,False,,,,,,,,,,,,,False,,3,
84545480,https://www.idealista.com/inmueble/84545480/,sale,Córdoba,Córdoba,37.8819562,-4.7835383,True,es,Córdoba,Centro - Casco Histórico,Judería - San Basilio,,250000.0,chalet,independantHouse,246.0,,,4,2,,False,,False,,,,,renew,,,,,,,,,,,,,,False,,,
111525464,https://www.idealista.com/inmueble/111525464/,sale,Córdoba,Córdoba,37.861548,-4.7748186,True,es,Córdoba,Sector sur - Santa Cruz,Sector sur - Santa Cruz,,57900.0,flat,flat,58.0,,,3,1,,False,,False,,,,,good,True,,,,,,,,,,,,,False,,bj,
112519969,https://www.idealista.com/inmueble/112519969/,sale,Córdoba,Córdoba,37.8766319,-4.767303,True,es,Córdoba,Fuensanta - Zona Arcángel,Fuensanta - Arcángel - Santuario,,96400.0,studio,studio,42.0,,,0,1,,False,,True,,,,,good,False,,,,,,,,,,,,,False,,bj,
112547775,https://www.idealista.com/inmueble/112547775/,sale,Córdoba,Córdoba,37.8660433,-4.7774875,True,es,Córdoba,Sector sur - Santa Cruz,Sector sur - Santa Cruz,,58500.0,flat,flat,65.0,,,3,1,,False,,False,,,,,renew,True,,,,,,,,,,,,,False,,1,
112608470,https://www.idealista.com/inmueble/112608470/,sale,Córdoba,Córdoba,37.8627894,-4.7776828,True,es,Córdoba,Sector sur - Santa Cruz,Sector sur - Santa Cruz,,57500.0,flat,flat,54.0,,,2,1,,False,,False,,,,,good,True,,,,,,,,,,,,,False,,,
110685572,https://www.idealista.com/inmueble/110685572/,sale,Córdoba,Córdoba,37.8709712,-4.7742779,True,es,Córdoba,Sector sur - Santa Cruz,Sector sur - Santa Cruz,,89000.0,flat,flat,45.0,,,1,1,,False,,False,,,,,good,False,,,,,,,,,,,,,False,,,
109428309,https://www.idealista.com/inmueble/109428309/,sale,Córdoba,Córdoba,37.9098883,-4.7795186,True,es,Córdoba,Brillante - Trassierra - Naranjo,Naranjo - Mirabueno,,307300.0,chalet,chalet,279.0,,,4,2,,False,,False,,,,,good,,,,,,,,,,,,,,True,,,
112210259,https://www.idealista.com/inmueble/112210259/,sale,Córdoba,Córdoba,37.8829037,-4.8160724,True,es,Córdoba,Noreña - Figueroa,Miralbaida - Parque Azahara,,169900.0,flat,flat,135.0,,,3,2,,False,,False,,,,,good,True,,,,,,,,,,,,,True,,1,
111406589,https://www.idealista.com/inmueble/111406589/,sale,Córdoba,Córdoba,37.8642923,-4.772319,True,es,Córdoba,Campo de la Verdad,Campo de la Verdad,,78000.0,chalet,semidetachedHouse,72.0,,,3,1,,False,,False,,,,,renew,,,,,,,,,,,,,,False,,,
111715266,https://www.idealista.com/inmueble/111715266/,sale,Córdoba,Córdoba,37.8699753,-4.7804983,True,es,Córdoba,Sector sur - Santa Cruz,Sector sur - Santa Cruz,,139000.0,flat,flat,80.0,,,3,1,,False,,False,,,,,renew,True,,,,,,,,,,,,,False,,4,
89058296,https://www.idealista.com/inmueble/89058296/,sale,Córdoba,Córdoba,37.8919226,-4.7882286,True,es,Córdoba,Noreña - Figueroa,Carretera Trassierra - Colonia de la Paz,,129000.0,flat,flat,55.0,,,1,1,,False,,False,,,,,good,True,,,,,,,,,,,,,False,,bj,
111006047,https://www.idealista.com/inmueble/111006047/,sale,Córdoba,Córdoba,37.8896585,-4.757138,True,es,Córdoba,Fuensanta - Zona Arcángel,Cañero - Fidiana,,225000.0,chalet,independantHouse,144.0,,,3,2,,False,,False,,,,,good,,,,,,,,,,,,,,False,,,
111371837,https://www.idealista.com/inmueble/111371837/,sale,Córdoba,Córdoba,37.895818,-4.7734806,True,es,Córdoba,Centro - Casco Histórico,San Cayetano,,179000.0,flat,flat,90.0,,,3,2,,False,,False,,,,,good,True,,,,,,,,,,,,,False,,bj,
106966569,https://www.idealista.com/inmueble/106966569/,sale,Córdoba,Córdoba,37.8960055,-4.8118724,True,es,Córdoba,Noreña - Figueroa,Tablero,,340000.0,chalet,independantHouse,200.0,,,4,3,,False,,False,,,,,good,,,,,,,,,,,,,,True,,,
112608465,https://www.idealista.com/inmueble/112608465/,sale,Córdoba,Córdoba,37.8916058,-4.7566055,True,es,Córdoba,Levante - Lepanto - Fátima,El Cairo,,148500.0,flat,flat,72.0,,,3,1,,False,,False,,,,,good,True,,,,,,,,,,,,,False,,,
500970,https://www.idealista.com/inmueble/500970/,sale,Córdoba,Córdoba,37.8934574,-4.7547694,True,es,Córdoba,Levante - Lepanto - Fátima,El Cairo,,148500.0,flat,flat,74.0,,,3,1,,False,,False,,,,,good,True,,,,,,,,,,,,,False,,4,
111968713,https://www.idealista.com/inmueble/111968713/,sale,Córdoba,Córdoba,37.8850391,-4.7764602,True,es,Córdoba,Centro - Casco Histórico,Casco Histórico - Ollerías - Marrubial,,155000.0,flat,flat,49.0,,,2,1,,False,,False,,,,,good,False,,,,,,,,,,,,,False,,2,
108677892,https://www.idealista.com/inmueble/108677892/,sale,Córdoba,Córdoba,37.8882412,-4.783353,True,es,Córdoba,Centro - Casco Histórico,El Vial - Ronda de Tejares,,550000.0,flat,flat,260.0,,,5,5,,False,,False,,,,,good,True,,,,,,,,,,,,,True,,5,
112704836,https://www.idealista.com/inmueble/112704836/,sale,Córdoba,Córdoba,37.8680823,-4.7793383,True,es,Córdoba,Sector sur - Santa Cruz,Sector sur - Santa Cruz,,237500.0,flat,flat,93.0,,,2,2,,False,,False,,,,,good,True,,,,,,,,,,,,,True,,3,
108979397,https://www.idealista.com/inmueble/108979397/,sale,Córdoba,Córdoba,37.9068485,-4.7877026,False,es,Córdoba,Brillante - Trassierra - Naranjo,Brillante,,980000.0,chalet,independantHouse,362.0,,,4,4,,False,,False,,,,,good,,,,,,,,,,,,,,True,,,
111728052,https://www.idealista.com/inmueble/111728052/,sale,Córdoba,Córdoba,37.8739588,-4.7835875,True,es,Córdoba,Centro - Casco Histórico,Judería - San Basilio,,420000.0,chalet,independantHouse,157.0,,,5,3,,False,,False,,,,,good,,,,,,,,,,,,,,True,,,
112706206,https://www.idealista.com/inmueble/112706206/,sale,Córdoba,Córdoba,37.89701,-4.7847108,True,es,Córdoba,Santa Rosa - Valdeolleros,Huerta de la Reina,,185000.0,flat,flat,87.0,,,3,2,,False,,False,,,,,good,False,,,,,,,,,,,,,False,,1,
110375577,https://www.idealista.com/obra-nueva/110375577/,sale,Córdoba,Córdoba,37.868662,-4.7944257,False,es,Córdoba,Zoco - Poniente - Vistalegre,Vistalegre - Parque Cruz - Universidades,,288417.0,flat,flat,98.0,,,2,2,,False,,False,,,,,newdevelopment,True,,,,,,,,,,,,,True,,1,
109756565,https://www.idealista.com/obra-nueva/109756565/,sale,Córdoba,Córdoba,37.868662,-4.7944257,False,es,Córdoba,Zoco - Poniente - Vistalegre,Vistalegre - Parque Cruz - Universidades,,289579.0,penthouse,penthouse,93.0,,,2,2,,False,,False,,,,,newdevelopment,True,,,,,,,,,,,,,True,,5,
110375565,https://www.idealista.com/obra-nueva/110375565/,sale,Córdoba,Córdoba,37.868662,-4.7944257,False,es,Córdoba,Zoco - Poniente - Vistalegre,Vistalegre - Parque Cruz - Universidades,,267968.0,flat,flat,90.0,,,2,2,,False,,False,,,,,newdevelopment,True,,,,,,,,,,,,,True,,1,
109756545,https://www.idealista.com/obra-nueva/109756545/,sale,Córdoba,Córdoba,37.868662,-4.7944257,False,es,Córdoba,Zoco - Poniente - Vistalegre,Vistalegre - Parque Cruz - Universidades,,261541.0,flat,flat,97.0,,,2,2,,False,,False,,,,,newdevelopment,True,,,,,,,,,,,,,True,,3,
109756524,https://www.idealista.com/obra-nueva/109756524/,sale,Córdoba,Córdoba,37.868662,-4.7944257,False,es,Córdoba,Zoco - Poniente - Vistalegre,Vistalegre - Parque Cruz - Universidades,,251138.0,flat,flat,90.0,,,2,2,,False,,False,,,,,newdevelopment,True,,,,,,,,,,,,,True,,2,
109756525,https://www.idealista.com/obra-nueva/109756525/,sale,Córdoba,Córdoba,37.868662,-4.7944257,False,es,Córdoba,Zoco - Poniente - Vistalegre,Vistalegre - Parque Cruz - Universidades,,262017.0,flat,flat,98.0,,,2,2,,False,,False,,,,,newdevelopment,True,,,,,,,,,,,,,True,,2,
109756523,https://www.idealista.com/obra-nueva/109756523/,sale,Córdoba,Córdoba,37.868662,-4.7944257,False,es,Córdoba,Zoco - Poniente - Vistalegre,Vistalegre - Parque Cruz - Universidades,,261541.0,flat,flat,97.0,,,2,2,,False,,False,,,,,newdevelopment,True,,,,,,,,,,,,,True,,2,
110375433,https://www.idealista.com/obra-nueva/110375433/,sale,Córdoba,Córdoba,37.868662,-4.7944257,False,es,Córdoba,Zoco - Poniente - Vistalegre,Vistalegre - Parque Cruz - Universidades,,288541.0,flat,flat,97.0,,,2,2,,False,,False,,,,,newdevelopment,True,,,,,,,,,,,,,True,,1,
111196953,https://www.idealista.com/inmueble/111196953/,sale,Córdoba,Córdoba,37.8877808,-4.7707622,True,es,Córdoba,Centro - Casco Histórico,Casco Histórico - Ollerías - Marrubial,,239000.0,chalet,independantHouse,181.0,,,3,1,,False,,False,,,,,good,,,,,,,,,,,,,,True,,,
110906839,https://www.idealista.com/inmueble/110906839/,sale,Córdoba,Córdoba,37.8893859,-4.7691154,True,es,Córdoba,Centro - Casco Histórico,Casco Histórico - Ollerías - Marrubial,,349900.0,chalet,chalet,215.0,,,3,3,,False,,False,,,,,good,,,,,,,,,,,,,,False,,,
112549742,https://www.idealista.com/inmueble/112549742/,sale,Córdoba,Córdoba,37.8892972,-4.7771519,True,es,Córdoba,Centro - Casco Histórico,Centro,,330000.0,flat,flat,188.0,,,5,3,,False,,False,,,,,good,True,,,,,,,,,,,,,True,,,
112706571,https://www.idealista.com/inmueble/112706571/,sale,Córdoba,Córdoba,37.905244,-4.8077914,True,es,Córdoba,Noreña - Figueroa,Tablero,,700000.0,penthouse,penthouse,146.0,,,4,3,,False,,False,,,,,good,True,,,,,,,,,,,,,True,,2,
110971830,https://www.idealista.com/inmueble/110971830/,sale,Córdoba,Córdoba,37.8875651,-4.7717823,True,es,Córdoba,Centro - Casco Histórico,Casco Histórico - Ollerías - Marrubial,,550000.0,chalet,independantHouse,287.0,,,7,5,,False,,False,,,,,good,,,,,,,,,,,,,,False,,,
111610562,https://www.idealista.com/inmueble/111610562/,sale,Córdoba,Córdoba,37.8749282,-4.788959,True,es,Córdoba,Zoco - Poniente - Vistalegre,Vistalegre - Parque Cruz - Universidades,,440000.0,flat,flat,165.0,,,5,3,,False,,False,,,,,good,True,,,,,,,,,,,,,True,,6,
111539522,https://www.idealista.com/inmueble/111539522/,sale,Córdoba,Córdoba,37.9056016,-4.7845629,True,es,Córdoba,Brillante - Trassierra - Naranjo,Brillante,,750000.0,chalet,independantHouse,357.0,,,7,4,,False,,False,,,,,good,,,,,,,,,,,,,,True,,,
112524231,https://www.idealista.com/inmueble/112524231/,sale,Córdoba,Córdoba,37.9103333,-4.7810933,True,es,Córdoba,Brillante - Trassierra - Naranjo,Brillante,,149800.0,flat,flat,60.0,,,2,1,,False,,False,,,,,good,False,,,,,,,,,,,,,False,,1,
103451929,https://www.idealista.com/inmueble/103451929/,sale,Córdoba,Córdoba,37.8902625,-4.7753262,True,es,Córdoba,Centro - Casco Histórico,Casco Histórico - Ollerías - Marrubial,,249900.0,chalet,terracedHouse,117.0,,,4,2,,False,,False,,,,,good,,,,,,,,,,,,,,False,,,
112272359,https://www.idealista.com/inmueble/112272359/,sale,Córdoba,Córdoba,37.8874492,-4.7691211,True,es,Córdoba,Centro - Casco Histórico,Casco Histórico - Ollerías - Marrubial,,649000.0,chalet,semidetachedHouse,520.0,,,12,5,,False,,False,,,,,good,,,,,,,,,,,,,,False,,,
112338728,https://www.idealista.com/inmueble/112338728/,sale,Córdoba,Córdoba,37.9141365,-4.7847101,True,es,Córdoba,Brillante - Trassierra - Naranjo,Brillante,,890000.0,chalet,independantHouse,510.0,,,5,5,,False,,False,,,,,good,,,,,,,,,,,,,,True,,,
110899376,https://www.idealista.com/inmueble/110899376/,sale,Córdoba,Córdoba,37.9116338,-4.7951194,True,es,Córdoba,Brillante - Trassierra - Naranjo,Brillante,,850000.0,chalet,independantHouse,295.0,,,3,3,,False,,False,,,,,good,,,,,,,,,,,,,,True,,,
109466117,https://www.idealista.com/inmueble/109466117/,sale,Córdoba,Córdoba,37.8823063,-4.7745151,True,es,Córdoba,Centro - Casco Histórico,Casco Histórico - Corredera - Ribera,,639000.0,chalet,independantHouse,500.0,,,7,4,,False,,False,,,,,good,,,,,,,,,,,,,,False,,,
108992065,https://www.idealista.com/inmueble/108992065/,sale,Córdoba,Córdoba,37.8839229,-4.7666321,True,es,Córdoba,Centro - Casco Histórico,Casco Histórico - Corredera - Ribera,,475000.0,chalet,independantHouse,982.0,,,11,3,,False,,False,,,,,renew,,,,,,,,,,,,,,True,,,
110737917,https://www.idealista.com/inmueble/110737917/,sale,Córdoba,Córdoba,37.8847137,-4.7846649,True,es,Córdoba,Centro - Casco Histórico,Centro,,350000.0,flat,flat,130.0,,,3,2,,False,,False,,,,,good,True,,,,,,,,,,,,,True,,4,
111803813,https://www.idealista.com/inmueble/111803813/,sale,Córdoba,Córdoba,37.8836896,-4.7743934,True,es,Córdoba,Centro - Casco Histórico,Casco Histórico - Corredera - Ribera,,500000.0,chalet,independantHouse,310.0,,,5,3,,False,,False,,,,,good,,,,,,,,,,,,,,False,,,
110655584,https://www.idealista.com/inmueble/110655584/,sale,Córdoba,Córdoba,37.9148234,-4.7905727,True,es,Córdoba,Brillante - Trassierra - Naranjo,Brillante,,850000.0,chalet,independantHouse,594.0,,,5,4,,False,,False,,,,,good,,,,,,,,,,,,,,True,,,
111337558,https://www.idealista.com/inmueble/111337558/,sale,Córdoba,Córdoba,37.8841909,-4.7920213,True,es,Córdoba,Ciudad Jardín,Ciudad Jardín,,179000.0,flat,flat,90.0,,,3,1,,False,,False,,,,,good,True,,,,,,,,,,,,,False,,1,
112706472,https://www.idealista.com/obra-nueva/112706472/,sale,Córdoba,Córdoba,37.8996361,-4.8125575,True,es,Córdoba,Noreña - Figueroa,Tablero,,321000.0,flat,flat,91.0,,,2,2,,False,,False,,,,,newdevelopment,,,,,,,,,,,,,,False,,,
109874190,https://www.idealista.com/inmueble/109874190/,sale,Córdoba,Córdoba,37.8898601,-4.7751311,True,es,Córdoba,Centro - Casco Histórico,Casco Histórico - Ollerías - Marrubial,,275000.0,chalet,terracedHouse,129.0,,,3,2,,False,,False,,,,,good,,,,,,,,,,,,,,False,,,
112701860,https://www.idealista.com/inmueble/112701860/,sale,Córdoba,Córdoba,37.9087453,-4.7850495,True,es,Córdoba,Brillante - Trassierra - Naranjo,Brillante,,525000.0,chalet,independantHouse,374.0,,,3,2,,False,,False,,,,,renew,,,,,,,,,,,,,,True,,,
109367649,https://www.idealista.com/inmueble/109367649/,sale,Córdoba,Córdoba,37.9209583,-4.7912663,True,es,Córdoba,Brillante - Trassierra - Naranjo,Brillante,,655000.0,chalet,independantHouse,489.0,,,5,5,,False,,False,,,,,good,,,,,,,,,,,,,,True,,,
112703509,https://www.idealista.com/inmueble/112703509/,sale,Córdoba,Córdoba,37.886178,-4.7766022,True,es,Córdoba,Centro - Casco Histórico,Centro,,460000.0,chalet,independantHouse,186.0,,,3,2,,False,,False,,,,,good,,,,,,,,,,,,,,False,,,
109756591,https://www.idealista.com/obra-nueva/109756591/,sale,Córdoba,Córdoba,37.868662,-4.7944257,False,es,Córdoba,Zoco - Poniente - Vistalegre,Vistalegre - Parque Cruz - Universidades,,348791.0,penthouse,penthouse,128.0,,,3,2,,False,,False,,,,,newdevelopment,True,,,,,,,,,,,,,True,,5,
109756582,https://www.idealista.com/obra-nueva/109756582/,sale,Córdoba,Córdoba,37.868662,-4.7944257,False,es,Córdoba,Zoco - Poniente - Vistalegre,Vistalegre - Parque Cruz - Universidades,,350444.0,penthouse,penthouse,128.0,,,3,2,,False,,False,,,,,newdevelopment,True,,,,,,,,,,,,,True,,5,
109756583,https://www.idealista.com/obra-nueva/109756583/,sale,Córdoba,Córdoba,37.868662,-4.7944257,False,es,Córdoba,Zoco - Poniente - Vistalegre,Vistalegre - Parque Cruz - Universidades,,440783.0,penthouse,penthouse,153.0,,,4,2,,False,,False,,,,,newdevelopment,True,,,,,,,,,,,,,True,,6,
110375557,https://www.idealista.com/obra-nueva/110375557/,sale,Córdoba,Córdoba,37.868662,-4.7944257,False,es,Córdoba,Zoco - Poniente - Vistalegre,Vistalegre - Parque Cruz - Universidades,,315376.0,flat,flat,118.0,,,3,2,,False,,False,,,,,newdevelopment,True,,,,,,,,,,,,,True,,2,
109756502,https://www.idealista.com/obra-nueva/109756502/,sale,Córdoba,Córdoba,37.868662,-4.7944257,False,es,Córdoba,Zoco - Poniente - Vistalegre,Vistalegre - Parque Cruz - Universidades,,314340.0,flat,flat,118.0,,,3,2,,False,,False,,,,,newdevelopment,True,,,,,,,,,,,,,True,,3,
109756442,https://www.idealista.com/obra-nueva/109756442/,sale,Córdoba,Córdoba,37.868662,-4.7944257,False,es,Córdoba,Zoco - Poniente - Vistalegre,Vistalegre - Parque Cruz - Universidades,,318822.0,flat,flat,118.0,,,3,2,,False,,False,,,,,newdevelopment,True,,,,,,,,,,,,,True,,1,
111569311,https://www.idealista.com/inmueble/111569311/,sale,Córdoba,Córdoba,37.8866498,-4.7792036,True,es,Córdoba,Centro - Casco Histórico,Centro,,460000.0,chalet,independantHouse,186.0,,,3,2,,False,,False,,,,,good,,,,,,,,,,,,,,True,,,
112668771,https://www.idealista.com/obra-nueva/112668771/,sale,Córdoba,Córdoba,37.8987178,-4.7712085,False,es,Córdoba,Santa Rosa - Valdeolleros,Valdeolleros - Zumbacón - Camping,,290000.0,flat,flat,80.0,,,3,2,,False,,False,,,,,newdevelopment,True,,,,,,,,,,,,,True,,7,
109433748,https://www.idealista.com/inmueble/109433748/,sale,Córdoba,Córdoba,37.892417,-4.7772133,True,es,Córdoba,Centro - Casco Histórico,Casco Histórico - Ollerías - Marrubial,,350000.0,chalet,terracedHouse,143.0,,,5,4,,False,,False,,,,,good,,,,,,,,,,,,,,False,,,
110629179,https://www.idealista.com/inmueble/110629179/,sale,Córdoba,Córdoba,37.884414,-4.7803355,True,es,Córdoba,Centro - Casco Histórico,Centro,,790000.0,flat,flat,273.0,,,5,4,,False,,False,,,,,good,True,,,,,,,,,,,,,True,,4,
111842109,https://www.idealista.com/inmueble/111842109/,sale,Córdoba,Córdoba,37.8951101,-4.7724168,True,es,Córdoba,Centro - Casco Histórico,San Cayetano,,239000.0,chalet,independantHouse,150.0,,,3,2,,False,,False,,,,,good,,,,,,,,,,,,,,False,,,
112301252,https://www.idealista.com/inmueble/112301252/,sale,Córdoba,Córdoba,37.8853287,-4.7793169,True,es,Córdoba,Centro - Casco Histórico,Centro,,299900.0,flat,flat,141.0,,,4,2,,False,,False,,,,,good,True,,,,,,,,,,,,,True,,4,
110878219,https://www.idealista.com/inmueble/110878219/,sale,Córdoba,Córdoba,37.8992259,-4.7576295,True,es,Córdoba,Levante - Lepanto - Fátima,Fátima - Campiñuela,,145000.0,flat,flat,82.0,,,3,1,,False,,False,,,,,renew,False,,,,,,,,,,,,,False,,3,
112695185,https://www.idealista.com/inmueble/112695185/,sale,Córdoba,Córdoba,37.8816039,-4.7910904,True,es,Córdoba,Ciudad Jardín,Ciudad Jardín,,270000.0,flat,flat,137.0,,,3,2,,False,,False,,,,,good,True,,,,,,,,,,,,,False,,3,
111073383,https://www.idealista.com/inmueble/111073383/,sale,Córdoba,Córdoba,37.884379,-4.7703856,True,es,Córdoba,Centro - Casco Histórico,Casco Histórico - Corredera - Ribera,,175000.0,flat,flat,99.0,,,3,1,,False,,False,,,,,good,False,,,,,,,,,,,,,True,,2,
111974255,https://www.idealista.com/inmueble/111974255/,sale,Córdoba,Córdoba,37.8901357,-4.758841,True,es,Córdoba,Levante - Lepanto - Fátima,La Viñuela,,119000.0,flat,flat,60.0,,,3,1,,False,,False,,,,,good,False,,,,,,,,,,,,,False,,3,
112691188,https://www.idealista.com/inmueble/112691188/,sale,Córdoba,Córdoba,37.8846508,-4.8152182,True,es,Córdoba,Noreña - Figueroa,Miralbaida - Parque Azahara,,165000.0,flat,flat,93.0,,,3,2,,False,,False,,,,,good,True,,,,,,,,,,,,,False,,4,
112707127,https://www.idealista.com/inmueble/112707127/,sale,Córdoba,Córdoba,37.8882391,-4.7783789,True,es,Córdoba,Centro - Casco Histórico,Centro,,460000.0,chalet,independantHouse,186.0,,,3,2,,False,,False,,,,,good,,,,,,,,,,,,,,False,,,
112054026,https://www.idealista.com/inmueble/112054026/,sale,Córdoba,Córdoba,37.8659944,-4.7769866,True,es,Córdoba,Sector sur - Santa Cruz,Sector sur - Santa Cruz,,70000.0,flat,flat,54.0,,,3,1,,False,,False,,,,,good,True,,,,,,,,,,,,,False,,,
112703717,https://www.idealista.com/inmueble/112703717/,sale,Córdoba,Córdoba,37.8876783,-4.7784231,True,es,Córdoba,Centro - Casco Histórico,Centro,,460000.0,chalet,independantHouse,186.0,,,3,2,,False,,False,,,,,good,,,,,,,,,,,,,,False,,,
112705494,https://www.idealista.com/inmueble/112705494/,sale,Córdoba,Córdoba,37.8930253,-4.7505293,True,es,Córdoba,Levante - Lepanto - Fátima,El Cairo,,199800.0,flat,flat,96.0,,,3,2,,False,,False,,,,,good,True,,,,,,,,,,,,,True,,2,
109436943,https://www.idealista.com/inmueble/109436943/,sale,Córdoba,Córdoba,37.8858974,-4.7831985,True,es,Córdoba,Centro - Casco Histórico,Centro,,259000.0,flat,flat,77.0,,,2,1,,False,,False,,,,,good,True,,,,,,,,,,,,,True,,,
112621728,https://www.idealista.com/inmueble/112621728/,sale,Córdoba,Córdoba,37.9145352,-4.8080255,True,es,Córdoba,Brillante - Trassierra - Naranjo,Brillante,,1250000.0,chalet,independantHouse,600.0,,,6,5,,False,,False,,,,,good,,,,,,,,,,,,,,True,,,
111832706,https://www.idealista.com/inmueble/111832706/,sale,Córdoba,Córdoba,37.871691,-4.7792791,True,es,Córdoba,Sector sur - Santa Cruz,Sector sur - Santa Cruz,,115000.0,flat,flat,76.0,,,3,1,,False,,False,,,,,good,False,,,,,,,,,,,,,False,,3,
104701005,https://www.idealista.com/inmueble/104701005/,sale,Córdoba,Córdoba,37.9092048,-4.7763566,True,es,Córdoba,Brillante - Trassierra - Naranjo,Naranjo - Mirabueno,,245000.0,chalet,terracedHouse,155.0,,,4,2,,False,,False,,,,,good,,,,,,,,,,,,,,False,,,
110925979,https://www.idealista.com/inmueble/110925979/,sale,Córdoba,Córdoba,37.8863995,-4.7702128,True,es,Córdoba,Centro - Casco Histórico,Casco Histórico - Corredera - Ribera,,385000.0,chalet,independantHouse,223.0,,,5,3,,False,,False,,,,,good,,,,,,,,,,,,,,True,,,
112694187,https://www.idealista.com/inmueble/112694187/,sale,Córdoba,Córdoba,37.8812719,-4.7829265,False,es,Córdoba,Centro - Casco Histórico,Judería - San Basilio,,185000.0,flat,flat,50.0,,,3,1,,False,,False,,,,,good,False,,,,,,,,,,,,,False,,bj,
112693852,https://www.idealista.com/inmueble/112693852/,sale,Córdoba,Córdoba,37.8812882,-4.7827626,False,es,Córdoba,Centro - Casco Histórico,Judería - San Basilio,,135000.0,flat,flat,50.0,,,2,1,,False,,False,,,,,good,False,,,,,,,,,,,,,False,,bj,
112706483,https://www.idealista.com/obra-nueva/112706483/,sale,Córdoba,Córdoba,37.8994744,-4.8114169,True,es,Córdoba,Noreña - Figueroa,Tablero,,391000.0,flat,flat,114.0,,,3,2,,False,,False,,,,,newdevelopment,,,,,,,,,,,,,,False,,,
112706481,https://www.idealista.com/obra-nueva/112706481/,sale,Córdoba,Córdoba,37.9012294,-4.8105735,True,es,Córdoba,Noreña - Figueroa,Tablero,,405000.0,flat,flat,111.0,,,3,2,,False,,False,,,,,newdevelopment,,,,,,,,,,,,,,False,,,
112706480,https://www.idealista.com/obra-nueva/112706480/,sale,Córdoba,Córdoba,37.8997476,-4.8129683,True,es,Córdoba,Noreña - Figueroa,Tablero,,456000.0,flat,flat,119.0,,,3,2,,False,,False,,,,,newdevelopment,,,,,,,,,,,,,,False,,,
112706471,https://www.idealista.com/obra-nueva/112706471/,sale,Córdoba,Córdoba,37.9019239,-4.8122924,True,es,Córdoba,Noreña - Figueroa,Tablero,,480000.0,flat,flat,110.0,,,3,2,,False,,False,,,,,newdevelopment,,,,,,,,,,,,,,False,,,
112706470,https://www.idealista.com/obra-nueva/112706470/,sale,Córdoba,Córdoba,37.8993709,-4.8128456,True,es,Córdoba,Noreña - Figueroa,Tablero,,383000.0,flat,flat,114.0,,,3,2,,False,,False,,,,,newdevelopment,,,,,,,,,,,,,,False,,,
112706469,https://www.idealista.com/obra-nueva/112706469/,sale,Córdoba,Córdoba,37.8992839,-4.8112629,True,es,Córdoba,Noreña - Figueroa,Tablero,,487000.0,flat,flat,131.0,,,4,2,,False,,False,,,,,newdevelopment,,,,,,,,,,,,,,False,,,
108108230,https://www.idealista.com/inmueble/108108230/,sale,Córdoba,Córdoba,37.8799754,-4.7780405,True,es,Córdoba,Centro - Casco Histórico,Judería - San Basilio,,425000.0,chalet,independantHouse,244.0,,,8,2,,False,,False,,,,,renew,,,,,,,,,,,,,,False,,,
108107987,https://www.idealista.com/inmueble/108107987/,sale,Córdoba,Córdoba,37.8819651,-4.7782049,True,es,Córdoba,Centro - Casco Histórico,Judería - San Basilio,,390000.0,chalet,independantHouse,292.0,,,5,2,,False,,False,,,,,renew,,,,,,,,,,,,,,False,,,
112203410,https://www.idealista.com/inmueble/112203410/,sale,Córdoba,Córdoba,37.8780353,-4.7917755,True,es,Córdoba,Ciudad Jardín,Ciudad Jardín,,123000.0,flat,flat,52.0,,,2,1,,False,,False,,,,,good,False,,,,,,,,,,,,,False,,,
112702144,https://www.idealista.com/inmueble/112702144/,sale,Córdoba,Córdoba,37.8674202,-4.7744683,True,es,Córdoba,Campo de la Verdad,Campo de la Verdad,,380000.0,chalet,independantHouse,189.0,,,3,3,,False,,False,,,,,good,,,,,,,,,,,,,,False,,,
111994045,https://www.idealista.com/inmueble/111994045/,sale,Córdoba,Córdoba,37.8834812,-4.7889784,True,es,Córdoba,Ciudad Jardín,Ciudad Jardín,,133000.0,flat,flat,83.0,,,3,2,,False,,False,,,,,good,False,,,,,,,,,,,,,False,,3,
111861641,https://www.idealista.com/inmueble/111861641/,sale,Córdoba,Córdoba,37.8985217,-4.7840741,True,es,Córdoba,Santa Rosa - Valdeolleros,Santa Rosa - San José,,230000.0,flat,flat,82.0,,,3,1,,False,,False,,,,,renew,True,,,,,,,,,,,,,True,,4,
112681074,https://www.idealista.com/obra-nueva/112681074/,sale,Córdoba,Córdoba,37.8870811,-4.8141691,False,es,Córdoba,Noreña - Figueroa,Noreña - Turruñuelos,,318300.0,flat,flat,112.0,,,3,2,,False,,False,,,,,newdevelopment,True,,,,,,,,,,,,,True,,bj,
109932868,https://www.idealista.com/inmueble/109932868/,sale,Córdoba,Córdoba,37.8801719,-4.7910064,True,es,Córdoba,Ciudad Jardín,Ciudad Jardín,,240000.0,flat,flat,112.0,,,4,1,,False,,False,,,,,good,True,,,,,,,,,,,,,False,,6,
112695326,https://www.idealista.com/inmueble/112695326/,sale,Córdoba,Córdoba,37.8898139,-4.7866048,True,es,Córdoba,Noreña - Figueroa,Carretera Trassierra - Colonia de la Paz,,160000.0,flat,flat,77.0,,,3,1,,False,,False,,,,,good,True,,,,,,,,,,,,,False,,4,
112706734,https://www.idealista.com/inmueble/112706734/,sale,Córdoba,Córdoba,37.8676057,-4.7726523,True,es,Córdoba,Sector sur - Santa Cruz,Sector sur - Santa Cruz,,130000.0,flat,flat,66.0,,,3,1,,False,,False,,,,,good,True,,,,,,,,,,,,,False,,,
112445350,https://www.idealista.com/inmueble/112445350/,sale,Córdoba,Córdoba,37.8657483,-4.7818283,True,es,Córdoba,Sector sur - Santa Cruz,Sector sur - Santa Cruz,,28000.0,flat,flat,57.0,,,2,1,,False,,False,,,,,good,False,,,,,,,,,,,,,False,,1,
112691212,https://www.idealista.com/inmueble/112691212/,sale,Córdoba,Córdoba,37.8633723,-4.7807902,True,es,Córdoba,Sector sur - Santa Cruz,Sector sur - Santa Cruz,,74600.0,flat,flat,57.0,,,2,1,,False,,False,,,,,good,False,,,,,,,,,,,,,False,,3,
112702698,https://www.idealista.com/inmueble/112702698/,sale,Córdoba,Córdoba,37.8942805,-4.8087376,True,es,Córdoba,Noreña - Figueroa,Noreña - Turruñuelos,,233500.0,flat,flat,150.0,,,3,2,,False,,False,,,,,good,True,,,,,,,,,,,,,True,,1,
112691871,https://www.idealista.com/inmueble/112691871/,sale,Córdoba,Córdoba,37.8807833,-4.7669725,True,es,Córdoba,Centro - Casco Histórico,Casco Histórico - Corredera - Ribera,,225000.0,chalet,terracedHouse,111.0,,,4,2,,False,,False,,,,,good,,,,,,,,,,,,,,True,,,
110751122,https://www.idealista.com/inmueble/110751122/,sale,Córdoba,Córdoba,37.8938688,-4.8110769,True,es,Córdoba,Noreña - Figueroa,Noreña - Turruñuelos,,233500.0,flat,flat,104.0,,,3,2,,False,,False,,,,,good,True,,,,,,,,,,,,,True,,1,
111543882,https://www.idealista.com/inmueble/111543882/,sale,Córdoba,Córdoba,37.8677651,-4.7771751,True,es,Córdoba,Sector sur - Santa Cruz,Sector sur - Santa Cruz,,110000.0,flat,flat,77.0,,,3,1,,False,,False,,,,,good,True,,,,,,,,,,,,,False,,2,
112364862,https://www.idealista.com/obra-nueva/112364862/,sale,Córdoba,Córdoba,37.8886476,-4.8157869,False,es,Córdoba,Noreña - Figueroa,Noreña - Turruñuelos,,240800.0,flat,flat,90.0,,,2,2,,False,,False,,,,,newdevelopment,True,,,,,,,,,,,,,True,,1,
112560094,https://www.idealista.com/inmueble/112560094/,sale,Córdoba,Córdoba,37.8941747,-4.7872174,True,es,Córdoba,Santa Rosa - Valdeolleros,Huerta de la Reina,,179900.0,flat,flat,113.0,,,3,2,,False,,False,,,,,good,False,,,,,,,,,,,,,False,,,
112690073,https://www.idealista.com/inmueble/112690073/,sale,Córdoba,Córdoba,37.892963,-4.7937667,False,es,Córdoba,Noreña - Figueroa,Carretera Trassierra - Colonia de la Paz,,95000.0,flat,flat,63.0,,,2,1,,False,,False,,,,,good,,,,,,,,,,,,,,False,,,
110375323,https://www.idealista.com/obra-nueva/110375323/,sale,Córdoba,Córdoba,37.868662,-4.7944257,False,es,Córdoba,Zoco - Poniente - Vistalegre,Vistalegre - Parque Cruz - Universidades,,319858.0,flat,flat,118.0,,,3,2,,False,,False,,,,,newdevelopment,True,,,,,,,,,,,,,True,,1,
112668795,https://www.idealista.com/obra-nueva/112668795/,sale,Córdoba,Córdoba,37.8987178,-4.7712085,False,es,Córdoba,Santa Rosa - Valdeolleros,Valdeolleros - Zumbacón - Camping,,345000.0,flat,flat,82.0,,,3,2,,False,,False,,,,,newdevelopment,True,,,,,,,,,,,,,True,,8,
112668775,https://www.idealista.com/obra-nueva/112668775/,sale,Córdoba,Córdoba,37.8987178,-4.7712085,False,es,Córdoba,Santa Rosa - Valdeolleros,Valdeolleros - Zumbacón - Camping,,305000.0,flat,flat,81.0,,,3,2,,False,,False,,,,,newdevelopment,True,,,,,,,,,,,,,True,,1,
112703718,https://www.idealista.com/inmueble/112703718/,sale,Córdoba,Córdoba,37.8930682,-4.7626171,True,es,Córdoba,Levante - Lepanto - Fátima,Levante,,159000.0,flat,flat,100.0,,,3,2,,False,,False,,,,,good,False,,,,,,,,,,,,,False,,2,
112436690,https://www.idealista.com/inmueble/112436690/,sale,Córdoba,Córdoba,37.8657142,-4.7790342,True,es,Córdoba,Sector sur - Santa Cruz,Sector sur - Santa Cruz,,125500.0,chalet,terracedHouse,82.0,,,2,2,,False,,False,,,,,good,,,,,,,,,,,,,,False,,,
112703677,https://www.idealista.com/inmueble/112703677/,sale,Córdoba,Córdoba,37.8797175,-4.7792475,True,es,Córdoba,Centro - Casco Histórico,Judería - San Basilio,,174900.0,flat,flat,79.0,,,3,1,,False,,False,,,,,good,False,,,,,,,,,,,,,True,,1,
112611016,https://www.idealista.com/obra-nueva/112611016/,sale,Córdoba,Córdoba,37.8815353,-4.8145552,False,es,Córdoba,Noreña - Figueroa,Miralbaida - Parque Azahara,,233000.0,flat,flat,107.0,,,3,2,,False,,False,,,,,newdevelopment,True,,,,,,,,,,,,,True,,2,
111541967,https://www.idealista.com/inmueble/111541967/,sale,Córdoba,Córdoba,37.8994088,-4.7583781,True,es,Córdoba,Levante - Lepanto - Fátima,Fátima - Campiñuela,,162000.0,flat,flat,85.0,,,4,1,,False,,False,,,,,renew,False,,,,,,,,,,,,,False,,2,
112610892,https://www.idealista.com/obra-nueva/112610892/,sale,Córdoba,Córdoba,37.8815353,-4.8145552,False,es,Córdoba,Noreña - Figueroa,Miralbaida - Parque Azahara,,186000.0,flat,flat,82.0,,,2,2,,False,,False,,,,,newdevelopment,True,,,,,,,,,,,,,True,,1,
112610886,https://www.idealista.com/obra-nueva/112610886/,sale,Córdoba,Córdoba,37.8815353,-4.8145552,False,es,Córdoba,Noreña - Figueroa,Miralbaida - Parque Azahara,,264000.0,penthouse,penthouse,103.0,,,3,2,,False,,False,,,,,newdevelopment,True,,,,,,,,,,,,,True,,3,
111115687,https://www.idealista.com/inmueble/111115687/,sale,Córdoba,Córdoba,37.8903215,-4.7552227,True,es,Córdoba,Levante - Lepanto - Fátima,La Viñuela,,200000.0,flat,flat,70.0,,,2,1,,False,,False,,,,,good,True,,,,,,,,,,,,,True,,,
112610690,https://www.idealista.com/obra-nueva/112610690/,sale,Córdoba,Córdoba,37.8815353,-4.8145552,False,es,Córdoba,Noreña - Figueroa,Miralbaida - Parque Azahara,,236000.0,flat,flat,103.0,,,3,2,,False,,False,,,,,newdevelopment,True,,,,,,,,,,,,,True,,2,
112610661,https://www.idealista.com/obra-nueva/112610661/,sale,Córdoba,Córdoba,37.8815353,-4.8145552,False,es,Córdoba,Noreña - Figueroa,Miralbaida - Parque Azahara,,230000.0,flat,flat,90.0,,,3,2,,False,,False,,,,,newdevelopment,True,,,,,,,,,,,,,True,,1,
109619589,https://www.idealista.com/inmueble/109619589/,sale,Córdoba,Córdoba,37.8907956,-4.7832937,True,es,Córdoba,Centro - Casco Histórico,El Vial - Ronda de Tejares,,266000.0,flat,flat,97.0,,,2,2,,False,,False,,,,,good,True,,,,,,,,,,,,,True,,1,
112607562,https://www.idealista.com/obra-nueva/112607562/,sale,Córdoba,Córdoba,37.8815353,-4.8145552,False,es,Córdoba,Noreña - Figueroa,Miralbaida - Parque Azahara,,186000.0,flat,flat,83.0,,,2,2,,False,,False,,,,,newdevelopment,True,,,,,,,,,,,,,True,,1,
110377989,https://www.idealista.com/inmueble/110377989/,sale,Córdoba,Córdoba,37.8843799,-4.7794319,True,es,Córdoba,Centro - Casco Histórico,Centro,,300000.0,flat,flat,165.0,,,7,2,,False,,False,,,,,good,True,,,,,,,,,,,,,False,,2,
112364778,https://www.idealista.com/obra-nueva/112364778/,sale,Córdoba,Córdoba,37.8885293,-4.8157691,False,es,Córdoba,Noreña - Figueroa,Noreña - Turruñuelos,,399800.0,penthouse,penthouse,124.0,,,4,2,,False,,False,,,,,newdevelopment,True,,,,,,,,,,,,,True,,6,
112364668,https://www.idealista.com/obra-nueva/112364668/,sale,Córdoba,Córdoba,37.8885293,-4.8157691,False,es,Córdoba,Noreña - Figueroa,Noreña - Turruñuelos,,347800.0,flat,flat,119.0,,,3,2,,False,,False,,,,,newdevelopment,True,,,,,,,,,,,,,True,,bj,
112699634,https://www.idealista.com/inmueble/112699634/,sale,Córdoba,Córdoba,37.8933057,-4.7886957,True,es,Córdoba,Santa Rosa - Valdeolleros,Huerta de la Reina,,119900.0,flat,flat,59.0,,,3,1,,False,,False,,,,,good,False,,,,,,,,,,,,,False,,,
102888559,https://www.idealista.com/inmueble/102888559/,sale,Córdoba,Córdoba,37.8652425,-4.7728799,True,es,Córdoba,Campo de la Verdad,Campo de la Verdad,,15000.0,chalet,semidetachedHouse,41.0,,,2,1,,False,,False,,,,,good,,,,,,,,,,,,,,False,,,
107501528,https://www.idealista.com/inmueble/107501528/,sale,Córdoba,Córdoba,37.8668564,-4.7706379,True,es,Córdoba,Campo de la Verdad,Campo de la Verdad,,15000.0,chalet,semidetachedHouse,41.0,,,2,1,,False,,False,,,,,good,,,,,,,,,,,,,,False,,,
111378243,https://www.idealista.com/obra-nueva/111378243/,sale,Córdoba,Córdoba,37.8886476,-4.8157869,False,es,Córdoba,Noreña - Figueroa,Noreña - Turruñuelos,,275800.0,flat,flat,108.0,,,3,2,,False,,False,,,,,newdevelopment,True,,,,,,,,,,,,,True,,1,
112557993,https://www.idealista.com/inmueble/112557993/,sale,Córdoba,Córdoba,37.8935501,-4.7562323,True,es,Córdoba,Levante - Lepanto - Fátima,La Viñuela,,70000.0,flat,flat,76.0,,,2,1,,False,,False,,,,,renew,True,,,,,,,,,,,,,False,,4,
112697897,https://www.idealista.com/inmueble/112697897/,sale,Córdoba,Córdoba,37.8856825,-4.7741714,True,es,Córdoba,Centro - Casco Histórico,Casco Histórico - Ollerías - Marrubial,,155000.0,flat,flat,49.0,,,2,1,,False,,False,,,,,good,False,,,,,,,,,,,,,False,,2,
112703517,https://www.idealista.com/inmueble/112703517/,sale,Córdoba,Córdoba,37.8831252,-4.8161214,True,es,Córdoba,Noreña - Figueroa,Miralbaida - Parque Azahara,,215900.0,chalet,independantHouse,124.0,,,3,1,,False,,False,,,,,good,,,,,,,,,,,,,,False,,,
112690021,https://www.idealista.com/inmueble/112690021/,sale,Córdoba,Córdoba,37.8823487,-4.7977137,True,es,Córdoba,Zoco - Poniente - Vistalegre,Zoco - Poniente,,359900.0,flat,flat,111.0,,,2,2,,False,,False,,,,,good,True,,,,,,,,,,,,,True,,3,
112690027,https://www.idealista.com/inmueble/112690027/,sale,Córdoba,Córdoba,37.8889159,-4.7626063,True,es,Córdoba,Levante - Lepanto - Fátima,La Viñuela,,140000.0,flat,flat,66.0,,,2,1,,False,,False,,,,,good,False,,,,,,,,,,,,,False,,3,
112134865,https://www.idealista.com/inmueble/112134865/,sale,Córdoba,Córdoba,37.8847692,-4.790243,True,es,Córdoba,Centro - Casco Histórico,Cercadilla - Medina Azahara,,204000.0,flat,flat,77.0,,,3,2,,False,,False,,,,,good,True,,,,,,,,,,,,,True,,1,
112704755,https://www.idealista.com/inmueble/112704755/,sale,Córdoba,Córdoba,37.8899119,-4.7566837,True,es,Córdoba,Fuensanta - Zona Arcángel,Cañero - Fidiana,,135000.0,chalet,independantHouse,85.0,,,1,0,,False,,False,,,,,renew,,,,,,,,,,,,,,False,,,
112693596,https://www.idealista.com/inmueble/112693596/,sale,Córdoba,Córdoba,37.881583,-4.7714882,True,es,Córdoba,Centro - Casco Histórico,Casco Histórico - Corredera - Ribera,,128800.0,studio,studio,50.0,,,0,1,,False,,True,,,,,good,False,,,,,,,,,,,,,False,,1,
112133825,https://www.idealista.com/inmueble/112133825/,sale,Córdoba,Córdoba,37.8864326,-4.7899632,True,es,Córdoba,Centro - Casco Histórico,Cercadilla - Medina Azahara,,204000.0,flat,flat,77.0,,,3,2,,False,,False,,,,,good,True,,,,,,,,,,,,,True,,1,
112676071,https://www.idealista.com/inmueble/112676071/,sale,Córdoba,Córdoba,37.8793261,-4.7908504,True,es,Córdoba,Ciudad Jardín,Ciudad Jardín,,177000.0,flat,flat,59.0,,,2,1,,False,,False,,,,,renew,False,,,,,,,,,,,,,False,,3,
112702988,https://www.idealista.com/inmueble/112702988/,sale,Córdoba,Córdoba,37.8888567,-4.7793238,True,es,Córdoba,Centro - Casco Histórico,El Vial - Ronda de Tejares,,385000.0,flat,flat,192.0,,,4,2,,False,,False,,,,,renew,True,,,,,,,,,,,,,False,,6,
112693975,https://www.idealista.com/inmueble/112693975/,sale,Córdoba,Córdoba,37.9098153,-4.7798683,True,es,Córdoba,Brillante - Trassierra - Naranjo,Naranjo - Mirabueno,,156800.0,flat,flat,90.0,,,3,2,,False,,False,,,,,good,False,,,,,,,,,,,,,False,,,
112707302,https://www.idealista.com/inmueble/112707302/,sale,Córdoba,Córdoba,37.882168,-4.7701673,True,es,Córdoba,Centro - Casco Histórico,Casco Histórico - Corredera - Ribera,,190000.0,duplex,duplex,150.0,,,4,3,,True,,False,,,,,good,False,,,,,,,,,,,,,True,,1,
112702266,https://www.idealista.com/inmueble/112702266/,sale,Córdoba,Córdoba,37.8851037,-4.7979056,True,es,Córdoba,Zoco - Poniente - Vistalegre,Huerta de la Marquesa,,284900.0,flat,flat,144.0,,,4,2,,False,,False,,,,,good,True,,,,,,,,,,,,,False,,2,
112645997,https://www.idealista.com/inmueble/112645997/,sale,Córdoba,Córdoba,37.8973515,-4.8099548,True,es,Córdoba,Noreña - Figueroa,Noreña - Turruñuelos,,286230.0,flat,flat,87.0,,,3,2,,False,,False,,,,,good,True,,,,,,,,,,,,,True,,bj,
112692603,https://www.idealista.com/inmueble/112692603/,sale,Córdoba,Córdoba,37.8791682,-4.76351,True,es,Córdoba,Fuensanta - Zona Arcángel,Fuensanta - Arcángel - Santuario,,135000.0,flat,flat,75.0,,,3,1,,False,,False,,,,,good,False,,,,,,,,,,,,,False,,,
112055196,https://www.idealista.com/inmueble/112055196/,sale,Córdoba,Córdoba,37.8844705,-4.7865619,False,es,Córdoba,Ciudad Jardín,Ciudad Jardín,,205000.0,flat,flat,97.0,,,2,1,,False,,False,,,,,good,True,,,,,,,,,,,,,False,,1,
111780066,https://www.idealista.com/obra-nueva/111780066/,sale,Córdoba,Córdoba,37.8873072,-4.8130681,False,es,Córdoba,Noreña - Figueroa,Noreña - Turruñuelos,,273200.0,flat,flat,106.0,,,3,2,,False,,False,,,,,newdevelopment,True,,,,,,,,,,,,,True,,4,
111780045,https://www.idealista.com/obra-nueva/111780045/,sale,Córdoba,Córdoba,37.8873072,-4.8130681,False,es,Córdoba,Noreña - Figueroa,Noreña - Turruñuelos,,279500.0,flat,flat,106.0,,,3,2,,False,,False,,,,,newdevelopment,True,,,,,,,,,,,,,True,,5,
111986973,https://www.idealista.com/inmueble/111986973/,sale,Córdoba,Córdoba,37.8890636,-4.7679571,False,es,Córdoba,Centro - Casco Histórico,Casco Histórico - Ollerías - Marrubial,,259000.0,duplex,duplex,110.0,,,3,2,,True,,False,,,,,good,False,,,,,,,,,,,,,True,,,
111934883,https://www.idealista.com/inmueble/111934883/,sale,Córdoba,Córdoba,37.8806938,-4.7750014,False,es,Córdoba,Centro - Casco Histórico,Casco Histórico - Corredera - Ribera,,185000.0,flat,flat,80.0,,,2,1,,False,,False,,,,,good,False,,,,,,,,,,,,,False,,2,
112692697,https://www.idealista.com/inmueble/112692697/,sale,Córdoba,Córdoba,37.8703475,-4.7906897,True,es,Córdoba,Zoco - Poniente - Vistalegre,Vistalegre - Parque Cruz - Universidades,,145000.0,flat,flat,75.0,,,3,1,,False,,False,,,,,good,True,,,,,,,,,,,,,False,,,
112633253,https://www.idealista.com/obra-nueva/112633253/,sale,Córdoba,Córdoba,37.8867552,-4.7697914,False,es,Córdoba,Centro - Casco Histórico,Casco Histórico - Corredera - Ribera,,165000.0,penthouse,penthouse,70.0,,,1,1,,False,,False,,,,,newdevelopment,True,,,,,,,,,,,,,False,,1,
110755326,https://www.idealista.com/obra-nueva/110755326/,sale,Córdoba,Córdoba,37.8961619,-4.8073571,False,es,Córdoba,Noreña - Figueroa,Tablero,,361000.0,chalet,semidetachedHouse,146.0,,,3,3,,False,,False,,,,,newdevelopment,,,,,,,,,,,,,,True,,,
110755302,https://www.idealista.com/obra-nueva/110755302/,sale,Córdoba,Córdoba,37.8961619,-4.8073571,False,es,Córdoba,Noreña - Figueroa,Tablero,,370000.0,chalet,semidetachedHouse,142.0,,,3,3,,False,,False,,,,,newdevelopment,,,,,,,,,,,,,,True,,,
111496011,https://www.idealista.com/obra-nueva/111496011/,sale,Córdoba,Córdoba,37.8905976,-4.7729627,False,es,Córdoba,Centro - Casco Histórico,Casco Histórico - Ollerías - Marrubial,,293000.0,duplex,duplex,92.0,,,2,2,,True,,False,,,,,newdevelopment,True,,,,,,,,,,,,,False,,bj,
111459002,https://www.idealista.com/inmueble/111459002/,sale,Córdoba,Córdoba,37.8915939,-4.7655921,True,es,Córdoba,Levante - Lepanto - Fátima,La Viñuela,,149900.0,penthouse,penthouse,69.0,,,3,1,,False,,False,,,,,good,False,,,,,,,,,,,,,False,,4,
109686837,https://www.idealista.com/obra-nueva/109686837/,sale,Córdoba,Córdoba,37.8905976,-4.7729627,False,es,Córdoba,Centro - Casco Histórico,Casco Histórico - Ollerías - Marrubial,,257000.0,flat,flat,89.0,,,2,2,,False,,False,,,,,,True,,,,,,,,,,,,,False,,1,
112702822,https://www.idealista.com/inmueble/112702822/,sale,Córdoba,Córdoba,37.8983519,-4.7795825,True,es,Córdoba,Santa Rosa - Valdeolleros,Santa Rosa - San José,,164000.0,flat,flat,123.0,,,4,2,,False,,False,,,,,renew,False,,,,,,,,,,,,,False,,2,
112706491,https://www.idealista.com/inmueble/112706491/,sale,Córdoba,Córdoba,37.881226,-4.8003045,True,es,Córdoba,Zoco - Poniente - Vistalegre,Zoco - Poniente,,179900.0,chalet,terracedHouse,90.0,,,4,3,,False,,False,,,,,renew,,,,,,,,,,,,,,False,,,
112682429,https://www.idealista.com/inmueble/112682429/,sale,Córdoba,Córdoba,37.8920911,-4.7575421,True,es,Córdoba,Levante - Lepanto - Fátima,La Viñuela,,118000.0,studio,studio,80.0,,,0,1,,False,,True,,,,,good,False,,,,,,,,,,,,,False,,,
112445816,https://www.idealista.com/inmueble/112445816/,sale,Córdoba,Córdoba,37.8936729,-4.7713386,True,es,Córdoba,Centro - Casco Histórico,San Cayetano,,149900.0,flat,flat,75.0,,,1,1,,False,,False,,,,,good,False,,,,,,,,,,,,,False,,,
104809810,https://www.idealista.com/inmueble/104809810/,sale,Córdoba,Córdoba,37.8615135,-4.7829726,False,es,Córdoba,Sector sur - Santa Cruz,Sector sur - Santa Cruz,,99000.0,flat,flat,93.0,,,3,1,,False,,False,,,,,good,True,,,,,,,,,,,,,True,,1,
112500208,https://www.idealista.com/inmueble/112500208/,sale,Córdoba,Córdoba,37.884875,-4.7626442,True,es,Córdoba,Fuensanta - Zona Arcángel,Fuensanta - Arcángel - Santuario,,110000.0,flat,flat,100.0,,,3,2,,False,,False,,,,,renew,True,,,,,,,,,,,,,False,,5,
112611081,https://www.idealista.com/obra-nueva/112611081/,sale,Córdoba,Córdoba,37.8867552,-4.7697914,False,es,Córdoba,Centro - Casco Histórico,Casco Histórico - Corredera - Ribera,,150000.0,flat,flat,52.0,,,1,1,,False,,False,,,,,newdevelopment,True,,,,,,,,,,,,,False,,bj,
107721911,https://www.idealista.com/inmueble/107721911/,sale,Córdoba,Córdoba,37.8632166,-4.78144,True,es,Córdoba,Sector sur - Santa Cruz,Sector sur - Santa Cruz,,75000.0,flat,flat,99.0,,,3,2,,False,,False,,,,,renew,True,,,,,,,,,,,,,False,,3,
112630886,https://www.idealista.com/obra-nueva/112630886/,sale,Córdoba,Córdoba,37.8867552,-4.7697914,False,es,Córdoba,Centro - Casco Histórico,Casco Histórico - Corredera - Ribera,,160000.0,flat,flat,60.0,,,1,1,,False,,False,,,,,newdevelopment,True,,,,,,,,,,,,,False,,bj,
112630859,https://www.idealista.com/obra-nueva/112630859/,sale,Córdoba,Córdoba,37.8867552,-4.7697914,False,es,Córdoba,Centro - Casco Histórico,Casco Histórico - Corredera - Ribera,,155000.0,flat,flat,55.0,,,1,1,,False,,False,,,,,newdevelopment,True,,,,,,,,,,,,,False,,1,
111496030,https://www.idealista.com/obra-nueva/111496030/,sale,Córdoba,Córdoba,37.8905976,-4.7729627,False,es,Córdoba,Centro - Casco Histórico,Casco Histórico - Ollerías - Marrubial,,348000.0,duplex,duplex,120.0,,,3,2,,True,,False,,,,,newdevelopment,True,,,,,,,,,,,,,False,,bj,
111990016,https://www.idealista.com/obra-nueva/111990016/,sale,Córdoba,Córdoba,37.891588,-4.8145145,False,es,Córdoba,Noreña - Figueroa,Noreña - Turruñuelos,,396850.0,flat,flat,126.0,,,4,2,,False,,False,,,,,newdevelopment,True,,,,,,,,,,,,,True,,1,
112131003,https://www.idealista.com/obra-nueva/112131003/,sale,Córdoba,Córdoba,37.8915758,-4.8121706,False,es,Córdoba,Noreña - Figueroa,Noreña - Turruñuelos,,259750.0,flat,flat,80.0,,,2,2,,False,,False,,,,,newdevelopment,True,,,,,,,,,,,,,True,,4,
112460958,https://www.idealista.com/obra-nueva/112460958/,sale,Córdoba,Córdoba,37.88051,-4.81946,False,es,Córdoba,Noreña - Figueroa,Miralbaida - Parque Azahara,,299000.0,flat,flat,131.0,,,4,2,,False,,False,,,,,newdevelopment,True,,,,,,,,,,,,,True,,1,
112460956,https://www.idealista.com/obra-nueva/112460956/,sale,Córdoba,Córdoba,37.88051,-4.81946,False,es,Córdoba,Noreña - Figueroa,Miralbaida - Parque Azahara,,234000.0,flat,flat,105.0,,,3,2,,False,,False,,,,,newdevelopment,True,,,,,,,,,,,,,True,,1,
112460943,https://www.idealista.com/obra-nueva/112460943/,sale,Córdoba,Córdoba,37.88051,-4.81946,False,es,Córdoba,Noreña - Figueroa,Miralbaida - Parque Azahara,,263000.0,penthouse,penthouse,104.0,,,3,2,,False,,False,,,,,newdevelopment,True,,,,,,,,,,,,,True,,3,
112460859,https://www.idealista.com/obra-nueva/112460859/,sale,Córdoba,Córdoba,37.88051,-4.81946,False,es,Córdoba,Noreña - Figueroa,Miralbaida - Parque Azahara,,236000.0,flat,flat,90.0,,,3,2,,False,,False,,,,,newdevelopment,True,,,,,,,,,,,,,True,,1,
110852711,https://www.idealista.com/obra-nueva/110852711/,sale,Córdoba,Córdoba,37.8915758,-4.8121706,False,es,Córdoba,Noreña - Figueroa,Noreña - Turruñuelos,,238850.0,flat,flat,70.0,,,2,1,,False,,False,,,,,newdevelopment,True,,,,,,,,,,,,,True,,4,
112641506,https://www.idealista.com/obra-nueva/112641506/,sale,Córdoba,Córdoba,37.9028104,-4.808208,False,es,Córdoba,Noreña - Figueroa,Tablero,,375000.0,flat,flat,98.0,,,3,2,,False,,False,,,,,newdevelopment,True,,,,,,,,,,,,,True,,1,
112699390,https://www.idealista.com/inmueble/112699390/,sale,Córdoba,Córdoba,37.890143,-4.7585501,True,es,Córdoba,Fuensanta - Zona Arcángel,Cañero - Fidiana,,259500.0,chalet,independantHouse,112.0,,,3,1,,False,,False,,,,,good,,,,,,,,,,,,,,False,,,
112691316,https://www.idealista.com/inmueble/112691316/,sale,Córdoba,Córdoba,37.8930759,-4.764124,True,es,Córdoba,Levante - Lepanto - Fátima,Levante,,165000.0,flat,flat,72.0,,,3,1,,False,,False,,,,,good,True,,,,,,,,,,,,,False,,,
90851863,https://www.idealista.com/inmueble/90851863/,sale,Córdoba,Córdoba,37.8910135,-4.7756782,True,es,Córdoba,Centro - Casco Histórico,Casco Histórico - Ollerías - Marrubial,,143000.0,flat,flat,52.0,,,2,1,,False,,False,,,,,good,False,,,,,,,,,,,,,False,,bj,
112131710,https://www.idealista.com/obra-nueva/112131710/,sale,Córdoba,Córdoba,37.8987178,-4.7712085,False,es,Córdoba,Santa Rosa - Valdeolleros,Valdeolleros - Zumbacón - Camping,,299000.0,flat,flat,87.0,,,3,2,,False,,False,,,,,newdevelopment,True,,,,,,,,,,,,,True,,8,
112687538,https://www.idealista.com/inmueble/112687538/,sale,Córdoba,Córdoba,37.9124839,-4.7933934,True,es,Córdoba,Brillante - Trassierra - Naranjo,Brillante,,600000.0,chalet,independantHouse,200.0,,,5,3,,False,,False,,,,,good,,,,,,,,,,,,,,True,,,
112688211,https://www.idealista.com/inmueble/112688211/,sale,Córdoba,Córdoba,37.8895351,-4.7583458,False,es,Córdoba,Fuensanta - Zona Arcángel,Cañero - Fidiana,,307000.0,chalet,terracedHouse,170.0,,,4,2,,False,,False,,,,,good,,,,,,,,,,,,,,False,,,
112271657,https://www.idealista.com/inmueble/112271657/,sale,Córdoba,Córdoba,37.8859359,-4.7635396,False,es,Córdoba,Fuensanta - Zona Arcángel,Fuensanta - Arcángel - Santuario,,162000.0,flat,flat,70.0,,,3,1,,False,,False,,,,,good,True,,,,,,,,,,,,,False,,6,
112688435,https://www.idealista.com/inmueble/112688435/,sale,Córdoba,Córdoba,37.8844485,-4.7646934,False,es,Córdoba,Fuensanta - Zona Arcángel,Fuensanta - Arcángel - Santuario,,159900.0,flat,flat,107.0,,,3,1,,False,,False,,,,,good,True,,,,,,,,,,,,,False,,5,
112688363,https://www.idealista.com/inmueble/112688363/,sale,Córdoba,Córdoba,37.8819238,-4.8008854,False,es,Córdoba,Zoco - Poniente - Vistalegre,Zoco - Poniente,,257900.0,chalet,terracedHouse,226.0,,,7,3,,False,,False,,,,,good,,,,,,,,,,,,,,False,,,
106160357,https://www.idealista.com/obra-nueva/106160357/,sale,Córdoba,Córdoba,37.899967,-4.7730542,False,es,Córdoba,Santa Rosa - Valdeolleros,Valdeolleros - Zumbacón - Camping,,309000.0,flat,flat,104.0,,,3,2,,False,,False,,,,,newdevelopment,True,,,,,,,,,,,,,True,,2,
112688330,https://www.idealista.com/inmueble/112688330/,sale,Córdoba,Córdoba,37.8907996,-4.7630702,False,es,Córdoba,Levante - Lepanto - Fátima,La Viñuela,,139900.0,flat,flat,58.0,,,3,1,,False,,False,,,,,good,True,,,,,,,,,,,,,False,,4,
107017308,https://www.idealista.com/obra-nueva/107017308/,sale,Córdoba,Córdoba,37.899967,-4.7730542,False,es,Córdoba,Santa Rosa - Valdeolleros,Valdeolleros - Zumbacón - Camping,,309000.0,flat,flat,104.0,,,3,2,,False,,False,,,,,newdevelopment,True,,,,,,,,,,,,,True,,8,
112702915,https://www.idealista.com/inmueble/112702915/,sale,Córdoba,Córdoba,37.8848893,-4.7771274,True,es,Córdoba,Centro - Casco Histórico,Centro,,152000.0,flat,flat,55.0,,,1,1,,False,,False,,,,,good,False,,,,,,,,,,,,,False,,1,
112610770,https://www.idealista.com/inmueble/112610770/,sale,Córdoba,Córdoba,37.867563,-4.7787524,True,es,Córdoba,Sector sur - Santa Cruz,Sector sur - Santa Cruz,,64000.0,flat,flat,106.0,,,2,2,,False,,False,,,,,renew,False,,,,,,,,,,,,,True,,1,
112596447,https://www.idealista.com/inmueble/112596447/,sale,Córdoba,Córdoba,37.8826205,-4.8147641,True,es,Córdoba,Noreña - Figueroa,Miralbaida - Parque Azahara,,110000.0,flat,flat,89.0,,,3,2,,False,,False,,,,,renew,True,,,,,,,,,,,,,False,,bj,
112501364,https://www.idealista.com/inmueble/112501364/,sale,Córdoba,Córdoba,37.8898563,-4.7698821,True,es,Córdoba,Centro - Casco Histórico,Casco Histórico - Ollerías - Marrubial,,259000.0,duplex,duplex,110.0,,,3,2,,True,,False,,,,,good,False,,,,,,,,,,,,,True,,,
107989196,https://www.idealista.com/inmueble/107989196/,sale,Córdoba,Córdoba,37.8850108,-4.7844573,True,es,Córdoba,Centro - Casco Histórico,Centro,,315000.0,flat,flat,187.0,,,4,3,,False,,False,,,,,renew,True,,,,,,,,,,,,,True,,1,
111066131,https://www.idealista.com/inmueble/111066131/,sale,Córdoba,Córdoba,37.8904366,-4.7641944,True,es,Córdoba,Levante - Lepanto - Fátima,La Viñuela,,149900.0,flat,flat,77.0,,,3,1,,False,,False,,,,,good,True,,,,,,,,,,,,,False,,3,
111926996,https://www.idealista.com/inmueble/111926996/,sale,Córdoba,Córdoba,37.8801386,-4.7764083,True,es,Córdoba,Centro - Casco Histórico,Casco Histórico - Corredera - Ribera,,185000.0,flat,flat,80.0,,,2,1,,False,,False,,,,,good,False,,,,,,,,,,,,,False,,2,
112128862,https://www.idealista.com/inmueble/112128862/,sale,Córdoba,Córdoba,37.8868522,-4.7918983,True,es,Córdoba,Centro - Casco Histórico,Cercadilla - Medina Azahara,,204000.0,flat,flat,77.0,,,3,2,,False,,False,,,,,good,True,,,,,,,,,,,,,True,,1,
109768729,https://www.idealista.com/inmueble/109768729/,sale,Córdoba,Córdoba,37.8820397,-4.774962,True,es,Córdoba,Centro - Casco Histórico,Casco Histórico - Corredera - Ribera,,229500.0,chalet,independantHouse,122.0,,,4,3,,False,,False,,,,,good,,,,,,,,,,,,,,False,,,
112652638,https://www.idealista.com/inmueble/112652638/,sale,Córdoba,Córdoba,37.8890636,-4.7679571,False,es,Córdoba,Centro - Casco Histórico,Casco Histórico - Ollerías - Marrubial,,259000.0,duplex,duplex,110.0,,,3,2,,True,,False,,,,,good,False,,,,,,,,,,,,,True,,,
111973376,https://www.idealista.com/inmueble/111973376/,sale,Córdoba,Córdoba,37.8888894,-4.7771835,True,es,Córdoba,Centro - Casco Histórico,Centro,,460000.0,chalet,independantHouse,186.0,,,3,2,,False,,False,,,,,good,,,,,,,,,,,,,,False,,,
112693195,https://www.idealista.com/inmueble/112693195/,sale,Córdoba,Córdoba,37.8969993,-4.777676,True,es,Córdoba,Santa Rosa - Valdeolleros,Santa Rosa - San José,,164000.0,flat,flat,123.0,,,4,2,,False,,False,,,,,renew,False,,,,,,,,,,,,,False,,2,
111648042,https://www.idealista.com/inmueble/111648042/,sale,Córdoba,Córdoba,37.8816577,-4.7758479,True,es,Córdoba,Centro - Casco Histórico,Judería - San Basilio,,379800.0,chalet,independantHouse,252.0,,,7,2,,False,,False,,,,,good,,,,,,,,,,,,,,False,,,
112679985,https://www.idealista.com/inmueble/112679985/,sale,Córdoba,Córdoba,37.8857457,-4.7720184,True,es,Córdoba,Centro - Casco Histórico,Casco Histórico - Ollerías - Marrubial,,246000.0,flat,flat,127.0,,,3,2,,False,,False,,,,,good,False,,,,,,,,,,,,,True,,1,
111666941,https://www.idealista.com/obra-nueva/111666941/,sale,Córdoba,Córdoba,37.9030709,-4.8041091,False,es,Córdoba,Noreña - Figueroa,Tablero,,535000.0,chalet,terracedHouse,178.0,,,4,3,,False,,False,,,,,newdevelopment,,,,,,,,,,,,,,True,,,
111452690,https://www.idealista.com/inmueble/111452690/,sale,Córdoba,Córdoba,37.8818247,-4.7828399,True,es,Córdoba,Centro - Casco Histórico,Judería - San Basilio,,159900.0,flat,flat,90.0,,,3,1,,False,,False,,,,,good,False,,,,,,,,,,,,,False,,,
107234602,https://www.idealista.com/obra-nueva/107234602/,sale,Córdoba,Córdoba,37.9157179,-4.7992335,False,es,Córdoba,Brillante - Trassierra - Naranjo,Brillante,,230000.0,flat,flat,75.0,,,2,2,,False,,False,,,,,newdevelopment,False,,,,,,,,,,,,,True,,bj,
111132557,https://www.idealista.com/inmueble/111132557/,sale,Córdoba,Córdoba,37.892256,-4.7549392,True,es,Córdoba,Levante - Lepanto - Fátima,El Cairo,,148500.0,flat,flat,78.0,,,3,1,,False,,False,,,,,good,True,,,,,,,,,,,,,False,,4,
107234539,https://www.idealista.com/obra-nueva/107234539/,sale,Córdoba,Córdoba,37.9157179,-4.7992335,False,es,Córdoba,Brillante - Trassierra - Naranjo,Brillante,,170000.0,flat,flat,49.0,,,1,1,,False,,False,,,,,newdevelopment,False,,,,,,,,,,,,,True,,bj,
107234535,https://www.idealista.com/obra-nueva/107234535/,sale,Córdoba,Córdoba,37.9157179,-4.7992335,False,es,Córdoba,Brillante - Trassierra - Naranjo,Brillante,,190000.0,flat,flat,62.0,,,2,2,,False,,False,,,,,newdevelopment,False,,,,,,,,,,,,,True,,bj,
110974042,https://www.idealista.com/inmueble/110974042/,sale,Córdoba,Córdoba,37.8967263,-4.7762855,True,es,Córdoba,Santa Rosa - Valdeolleros,Valdeolleros - Zumbacón - Camping,,169000.0,flat,flat,103.0,,,4,1,,False,,False,,,,,good,True,,,,,,,,,,,,,False,,1,
111652611,https://www.idealista.com/obra-nueva/111652611/,sale,Córdoba,Córdoba,37.8944617,-4.7849233,False,es,Córdoba,Santa Rosa - Valdeolleros,Huerta de la Reina,,154900.0,flat,flat,45.0,,,1,1,,False,,False,,,,,newdevelopment,True,,,,,,,,,,,,,False,,bj,
112130916,https://www.idealista.com/inmueble/112130916/,sale,Córdoba,Córdoba,37.8859934,-4.7898451,True,es,Córdoba,Centro - Casco Histórico,Cercadilla - Medina Azahara,,204000.0,flat,flat,77.0,,,3,2,,False,,False,,,,,good,True,,,,,,,,,,,,,True,,1,
110921632,https://www.idealista.com/inmueble/110921632/,sale,Córdoba,Córdoba,37.8894001,-4.7631924,False,es,Córdoba,Levante - Lepanto - Fátima,La Viñuela,,149900.0,flat,flat,77.0,,,3,1,,False,,False,,,,,good,True,,,,,,,,,,,,,False,,3,
112683317,https://www.idealista.com/inmueble/112683317/,sale,Córdoba,Córdoba,37.8912872,-4.758559,False,es,Córdoba,Levante - Lepanto - Fátima,La Viñuela,,135000.0,flat,flat,83.0,,,3,1,,False,,False,,,,,good,True,,,,,,,,,,,,,False,,bj,
112038202,https://www.idealista.com/inmueble/112038202/,sale,Córdoba,Córdoba,37.8844705,-4.7865619,False,es,Córdoba,Ciudad Jardín,Ciudad Jardín,,205000.0,flat,flat,97.0,,,2,1,,False,,False,,,,,good,True,,,,,,,,,,,,,False,,1,
112263187,https://www.idealista.com/inmueble/112263187/,sale,Córdoba,Córdoba,37.8784035,-4.8148329,True,es,Córdoba,Noreña - Figueroa,Miralbaida - Parque Azahara,,89000.0,flat,flat,94.0,,,3,2,,False,,False,,,,,good,,,,,,,,,,,,,,False,,,
112454143,https://www.idealista.com/inmueble/112454143/,sale,Córdoba,Córdoba,37.8637177,-4.7718231,True,es,Córdoba,Campo de la Verdad,Campo de la Verdad,,117900.0,chalet,independantHouse,73.0,,,3,1,,False,,False,,,,,good,,,,,,,,,,,,,,False,,,
112550915,https://www.idealista.com/inmueble/112550915/,sale,Córdoba,Córdoba,37.8861052,-4.789165,True,es,Córdoba,Centro - Casco Histórico,Cercadilla - Medina Azahara,,204000.0,flat,flat,77.0,,,3,2,,False,,False,,,,,good,True,,,,,,,,,,,,,True,,1,
110930860,https://www.idealista.com/inmueble/110930860/,sale,Córdoba,Córdoba,37.8894001,-4.7631924,False,es,Córdoba,Levante - Lepanto - Fátima,La Viñuela,,149900.0,flat,flat,77.0,,,3,1,,False,,False,,,,,good,True,,,,,,,,,,,,,False,,3,
110521792,https://www.idealista.com/inmueble/110521792/,sale,Córdoba,Córdoba,37.9000966,-4.8018899,False,es,Córdoba,Noreña - Figueroa,Tablero,,600000.0,flat,flat,149.0,,,4,2,,False,,False,,,,,good,True,,,,,,,,,,,,,True,,bj,
112542559,https://www.idealista.com/inmueble/112542559/,sale,Córdoba,Córdoba,37.9067658,-4.7938176,True,es,Córdoba,Brillante - Trassierra - Naranjo,Brillante,,549900.0,chalet,semidetachedHouse,244.0,,,4,3,,False,,False,,,,,good,,,,,,,,,,,,,,False,,,
112510365,https://www.idealista.com/inmueble/112510365/,sale,Córdoba,Córdoba,37.8890636,-4.7679571,False,es,Córdoba,Centro - Casco Histórico,Casco Histórico - Ollerías - Marrubial,,259000.0,duplex,duplex,110.0,,,3,2,,True,,False,,,,,good,False,,,,,,,,,,,,,True,,,
110909382,https://www.idealista.com/inmueble/110909382/,sale,Córdoba,Córdoba,37.8894001,-4.7631924,False,es,Córdoba,Levante - Lepanto - Fátima,La Viñuela,,149900.0,flat,flat,77.0,,,3,1,,False,,False,,,,,good,True,,,,,,,,,,,,,False,,3,
112694485,https://www.idealista.com/inmueble/112694485/,sale,Córdoba,Córdoba,37.8987151,-4.7799632,True,es,Córdoba,Santa Rosa - Valdeolleros,Santa Rosa - San José,,164000.0,flat,flat,123.0,,,4,2,,False,,False,,,,,good,False,,,,,,,,,,,,,False,,2,
112676255,https://www.idealista.com/inmueble/112676255/,sale,Córdoba,Córdoba,37.8973575,-4.7994274,True,es,Córdoba,Noreña - Figueroa,Tablero,,450000.0,duplex,duplex,128.0,,,4,2,,True,,False,,,,,good,True,,,,,,,,,,,,,True,,5,
111572116,https://www.idealista.com/obra-nueva/111572116/,sale,Córdoba,Córdoba,37.8921371,-4.7810982,True,es,Córdoba,Centro - Casco Histórico,El Vial - Ronda de Tejares,,339000.0,flat,flat,138.0,,,3,2,,False,,False,,,,,newdevelopment,True,,,,,,,,,,,,,False,,,
111373030,https://www.idealista.com/obra-nueva/111373030/,sale,Córdoba,Córdoba,37.8921371,-4.7810982,True,es,Córdoba,Centro - Casco Histórico,El Vial - Ronda de Tejares,,348000.0,flat,flat,138.0,,,3,2,,False,,False,,,,,newdevelopment,True,,,,,,,,,,,,,False,,,
111184981,https://www.idealista.com/inmueble/111184981/,sale,Córdoba,Córdoba,37.8799739,-4.7800313,True,es,Córdoba,Centro - Casco Histórico,Judería - San Basilio,,159900.0,flat,flat,90.0,,,3,1,,False,,False,,,,,good,False,,,,,,,,,,,,,False,,,
111736916,https://www.idealista.com/inmueble/111736916/,sale,Córdoba,Córdoba,37.8885813,-4.7646523,False,es,Córdoba,Levante - Lepanto - Fátima,La Viñuela,,178000.0,flat,flat,108.0,,,4,2,,False,,False,,,,,renew,True,,,,,,,,,,,,,True,,2,
112692901,https://www.idealista.com/inmueble/112692901/,sale,Córdoba,Córdoba,37.8985915,-4.7796941,True,es,Córdoba,Santa Rosa - Valdeolleros,Santa Rosa - San José,,164000.0,flat,flat,123.0,,,4,2,,False,,False,,,,,renew,False,,,,,,,,,,,,,False,,2,
109314615,https://www.idealista.com/inmueble/109314615/,sale,Córdoba,Córdoba,37.8859803,-4.7818416,True,es,Córdoba,Centro - Casco Histórico,Centro,,315000.0,flat,flat,187.0,,,4,3,,False,,False,,,,,renew,True,,,,,,,,,,,,,True,,1,
112683159,https://www.idealista.com/inmueble/112683159/,sale,Córdoba,Córdoba,37.8894928,-4.7625262,False,es,Córdoba,Levante - Lepanto - Fátima,La Viñuela,,179000.0,flat,flat,122.0,,,3,2,,False,,False,,,,,good,False,,,,,,,,,,,,,False,,3,
111876915,https://www.idealista.com/inmueble/111876915/,sale,Córdoba,Córdoba,37.8928269,-4.7634705,True,es,Córdoba,Levante - Lepanto - Fátima,La Viñuela,,149900.0,penthouse,penthouse,69.0,,,3,1,,False,,False,,,,,good,False,,,,,,,,,,,,,False,,4,
111489883,https://www.idealista.com/inmueble/111489883/,sale,Córdoba,Córdoba,37.8857975,-4.7703859,True,es,Córdoba,Centro - Casco Histórico,Casco Histórico - Corredera - Ribera,,184900.0,flat,flat,109.0,,,2,2,,False,,False,,,,,good,False,,,,,,,,,,,,,False,,1,
111934814,https://www.idealista.com/inmueble/111934814/,sale,Córdoba,Córdoba,37.898782,-4.7797304,True,es,Córdoba,Santa Rosa - Valdeolleros,Valdeolleros - Zumbacón - Camping,,139900.0,flat,flat,67.0,,,3,1,,False,,False,,,,,good,False,,,,,,,,,,,,,False,,3,
112028603,https://www.idealista.com/inmueble/112028603/,sale,Córdoba,Córdoba,37.8844705,-4.7865619,False,es,Córdoba,Ciudad Jardín,Ciudad Jardín,,205000.0,flat,flat,97.0,,,2,1,,False,,False,,,,,good,True,,,,,,,,,,,,,False,,1,
111924404,https://www.idealista.com/inmueble/111924404/,sale,Córdoba,Córdoba,37.8806938,-4.7750014,False,es,Córdoba,Centro - Casco Histórico,Casco Histórico - Corredera - Ribera,,185000.0,flat,flat,80.0,,,2,1,,False,,False,,,,,good,False,,,,,,,,,,,,,False,,2,
112547301,https://www.idealista.com/inmueble/112547301/,sale,Córdoba,Córdoba,37.876205,-4.7960513,True,es,Córdoba,Zoco - Poniente - Vistalegre,Vistalegre - Parque Cruz - Universidades,,199900.0,flat,flat,110.0,,,4,2,,False,,False,,,,,good,True,,,,,,,,,,,,,False,,5,
111897091,https://www.idealista.com/inmueble/111897091/,sale,Córdoba,Córdoba,37.8981572,-4.8079667,True,es,Córdoba,Noreña - Figueroa,Tablero,,300000.0,chalet,terracedHouse,140.0,,,4,3,,False,,False,,,,,good,,,,,,,,,,,,,,True,,,
112588037,https://www.idealista.com/inmueble/112588037/,sale,Córdoba,Córdoba,37.8890636,-4.7679571,False,es,Córdoba,Centro - Casco Histórico,Casco Histórico - Ollerías - Marrubial,,259000.0,duplex,duplex,110.0,,,3,2,,True,,False,,,,,good,False,,,,,,,,,,,,,True,,,
111518013,https://www.idealista.com/inmueble/111518013/,sale,Córdoba,Córdoba,37.8814126,-4.7907272,False,es,Córdoba,Ciudad Jardín,Ciudad Jardín,,299000.0,flat,flat,215.0,,,5,3,,False,,False,,,,,good,True,,,,,,,,,,,,,True,,6,
111964968,https://www.idealista.com/inmueble/111964968/,sale,Córdoba,Córdoba,37.8890636,-4.7679571,False,es,Córdoba,Centro - Casco Histórico,Casco Histórico - Ollerías - Marrubial,,259000.0,duplex,duplex,110.0,,,3,2,,True,,False,,,,,good,False,,,,,,,,,,,,,True,,,
111964954,https://www.idealista.com/inmueble/111964954/,sale,Córdoba,Córdoba,37.8870789,-4.7824294,True,es,Córdoba,Centro - Casco Histórico,Centro,,240000.0,flat,flat,108.0,,,3,2,,False,,False,,,,,good,True,,,,,,,,,,,,,False,,2,
110082790,https://www.idealista.com/inmueble/110082790/,sale,Córdoba,Córdoba,37.9163678,-4.8147365,True,es,Córdoba,Brillante - Trassierra - Naranjo,Brillante,,900000.0,chalet,independantHouse,239.0,,,4,2,,False,,False,,,,,good,,,,,,,,,,,,,,True,,,
112152526,https://www.idealista.com/inmueble/112152526/,sale,Córdoba,Córdoba,37.879783,-4.766291,True,es,Córdoba,Fuensanta - Zona Arcángel,Fuensanta - Arcángel - Santuario,,120000.0,flat,flat,42.0,,,1,1,,False,,False,,,,,renew,False,,,,,,,,,,,,,False,,bj,
112475493,https://www.idealista.com/inmueble/112475493/,sale,Córdoba,Córdoba,37.8890636,-4.7679571,False,es,Córdoba,Centro - Casco Histórico,Casco Histórico - Ollerías - Marrubial,,259000.0,duplex,duplex,110.0,,,3,2,,True,,False,,,,,good,False,,,,,,,,,,,,,True,,,
112556268,https://www.idealista.com/inmueble/112556268/,sale,Córdoba,Córdoba,37.8844705,-4.7865619,False,es,Córdoba,Ciudad Jardín,Ciudad Jardín,,205000.0,flat,flat,97.0,,,2,1,,False,,False,,,,,good,True,,,,,,,,,,,,,False,,1,
112363247,https://www.idealista.com/inmueble/112363247/,sale,Córdoba,Córdoba,37.8830193,-4.7690515,True,es,Córdoba,Centro - Casco Histórico,Casco Histórico - Corredera - Ribera,,475000.0,chalet,independantHouse,982.0,,,11,5,,False,,False,,,,,renew,,,,,,,,,,,,,,False,,,
111945243,https://www.idealista.com/inmueble/111945243/,sale,Córdoba,Córdoba,37.8890636,-4.7679571,False,es,Córdoba,Centro - Casco Histórico,Casco Histórico - Ollerías - Marrubial,,259000.0,duplex,duplex,110.0,,,3,2,,True,,False,,,,,good,False,,,,,,,,,,,,,True,,,
112477230,https://www.idealista.com/inmueble/112477230/,sale,Córdoba,Córdoba,37.8812,-4.7777375,True,es,Córdoba,Centro - Casco Histórico,Judería - San Basilio,,450000.0,chalet,independantHouse,240.0,,,7,2,,False,,False,,,,,good,,,,,,,,,,,,,,True,,,
112614162,https://www.idealista.com/inmueble/112614162/,sale,Córdoba,Córdoba,37.8844705,-4.7865619,False,es,Córdoba,Ciudad Jardín,Ciudad Jardín,,205000.0,flat,flat,97.0,,,2,1,,False,,False,,,,,good,True,,,,,,,,,,,,,False,,1,
110922106,https://www.idealista.com/inmueble/110922106/,sale,Córdoba,Córdoba,37.8894001,-4.7631924,False,es,Córdoba,Levante - Lepanto - Fátima,La Viñuela,,149900.0,flat,flat,77.0,,,3,1,,False,,False,,,,,good,True,,,,,,,,,,,,,False,,3,
110922015,https://www.idealista.com/inmueble/110922015/,sale,Córdoba,Córdoba,37.8894001,-4.7631924,False,es,Córdoba,Levante - Lepanto - Fátima,La Viñuela,,149900.0,flat,flat,77.0,,,3,1,,False,,False,,,,,good,True,,,,,,,,,,,,,False,,3,
112025994,https://www.idealista.com/inmueble/112025994/,sale,Córdoba,Córdoba,37.8844705,-4.7865619,False,es,Córdoba,Ciudad Jardín,Ciudad Jardín,,205000.0,flat,flat,97.0,,,2,1,,False,,False,,,,,good,True,,,,,,,,,,,,,False,,1,
112675925,https://www.idealista.com/inmueble/112675925/,sale,Córdoba,Córdoba,37.8907417,-4.7923081,True,es,Córdoba,Noreña - Figueroa,Carretera Trassierra - Colonia de la Paz,,184900.0,flat,flat,104.0,,,3,2,,False,,False,,,,,good,True,,,,,,,,,,,,,False,,3,
112633851,https://www.idealista.com/inmueble/112633851/,sale,Córdoba,Córdoba,37.8965957,-4.7607227,True,es,Córdoba,Levante - Lepanto - Fátima,Fátima - Campiñuela,,210000.0,flat,flat,94.0,,,3,2,,False,,False,,,,,good,True,,,,,,,,,,,,,False,,1,
112028773,https://www.idealista.com/inmueble/112028773/,sale,Córdoba,Córdoba,37.8844705,-4.7865619,False,es,Córdoba,Ciudad Jardín,Ciudad Jardín,,205000.0,flat,flat,97.0,,,2,1,,False,,False,,,,,good,True,,,,,,,,,,,,,False,,1,
112574769,https://www.idealista.com/inmueble/112574769/,sale,Córdoba,Córdoba,37.8973745,-4.7730389,False,es,Córdoba,Santa Rosa - Valdeolleros,Valdeolleros - Zumbacón - Camping,,238000.0,flat,flat,140.0,,,4,2,,False,,False,,,,,good,True,,,,,,,,,,,,,True,,bj,
111677761,https://www.idealista.com/inmueble/111677761/,sale,Córdoba,Córdoba,37.8820604,-4.7820679,False,es,Córdoba,Centro - Casco Histórico,Centro,,235000.0,flat,flat,84.0,,,3,2,,False,,False,,,,,good,False,,,,,,,,,,,,,True,,3,
109194680,https://www.idealista.com/inmueble/109194680/,sale,Córdoba,Córdoba,37.8649266,-4.7745167,True,es,Córdoba,Sector sur - Santa Cruz,Sector sur - Santa Cruz,,50000.0,flat,flat,54.0,,,2,1,,False,,False,,,,,renew,True,,,,,,,,,,,,,False,,4,
111951627,https://www.idealista.com/inmueble/111951627/,sale,Córdoba,Córdoba,37.8890636,-4.7679571,False,es,Córdoba,Centro - Casco Histórico,Casco Histórico - Ollerías - Marrubial,,259000.0,duplex,duplex,110.0,,,3,2,,True,,False,,,,,good,False,,,,,,,,,,,,,True,,,
111945428,https://www.idealista.com/inmueble/111945428/,sale,Córdoba,Córdoba,37.8890636,-4.7679571,False,es,Córdoba,Centro - Casco Histórico,Casco Histórico - Ollerías - Marrubial,,259000.0,duplex,duplex,110.0,,,3,2,,True,,False,,,,,good,False,,,,,,,,,,,,,True,,,
112019365,https://www.idealista.com/inmueble/112019365/,sale,Córdoba,Córdoba,37.8867798,-4.7786042,False,es,Córdoba,Centro - Casco Histórico,Centro,,265000.0,flat,flat,110.0,,,4,2,,False,,False,,,,,good,False,,,,,,,,,,,,,True,,1,
111925325,https://www.idealista.com/inmueble/111925325/,sale,Córdoba,Córdoba,37.8806938,-4.7750014,False,es,Córdoba,Centro - Casco Histórico,Casco Histórico - Corredera - Ribera,,185000.0,flat,flat,80.0,,,2,1,,False,,False,,,,,good,False,,,,,,,,,,,,,False,,2,
112581228,https://www.idealista.com/inmueble/112581228/,sale,Córdoba,Córdoba,37.8905108,-4.7651396,True,es,Córdoba,Levante - Lepanto - Fátima,La Viñuela,,178000.0,flat,flat,134.0,,,4,2,,False,,False,,,,,renew,True,,,,,,,,,,,,,False,,2,
112698915,https://www.idealista.com/inmueble/112698915/,sale,Córdoba,Córdoba,37.897229,-4.7814916,True,es,Córdoba,Santa Rosa - Valdeolleros,Santa Rosa - San José,,164000.0,flat,flat,123.0,,,4,2,,False,,False,,,,,good,False,,,,,,,,,,,,,False,,2,
112698793,https://www.idealista.com/inmueble/112698793/,sale,Córdoba,Córdoba,37.8948309,-4.7609268,True,es,Córdoba,Levante - Lepanto - Fátima,Levante,,149900.0,chalet,independantHouse,135.0,,,3,0,,False,,False,,,,,renew,,,,,,,,,,,,,,False,,,
112542777,https://www.idealista.com/inmueble/112542777/,sale,Córdoba,Córdoba,37.8826474,-4.8052303,True,es,Córdoba,Noreña - Figueroa,Noreña - Turruñuelos,,539000.0,chalet,terracedHouse,202.0,,,3,3,,False,,False,,,,,good,,,,,,,,,,,,,,True,,,
112471761,https://www.idealista.com/inmueble/112471761/,sale,Córdoba,Córdoba,37.8856878,-4.7698585,True,es,Córdoba,Centro - Casco Histórico,Casco Histórico - Corredera - Ribera,,239000.0,flat,flat,43.0,,,1,1,,False,,False,,,,,good,True,,,,,,,,,,,,,False,,bj,
112680546,https://www.idealista.com/inmueble/112680546/,sale,Córdoba,Córdoba,37.890108,-4.7518326,False,es,Córdoba,Fuensanta - Zona Arcángel,Cañero - Fidiana,,165000.0,chalet,semidetachedHouse,97.0,,,2,1,,False,,False,,,,,good,,,,,,,,,,,,,,False,,,
112508415,https://www.idealista.com/inmueble/112508415/,sale,Córdoba,Córdoba,37.8864367,-4.7757309,True,es,Córdoba,Centro - Casco Histórico,Casco Histórico - Ollerías - Marrubial,,249000.0,flat,flat,119.0,,,4,2,,False,,False,,,,,good,False,,,,,,,,,,,,,False,,1,
112564936,https://www.idealista.com/inmueble/112564936/,sale,Córdoba,Córdoba,37.8825045,-4.7916464,True,es,Córdoba,Ciudad Jardín,Ciudad Jardín,,299000.0,flat,flat,215.0,,,5,3,,False,,False,,,,,good,True,,,,,,,,,,,,,False,,6,
111596814,https://www.idealista.com/inmueble/111596814/,sale,Córdoba,Córdoba,37.8821414,-4.7721768,True,es,Córdoba,Centro - Casco Histórico,Casco Histórico - Corredera - Ribera,,184900.0,flat,flat,109.0,,,2,2,,False,,False,,,,,good,False,,,,,,,,,,,,,False,,1,
111184654,https://www.idealista.com/inmueble/111184654/,sale,Córdoba,Córdoba,37.8824383,-4.7814788,True,es,Córdoba,Centro - Casco Histórico,Judería - San Basilio,,159900.0,flat,flat,90.0,,,3,1,,False,,False,,,,,good,False,,,,,,,,,,,,,False,,,
109968566,https://www.idealista.com/inmueble/109968566/,sale,Córdoba,Córdoba,37.862611,-4.7740996,True,es,Córdoba,Sector sur - Santa Cruz,Sector sur - Santa Cruz,,41000.0,flat,flat,57.0,,,3,1,,False,,False,,,,,renew,True,,,,,,,,,,,,,False,,bj,
111424245,https://www.idealista.com/inmueble/111424245/,sale,Córdoba,Córdoba,37.8888759,-4.7785923,True,es,Córdoba,Centro - Casco Histórico,Centro,,289000.0,flat,flat,160.0,,,6,3,,False,,False,,,,,renew,True,,,,,,,,,,,,,False,,2,
112144684,https://www.idealista.com/inmueble/112144684/,sale,Córdoba,Córdoba,37.8844705,-4.7865619,False,es,Córdoba,Ciudad Jardín,Ciudad Jardín,,205000.0,flat,flat,97.0,,,2,1,,False,,False,,,,,good,True,,,,,,,,,,,,,False,,1,
108539515,https://www.idealista.com/inmueble/108539515/,sale,Córdoba,Córdoba,37.89122,-4.7808253,True,es,Córdoba,Centro - Casco Histórico,San Cayetano,,335000.0,flat,flat,180.0,,,4,3,,False,,False,,,,,good,True,,,,,,,,,,,,,True,,6,
112334415,https://www.idealista.com/inmueble/112334415/,sale,Córdoba,Córdoba,37.8861442,-4.7803806,True,es,Córdoba,Centro - Casco Histórico,Centro,,215000.0,flat,flat,65.0,,,1,1,,False,,False,,,,,good,True,,,,,,,,,,,,,True,,3,
109708331,https://www.idealista.com/inmueble/109708331/,sale,Córdoba,Córdoba,37.8637545,-4.7777765,True,es,Córdoba,Sector sur - Santa Cruz,Sector sur - Santa Cruz,,61500.0,flat,flat,65.0,,,3,1,,False,,False,,,,,renew,False,,,,,,,,,,,,,False,,,
111338204,https://www.idealista.com/inmueble/111338204/,sale,Córdoba,Córdoba,37.8812593,-4.7712126,True,es,Córdoba,Centro - Casco Histórico,Casco Histórico - Corredera - Ribera,,239000.0,chalet,independantHouse,181.0,,,3,1,,False,,False,,,,,good,,,,,,,,,,,,,,True,,,
111938136,https://www.idealista.com/inmueble/111938136/,sale,Córdoba,Córdoba,37.8806938,-4.7750014,False,es,Córdoba,Centro - Casco Histórico,Casco Histórico - Corredera - Ribera,,185000.0,flat,flat,80.0,,,2,1,,False,,False,,,,,good,False,,,,,,,,,,,,,False,,2,
112596062,https://www.idealista.com/inmueble/112596062/,sale,Córdoba,Córdoba,37.8804895,-4.7669279,True,es,Córdoba,Fuensanta - Zona Arcángel,Fuensanta - Arcángel - Santuario,,179900.0,flat,flat,78.0,,,3,1,,False,,False,,,,,good,False,,,,,,,,,,,,,True,,1,
110960058,https://www.idealista.com/inmueble/110960058/,sale,Córdoba,Córdoba,37.8847983,-4.7895322,True,es,Córdoba,Ciudad Jardín,Ciudad Jardín,,200000.0,flat,flat,91.0,,,2,2,,False,,False,,,,,good,True,,,,,,,,,,,,,True,,3,
112153037,https://www.idealista.com/inmueble/112153037/,sale,Córdoba,Córdoba,37.8844705,-4.7865619,False,es,Córdoba,Ciudad Jardín,Ciudad Jardín,,205000.0,flat,flat,97.0,,,2,1,,False,,False,,,,,good,True,,,,,,,,,,,,,False,,1,
112433992,https://www.idealista.com/inmueble/112433992/,sale,Córdoba,Córdoba,37.8970944,-4.8073571,False,es,Córdoba,Noreña - Figueroa,Tablero,,340000.0,chalet,independantHouse,189.0,,,4,3,,False,,False,,,,,good,,,,,,,,,,,,,,True,,,
111949949,https://www.idealista.com/inmueble/111949949/,sale,Córdoba,Córdoba,37.8890636,-4.7679571,False,es,Córdoba,Centro - Casco Histórico,Casco Histórico - Ollerías - Marrubial,,259000.0,duplex,duplex,110.0,,,3,2,,True,,False,,,,,good,False,,,,,,,,,,,,,True,,,
110983940,https://www.idealista.com/inmueble/110983940/,sale,Córdoba,Córdoba,37.8894001,-4.7631924,False,es,Córdoba,Levante - Lepanto - Fátima,La Viñuela,,149900.0,flat,flat,77.0,,,3,1,,False,,False,,,,,good,True,,,,,,,,,,,,,False,,3,
110971874,https://www.idealista.com/inmueble/110971874/,sale,Córdoba,Córdoba,37.8894001,-4.7631924,False,es,Córdoba,Levante - Lepanto - Fátima,La Viñuela,,149900.0,flat,flat,77.0,,,3,1,,False,,False,,,,,good,True,,,,,,,,,,,,,False,,3,
109371725,https://www.idealista.com/inmueble/109371725/,sale,Córdoba,Córdoba,37.8820782,-4.7754477,True,es,Córdoba,Centro - Casco Histórico,Casco Histórico - Corredera - Ribera,,229500.0,chalet,independantHouse,122.0,,,4,3,,False,,False,,,,,good,,,,,,,,,,,,,,False,,,
112637498,https://www.idealista.com/inmueble/112637498/,sale,Córdoba,Córdoba,37.8990713,-4.8094374,True,es,Córdoba,Noreña - Figueroa,Tablero,,300000.0,chalet,terracedHouse,140.0,,,4,3,,False,,False,,,,,good,,,,,,,,,,,,,,True,,,
112675452,https://www.idealista.com/inmueble/112675452/,sale,Córdoba,Córdoba,37.8901634,-4.7607351,True,es,Córdoba,Levante - Lepanto - Fátima,La Viñuela,,140000.0,flat,flat,66.0,,,2,1,,False,,False,,,,,good,False,,,,,,,,,,,,,False,,3,
112021363,https://www.idealista.com/inmueble/112021363/,sale,Córdoba,Córdoba,37.8844705,-4.7865619,False,es,Córdoba,Ciudad Jardín,Ciudad Jardín,,205000.0,flat,flat,97.0,,,2,1,,False,,False,,,,,good,True,,,,,,,,,,,,,False,,1,
111645098,https://www.idealista.com/inmueble/111645098/,sale,Córdoba,Córdoba,37.8823416,-4.7751452,True,es,Córdoba,Centro - Casco Histórico,Judería - San Basilio,,379800.0,chalet,independantHouse,252.0,,,7,2,,False,,False,,,,,good,,,,,,,,,,,,,,False,,,
112459065,https://www.idealista.com/inmueble/112459065/,sale,Córdoba,Córdoba,37.8962912,-4.8002009,True,es,Córdoba,Noreña - Figueroa,Tablero,,620000.0,flat,flat,238.0,,,3,3,,False,,False,,,,,good,True,,,,,,,,,,,,,True,,bj,
111924046,https://www.idealista.com/inmueble/111924046/,sale,Córdoba,Córdoba,37.8806938,-4.7750014,False,es,Córdoba,Centro - Casco Histórico,Casco Histórico - Corredera - Ribera,,185000.0,flat,flat,80.0,,,2,1,,False,,False,,,,,good,False,,,,,,,,,,,,,False,,2,
112228036,https://www.idealista.com/inmueble/112228036/,sale,Córdoba,Córdoba,37.8924346,-4.7676727,True,es,Córdoba,Centro - Casco Histórico,Casco Histórico - Ollerías - Marrubial,,145500.0,flat,flat,69.0,,,2,1,,False,,False,,,,,good,False,,,,,,,,,,,,,False,,1,
111328021,https://www.idealista.com/inmueble/111328021/,sale,Córdoba,Córdoba,37.8826676,-4.7750618,True,es,Córdoba,Centro - Casco Histórico,Casco Histórico - Corredera - Ribera,,229500.0,chalet,independantHouse,122.0,,,4,3,,False,,False,,,,,good,,,,,,,,,,,,,,False,,,
112548020,https://www.idealista.com/inmueble/112548020/,sale,Córdoba,Córdoba,37.8897753,-4.7810932,True,es,Córdoba,Centro - Casco Histórico,El Vial - Ronda de Tejares,,240000.0,flat,flat,73.0,,,1,1,,False,,False,,,,,good,True,,,,,,,,,,,,,False,,5,
111951010,https://www.idealista.com/inmueble/111951010/,sale,Córdoba,Córdoba,37.8900665,-4.7674986,True,es,Córdoba,Centro - Casco Histórico,Casco Histórico - Ollerías - Marrubial,,259000.0,duplex,duplex,110.0,,,3,2,,True,,False,,,,,good,False,,,,,,,,,,,,,True,,,
112065993,https://www.idealista.com/inmueble/112065993/,sale,Córdoba,Córdoba,37.8799441,-4.7766449,True,es,Córdoba,Centro - Casco Histórico,Judería - San Basilio,,379800.0,chalet,independantHouse,252.0,,,7,2,,False,,False,,,,,good,,,,,,,,,,,,,,False,,,
112142979,https://www.idealista.com/inmueble/112142979/,sale,Córdoba,Córdoba,37.881233,-4.7761411,True,es,Córdoba,Centro - Casco Histórico,Casco Histórico - Corredera - Ribera,,185000.0,flat,flat,80.0,,,2,1,,False,,False,,,,,good,False,,,,,,,,,,,,,False,,2,
111453976,https://www.idealista.com/inmueble/111453976/,sale,Córdoba,Córdoba,37.8910978,-4.7630336,True,es,Córdoba,Levante - Lepanto - Fátima,La Viñuela,,149900.0,flat,flat,77.0,,,3,1,,False,,False,,,,,good,True,,,,,,,,,,,,,False,,3,
112022910,https://www.idealista.com/inmueble/112022910/,sale,Córdoba,Córdoba,37.8849866,-4.7851789,True,es,Córdoba,Ciudad Jardín,Ciudad Jardín,,205000.0,flat,flat,97.0,,,2,1,,False,,False,,,,,good,True,,,,,,,,,,,,,False,,1,
111943870,https://www.idealista.com/inmueble/111943870/,sale,Córdoba,Córdoba,37.8812711,-4.7733207,True,es,Córdoba,Centro - Casco Histórico,Casco Histórico - Corredera - Ribera,,185000.0,flat,flat,80.0,,,2,1,,False,,False,,,,,good,False,,,,,,,,,,,,,False,,2,
111642830,https://www.idealista.com/inmueble/111642830/,sale,Córdoba,Córdoba,37.8821986,-4.7756996,True,es,Córdoba,Centro - Casco Histórico,Judería - San Basilio,,379800.0,chalet,independantHouse,252.0,,,7,2,,False,,False,,,,,good,,,,,,,,,,,,,,False,,,
112354814,https://www.idealista.com/inmueble/112354814/,sale,Córdoba,Córdoba,37.8809438,-4.7896648,True,es,Córdoba,Ciudad Jardín,Ciudad Jardín,,299000.0,flat,flat,215.0,,,5,3,,False,,False,,,,,good,True,,,,,,,,,,,,,True,,6,
112329781,https://www.idealista.com/inmueble/112329781/,sale,Córdoba,Córdoba,37.8849317,-4.7876816,True,es,Córdoba,Ciudad Jardín,Ciudad Jardín,,205000.0,flat,flat,97.0,,,2,1,,False,,False,,,,,good,True,,,,,,,,,,,,,False,,1,
110925786,https://www.idealista.com/inmueble/110925786/,sale,Córdoba,Córdoba,37.9143027,-4.8178503,True,es,Córdoba,Brillante - Trassierra - Naranjo,Brillante,,900000.0,chalet,independantHouse,239.0,,,4,2,,False,,False,,,,,good,,,,,,,,,,,,,,True,,,
109491758,https://www.idealista.com/inmueble/109491758/,sale,Córdoba,Córdoba,37.9252625,-4.7518924,False,es,Córdoba,Brillante - Trassierra - Naranjo,Paraíso Arenal - La Colina,,450000.0,chalet,independantHouse,733.0,,,10,7,,False,,False,,,,,good,,,,,,,,,,,,,,True,,,
109376757,https://www.idealista.com/inmueble/109376757/,sale,Córdoba,Córdoba,37.8797142,-4.7765607,True,es,Córdoba,Centro - Casco Histórico,Casco Histórico - Corredera - Ribera,,229500.0,chalet,independantHouse,122.0,,,4,3,,False,,False,,,,,good,,,,,,,,,,,,,,False,,,
111924735,https://www.idealista.com/inmueble/111924735/,sale,Córdoba,Córdoba,37.8806938,-4.7750014,False,es,Córdoba,Centro - Casco Histórico,Casco Histórico - Corredera - Ribera,,185000.0,flat,flat,80.0,,,2,1,,False,,False,,,,,good,False,,,,,,,,,,,,,False,,2,
111333738,https://www.idealista.com/obra-nueva/111333738/,sale,Córdoba,Córdoba,37.9169619,-4.80915,False,es,Córdoba,Brillante - Trassierra - Naranjo,Brillante,,990000.0,chalet,independantHouse,230.0,,,4,3,,False,,False,,,,,newdevelopment,,,,,,,,,,,,,,False,,,
112615701,https://www.idealista.com/inmueble/112615701/,sale,Córdoba,Córdoba,37.8969993,-4.7735975,True,es,Córdoba,Santa Rosa - Valdeolleros,Valdeolleros - Zumbacón - Camping,,189000.0,flat,flat,101.0,,,2,2,,False,,False,,,,,good,True,,,,,,,,,,,,,False,,1,
112524701,https://www.idealista.com/inmueble/112524701/,sale,Córdoba,Córdoba,37.8890636,-4.7679571,False,es,Córdoba,Centro - Casco Histórico,Casco Histórico - Ollerías - Marrubial,,259000.0,duplex,duplex,110.0,,,3,2,,True,,False,,,,,good,False,,,,,,,,,,,,,True,,,
110925682,https://www.idealista.com/inmueble/110925682/,sale,Córdoba,Córdoba,37.8894001,-4.7631924,False,es,Córdoba,Levante - Lepanto - Fátima,La Viñuela,,149900.0,flat,flat,77.0,,,3,1,,False,,False,,,,,good,True,,,,,,,,,,,,,False,,3,
112363533,https://www.idealista.com/inmueble/112363533/,sale,Córdoba,Córdoba,37.8894001,-4.7631924,False,es,Córdoba,Levante - Lepanto - Fátima,La Viñuela,,149900.0,flat,flat,77.0,,,3,1,,False,,False,,,,,good,True,,,,,,,,,,,,,False,,3,
112047493,https://www.idealista.com/inmueble/112047493/,sale,Córdoba,Córdoba,37.8845785,-4.792748,True,es,Córdoba,Centro - Casco Histórico,Cercadilla - Medina Azahara,,204000.0,flat,flat,77.0,,,3,2,,False,,False,,,,,good,True,,,,,,,,,,,,,True,,1,
111523487,https://www.idealista.com/inmueble/111523487/,sale,Córdoba,Córdoba,37.8818823,-4.7920337,True,es,Córdoba,Ciudad Jardín,Ciudad Jardín,,299000.0,flat,flat,215.0,,,5,3,,False,,False,,,,,good,True,,,,,,,,,,,,,True,,6,
110037399,https://www.idealista.com/inmueble/110037399/,sale,Córdoba,Córdoba,37.914322,-4.817842,True,es,Córdoba,Brillante - Trassierra - Naranjo,Brillante,,900000.0,chalet,independantHouse,239.0,,,4,2,,False,,False,,,,,good,,,,,,,,,,,,,,True,,,
108048383,https://www.idealista.com/inmueble/108048383/,sale,Córdoba,Córdoba,37.8610069,-4.7762449,True,es,Córdoba,Sector sur - Santa Cruz,Sector sur - Santa Cruz,,47000.0,flat,flat,62.0,,,3,1,,False,,False,,,,,good,,,,,,,,,,,,,,False,,,
111084372,https://www.idealista.com/inmueble/111084372/,sale,Córdoba,Córdoba,37.8823248,-4.7742682,True,es,Córdoba,Centro - Casco Histórico,Casco Histórico - Corredera - Ribera,,229500.0,chalet,independantHouse,145.0,,,4,2,,False,,False,,,,,good,,,,,,,,,,,,,,False,,,
112615353,https://www.idealista.com/inmueble/112615353/,sale,Córdoba,Córdoba,37.8887408,-4.7534275,True,es,Córdoba,Fuensanta - Zona Arcángel,Cañero - Fidiana,,309900.0,chalet,terracedHouse,216.0,,,4,3,,False,,False,,,,,good,,,,,,,,,,,,,,True,,,
112055181,https://www.idealista.com/inmueble/112055181/,sale,Córdoba,Córdoba,37.8799499,-4.7733643,True,es,Córdoba,Centro - Casco Histórico,Casco Histórico - Corredera - Ribera,,117900.0,flat,flat,43.0,,,1,1,,False,,False,,,,,good,False,,,,,,,,,,,,,False,,bj,
109454177,https://www.idealista.com/inmueble/109454177/,sale,Córdoba,Córdoba,37.890689,-4.7586922,True,es,Córdoba,Levante - Lepanto - Fátima,La Viñuela,,450000.0,chalet,independantHouse,491.0,,,6,5,,False,,False,,,,,good,,,,,,,,,,,,,,True,,,
112123149,https://www.idealista.com/inmueble/112123149/,sale,Córdoba,Córdoba,37.8816132,-4.7892489,True,es,Córdoba,Ciudad Jardín,Ciudad Jardín,,144900.0,flat,flat,60.0,,,2,1,,False,,False,,,,,good,False,,,,,,,,,,,,,False,,3,
112629128,https://www.idealista.com/inmueble/112629128/,sale,Córdoba,Córdoba,37.896872,-4.7814904,False,es,Córdoba,Santa Rosa - Valdeolleros,Santa Rosa - San José,,235500.0,flat,flat,80.0,,,3,1,,False,,False,,,,,good,False,,,,,,,,,,,,,True,,3,
111876961,https://www.idealista.com/inmueble/111876961/,sale,Córdoba,Córdoba,37.89141,-4.7647235,True,es,Córdoba,Levante - Lepanto - Fátima,La Viñuela,,149900.0,penthouse,penthouse,80.0,,,3,1,,False,,False,,,,,good,False,,,,,,,,,,,,,False,,4,
112657951,https://www.idealista.com/inmueble/112657951/,sale,Córdoba,Córdoba,37.8935013,-4.7599262,True,es,Córdoba,Levante - Lepanto - Fátima,Levante,,149000.0,flat,flat,100.0,,,4,2,,False,,False,,,,,good,False,,,,,,,,,,,,,False,,3,
111596943,https://www.idealista.com/inmueble/111596943/,sale,Córdoba,Córdoba,37.896557,-4.7774249,True,es,Córdoba,Santa Rosa - Valdeolleros,Valdeolleros - Zumbacón - Camping,,150000.0,flat,flat,75.0,,,3,1,,False,,False,,,,,good,False,,,,,,,,,,,,,False,,2,
112531864,https://www.idealista.com/inmueble/112531864/,sale,Córdoba,Córdoba,37.8806277,-4.7754793,True,es,Córdoba,Centro - Casco Histórico,Judería - San Basilio,,379800.0,chalet,independantHouse,252.0,,,7,2,,False,,False,,,,,good,,,,,,,,,,,,,,False,,,
109379860,https://www.idealista.com/inmueble/109379860/,sale,Córdoba,Córdoba,37.8824221,-4.7737336,True,es,Córdoba,Centro - Casco Histórico,Casco Histórico - Corredera - Ribera,,229500.0,chalet,independantHouse,122.0,,,4,3,,False,,False,,,,,good,,,,,,,,,,,,,,False,,,
112412845,https://www.idealista.com/inmueble/112412845/,sale,Córdoba,Córdoba,37.8897722,-4.7814237,True,es,Córdoba,Centro - Casco Histórico,El Vial - Ronda de Tejares,,1300000.0,flat,flat,565.0,,,6,5,,False,,False,,,,,good,True,,,,,,,,,,,,,False,,3,
112161839,https://www.idealista.com/inmueble/112161839/,sale,Córdoba,Córdoba,37.8879905,-4.762424,True,es,Córdoba,Levante - Lepanto - Fátima,La Viñuela,,153500.0,flat,flat,114.0,,,3,1,,False,,False,,,,,good,False,,,,,,,,,,,,,False,,1,
112005772,https://www.idealista.com/inmueble/112005772/,sale,Córdoba,Córdoba,37.8829178,-4.7887949,True,es,Córdoba,Ciudad Jardín,Ciudad Jardín,,144900.0,flat,flat,60.0,,,2,1,,False,,False,,,,,good,False,,,,,,,,,,,,,False,,3,
112335762,https://www.idealista.com/inmueble/112335762/,sale,Córdoba,Córdoba,37.8623986,-4.7691032,True,es,Córdoba,Campo de la Verdad,Campo de la Verdad,,117900.0,chalet,independantHouse,73.0,,,3,1,,False,,False,,,,,good,,,,,,,,,,,,,,False,,,
111396750,https://www.idealista.com/inmueble/111396750/,sale,Córdoba,Córdoba,37.8876344,-4.7718255,True,es,Córdoba,Centro - Casco Histórico,Casco Histórico - Ollerías - Marrubial,,239000.0,chalet,independantHouse,181.0,,,3,1,,False,,False,,,,,good,,,,,,,,,,,,,,True,,,
112668576,https://www.idealista.com/inmueble/112668576/,sale,Córdoba,Córdoba,37.8957856,-4.7714048,True,es,Córdoba,Santa Rosa - Valdeolleros,Valdeolleros - Zumbacón - Camping,,290000.0,chalet,terracedHouse,141.0,,,3,2,,False,,False,,,,,good,,,,,,,,,,,,,,True,,,
112445537,https://www.idealista.com/inmueble/112445537/,sale,Córdoba,Córdoba,37.9247727,-4.7923024,True,es,Córdoba,Brillante - Trassierra - Naranjo,Brillante,,655000.0,chalet,independantHouse,489.0,,,5,5,,False,,False,,,,,good,,,,,,,,,,,,,,True,,,
112340516,https://www.idealista.com/inmueble/112340516/,sale,Córdoba,Córdoba,37.8649471,-4.7717803,True,es,Córdoba,Campo de la Verdad,Campo de la Verdad,,117900.0,chalet,independantHouse,73.0,,,3,1,,False,,False,,,,,good,,,,,,,,,,,,,,False,,,
111645512,https://www.idealista.com/inmueble/111645512/,sale,Córdoba,Córdoba,37.8798811,-4.7758015,True,es,Córdoba,Centro - Casco Histórico,Judería - San Basilio,,379800.0,chalet,independantHouse,252.0,,,7,2,,False,,False,,,,,good,,,,,,,,,,,,,,False,,,
111663469,https://www.idealista.com/obra-nueva/111663469/,sale,Córdoba,Córdoba,37.8944617,-4.7849233,False,es,Córdoba,Santa Rosa - Valdeolleros,Huerta de la Reina,,299900.0,flat,flat,91.0,,,3,2,,False,,False,,,,,newdevelopment,True,,,,,,,,,,,,,False,,1,
111191325,https://www.idealista.com/inmueble/111191325/,sale,Córdoba,Córdoba,37.8971393,-4.7764753,True,es,Córdoba,Santa Rosa - Valdeolleros,Valdeolleros - Zumbacón - Camping,,169000.0,flat,flat,103.0,,,4,1,,False,,False,,,,,good,True,,,,,,,,,,,,,False,,1,
110855321,https://www.idealista.com/inmueble/110855321/,sale,Córdoba,Córdoba,37.8885613,-4.8069478,True,es,Córdoba,Noreña - Figueroa,Noreña - Turruñuelos,,315000.0,flat,flat,111.0,,,3,2,,False,,False,,,,,good,True,,,,,,,,,,,,,True,,5,
110023308,https://www.idealista.com/inmueble/110023308/,sale,Córdoba,Córdoba,37.8805945,-4.7734309,True,es,Córdoba,Centro - Casco Histórico,Casco Histórico - Corredera - Ribera,,229500.0,chalet,independantHouse,122.0,,,4,3,,False,,False,,,,,good,,,,,,,,,,,,,,False,,,
112551284,https://www.idealista.com/inmueble/112551284/,sale,Córdoba,Córdoba,37.8879336,-4.7902734,True,es,Córdoba,Centro - Casco Histórico,Cercadilla - Medina Azahara,,204000.0,flat,flat,77.0,,,3,2,,False,,False,,,,,good,True,,,,,,,,,,,,,True,,1,
112677197,https://www.idealista.com/inmueble/112677197/,sale,Córdoba,Córdoba,37.8693493,-4.7712344,True,es,Córdoba,Campo de la Verdad,Campo de la Verdad,,150000.0,chalet,semidetachedHouse,133.0,,,3,1,,False,,False,,,,,renew,,,,,,,,,,,,,,False,,,
111442099,https://www.idealista.com/inmueble/111442099/,sale,Córdoba,Córdoba,37.8804218,-4.7824426,True,es,Córdoba,Centro - Casco Histórico,Judería - San Basilio,,159900.0,flat,flat,90.0,,,3,1,,False,,False,,,,,good,False,,,,,,,,,,,,,False,,,
112675984,https://www.idealista.com/inmueble/112675984/,sale,Córdoba,Córdoba,37.8905242,-4.7529981,True,es,Córdoba,Fuensanta - Zona Arcángel,Cañero - Fidiana,,165000.0,chalet,terracedHouse,97.0,,,2,1,,False,,False,,,,,good,,,,,,,,,,,,,,False,,,
112630919,https://www.idealista.com/inmueble/112630919/,sale,Córdoba,Córdoba,37.8852128,-4.7920222,True,es,Córdoba,Centro - Casco Histórico,Cercadilla - Medina Azahara,,204000.0,flat,flat,77.0,,,3,2,,False,,False,,,,,good,True,,,,,,,,,,,,,True,,1,
111408809,https://www.idealista.com/inmueble/111408809/,sale,Córdoba,Córdoba,37.8973946,-4.7726132,True,es,Córdoba,Santa Rosa - Valdeolleros,Valdeolleros - Zumbacón - Camping,,424800.0,penthouse,penthouse,126.0,,,4,2,,False,,False,,,,,good,True,,,,,,,,,,,,,True,,3,
112554600,https://www.idealista.com/inmueble/112554600/,sale,Córdoba,Córdoba,37.8959252,-4.7731622,True,es,Córdoba,Santa Rosa - Valdeolleros,Valdeolleros - Zumbacón - Camping,,146000.0,flat,flat,64.0,,,1,1,,False,,False,,,,,good,False,,,,,,,,,,,,,False,,bj,
111654303,https://www.idealista.com/inmueble/111654303/,sale,Córdoba,Córdoba,37.8811167,-4.7749891,True,es,Córdoba,Centro - Casco Histórico,Judería - San Basilio,,379800.0,chalet,independantHouse,252.0,,,7,2,,False,,False,,,,,good,,,,,,,,,,,,,,False,,,
111215247,https://www.idealista.com/inmueble/111215247/,sale,Córdoba,Córdoba,37.8950791,-4.7810175,True,es,Córdoba,Santa Rosa - Valdeolleros,Santa Rosa - San José,,180000.0,flat,flat,108.0,,,4,1,,False,,False,,,,,good,False,,,,,,,,,,,,,True,,2,
112045197,https://www.idealista.com/inmueble/112045197/,sale,Córdoba,Córdoba,37.8781826,-4.7916132,False,es,Córdoba,Ciudad Jardín,Ciudad Jardín,,301000.0,penthouse,penthouse,105.0,,,3,1,,False,,False,,,,,good,True,,,,,,,,,,,,,False,,6,
111184034,https://www.idealista.com/inmueble/111184034/,sale,Córdoba,Córdoba,37.8819548,-4.7815417,True,es,Córdoba,Centro - Casco Histórico,Judería - San Basilio,,159900.0,flat,flat,90.0,,,3,1,,False,,False,,,,,good,False,,,,,,,,,,,,,False,,,
111256990,https://www.idealista.com/inmueble/111256990/,sale,Córdoba,Córdoba,37.8824236,-4.7677356,True,es,Córdoba,Centro - Casco Histórico,Casco Histórico - Corredera - Ribera,,115000.0,flat,flat,48.0,,,1,1,,False,,False,,,,,good,False,,,,,,,,,,,,,False,,bj,
109309905,https://www.idealista.com/obra-nueva/109309905/,sale,Córdoba,Córdoba,37.899967,-4.7730542,False,es,Córdoba,Santa Rosa - Valdeolleros,Valdeolleros - Zumbacón - Camping,,310000.0,flat,flat,108.0,,,3,2,,False,,False,,,,,newdevelopment,True,,,,,,,,,,,,,True,,6,
112698656,https://www.idealista.com/inmueble/112698656/,sale,Córdoba,Córdoba,37.860941,-4.774436,True,es,Córdoba,Sector sur - Santa Cruz,Sector sur - Santa Cruz,,54000.0,chalet,independantHouse,57.0,,,1,1,,False,,False,,,,,good,,,,,,,,,,,,,,False,,,
112410616,https://www.idealista.com/inmueble/112410616/,sale,Córdoba,Córdoba,37.8838655,-4.7610903,True,es,Córdoba,Fuensanta - Zona Arcángel,Fuensanta - Arcángel - Santuario,,152000.0,flat,flat,80.0,,,3,1,,False,,False,,,,,good,True,,,,,,,,,,,,,False,,,
110686209,https://www.idealista.com/inmueble/110686209/,sale,Córdoba,Córdoba,37.8801894,-4.769181,True,es,Córdoba,Centro - Casco Histórico,Casco Histórico - Corredera - Ribera,,155000.0,chalet,independantHouse,194.0,,,5,2,,False,,False,,,,,good,,,,,,,,,,,,,,False,,,
112447192,https://www.idealista.com/inmueble/112447192/,sale,Córdoba,Córdoba,37.8870379,-4.8114527,True,es,Córdoba,Noreña - Figueroa,Noreña - Turruñuelos,,335000.0,flat,flat,179.0,,,4,2,,False,,False,,,,,good,True,,,,,,,,,,,,,True,,5,
109841185,https://www.idealista.com/inmueble/109841185/,sale,Córdoba,Córdoba,37.8969526,-4.7794349,False,es,Córdoba,Santa Rosa - Valdeolleros,Santa Rosa - San José,,119900.0,flat,flat,66.0,,,2,1,,False,,False,,,,,renew,False,,,,,,,,,,,,,False,,bj,
112601907,https://www.idealista.com/inmueble/112601907/,sale,Córdoba,Córdoba,37.8800726,-4.7642289,True,es,Córdoba,Fuensanta - Zona Arcángel,Fuensanta - Arcángel - Santuario,,125000.0,flat,flat,64.0,,,3,1,,False,,False,,,,,renew,True,,,,,,,,,,,,,False,,1,
112524718,https://www.idealista.com/inmueble/112524718/,sale,Córdoba,Córdoba,37.8855923,-4.7763644,False,es,Córdoba,Centro - Casco Histórico,Centro,,435000.0,chalet,independantHouse,145.0,,,3,3,,False,,False,,,,,good,,,,,,,,,,,,,,False,,,
112062630,https://www.idealista.com/inmueble/112062630/,sale,Córdoba,Córdoba,37.8944289,-4.786722,True,es,Córdoba,Santa Rosa - Valdeolleros,Huerta de la Reina,,195000.0,flat,flat,120.0,,,4,2,,False,,False,,,,,good,False,,,,,,,,,,,,,False,,1,
104365572,https://www.idealista.com/inmueble/104365572/,sale,Córdoba,Córdoba,37.8809056,-4.774792,True,es,Córdoba,Centro - Casco Histórico,Casco Histórico - Corredera - Ribera,,699000.0,chalet,independantHouse,547.0,,,10,4,,False,,False,,,,,good,,,,,,,,,,,,,,True,,,
111207489,https://www.idealista.com/inmueble/111207489/,sale,Córdoba,Córdoba,37.882209,-4.7811343,True,es,Córdoba,Centro - Casco Histórico,Judería - San Basilio,,159900.0,flat,flat,90.0,,,3,1,,False,,False,,,,,good,False,,,,,,,,,,,,,False,,,
111274355,https://www.idealista.com/inmueble/111274355/,sale,Córdoba,Córdoba,37.8966742,-4.7748434,False,es,Córdoba,Santa Rosa - Valdeolleros,Valdeolleros - Zumbacón - Camping,,169000.0,flat,flat,101.0,,,4,1,,False,,False,,,,,good,True,,,,,,,,,,,,,False,,1,
111897297,https://www.idealista.com/inmueble/111897297/,sale,Córdoba,Córdoba,37.8802556,-4.7777787,True,es,Córdoba,Centro - Casco Histórico,Judería - San Basilio,,379800.0,chalet,independantHouse,252.0,,,7,2,,False,,False,,,,,good,,,,,,,,,,,,,,False,,,
111629265,https://www.idealista.com/inmueble/111629265/,sale,Córdoba,Córdoba,37.8720465,-4.7780462,True,es,Córdoba,Sector sur - Santa Cruz,Sector sur - Santa Cruz,,269900.0,flat,flat,113.0,,,3,2,,False,,False,,,,,good,True,,,,,,,,,,,,,True,,3,
109748257,https://www.idealista.com/inmueble/109748257/,sale,Córdoba,Córdoba,37.8825256,-4.7733724,True,es,Córdoba,Centro - Casco Histórico,Casco Histórico - Corredera - Ribera,,246000.0,chalet,independantHouse,200.0,,,4,2,,False,,False,,,,,good,,,,,,,,,,,,,,False,,,
110167236,https://www.idealista.com/inmueble/110167236/,sale,Córdoba,Córdoba,37.8846657,-4.7807872,True,es,Córdoba,Centro - Casco Histórico,Centro,,385000.0,flat,flat,189.0,,,6,3,,False,,False,,,,,good,True,,,,,,,,,,,,,True,,2,
110459220,https://www.idealista.com/inmueble/110459220/,sale,Córdoba,Córdoba,37.8898843,-4.7754012,True,es,Córdoba,Centro - Casco Histórico,Casco Histórico - Ollerías - Marrubial,,339000.0,chalet,independantHouse,235.0,,,7,3,,False,,False,,,,,good,,,,,,,,,,,,,,False,,,
110327067,https://www.idealista.com/inmueble/110327067/,sale,Córdoba,Córdoba,37.9049906,-4.7869797,True,es,Córdoba,Brillante - Trassierra - Naranjo,Brillante,,780000.0,chalet,independantHouse,428.0,,,8,5,,False,,False,,,,,good,,,,,,,,,,,,,,True,,,
112695963,https://www.idealista.com/inmueble/112695963/,sale,Córdoba,Córdoba,37.896817,-4.7718942,True,es,Córdoba,Centro - Casco Histórico,San Cayetano,,179000.0,flat,flat,108.0,,,3,2,,False,,False,,,,,good,True,,,,,,,,,,,,,False,,,
111666937,https://www.idealista.com/inmueble/111666937/,sale,Córdoba,Córdoba,37.8769132,-4.7933176,True,es,Córdoba,Zoco - Poniente - Vistalegre,Vistalegre - Parque Cruz - Universidades,,360000.0,flat,flat,184.0,,,5,2,,False,,False,,,,,good,True,,,,,,,,,,,,,True,,1,
111686869,https://www.idealista.com/inmueble/111686869/,sale,Córdoba,Córdoba,37.8974304,-4.7768768,True,es,Córdoba,Santa Rosa - Valdeolleros,Santa Rosa - San José,,268099.0,flat,flat,148.0,,,3,2,,False,,False,,,,,good,True,,,,,,,,,,,,,True,,1,
112153799,https://www.idealista.com/inmueble/112153799/,sale,Córdoba,Córdoba,37.8882349,-4.7628437,True,es,Córdoba,Levante - Lepanto - Fátima,La Viñuela,,153500.0,flat,flat,114.0,,,3,1,,False,,False,,,,,good,False,,,,,,,,,,,,,False,,1,
112679749,https://www.idealista.com/inmueble/112679749/,sale,Córdoba,Córdoba,37.9166017,-4.8102999,True,es,Córdoba,Brillante - Trassierra - Naranjo,Brillante,,1100000.0,chalet,independantHouse,687.0,,,6,6,,False,,False,,,,,good,,,,,,,,,,,,,,False,,,
110718754,https://www.idealista.com/inmueble/110718754/,sale,Córdoba,Córdoba,37.8893623,-4.7807489,True,es,Córdoba,Centro - Casco Histórico,Centro,,140000.0,flat,flat,42.0,,,2,1,,False,,False,,,,,good,True,,,,,,,,,,,,,False,,2,
107974721,https://www.idealista.com/inmueble/107974721/,sale,Córdoba,Córdoba,37.900895,-4.7911982,True,es,Córdoba,Noreña - Figueroa,Tablero,,765000.0,chalet,semidetachedHouse,402.0,,,8,5,,False,,False,,,,,good,,,,,,,,,,,,,,True,,,
111555608,https://www.idealista.com/inmueble/111555608/,sale,Córdoba,Córdoba,37.8865691,-4.7798734,True,es,Córdoba,Centro - Casco Histórico,Centro,,425000.0,flat,flat,318.0,,,6,3,,False,,False,,,,,good,True,,,,,,,,,,,,,True,,1,
112101596,https://www.idealista.com/inmueble/112101596/,sale,Córdoba,Córdoba,37.8803482,-4.7908749,True,es,Córdoba,Ciudad Jardín,Ciudad Jardín,,109000.0,flat,flat,63.0,,,2,1,,False,,False,,,,,good,False,,,,,,,,,,,,,False,,2,
112537520,https://www.idealista.com/inmueble/112537520/,sale,Córdoba,Córdoba,37.8779722,-4.7876164,True,es,Córdoba,Zoco - Poniente - Vistalegre,Vistalegre - Parque Cruz - Universidades,,369000.0,flat,flat,137.0,,,4,2,,False,,False,,,,,good,True,,,,,,,,,,,,,False,,5,
110858488,https://www.idealista.com/inmueble/110858488/,sale,Córdoba,Córdoba,37.8951368,-4.7754527,True,es,Córdoba,Santa Rosa - Valdeolleros,Santa Rosa - San José,,265491.0,flat,flat,150.0,,,3,2,,False,,False,,,,,good,True,,,,,,,,,,,,,True,,3,
112154251,https://www.idealista.com/inmueble/112154251/,sale,Córdoba,Córdoba,37.8985189,-4.8091695,True,es,Córdoba,Noreña - Figueroa,Tablero,,300000.0,chalet,terracedHouse,140.0,,,4,3,,False,,False,,,,,good,,,,,,,,,,,,,,True,,,
111542233,https://www.idealista.com/inmueble/111542233/,sale,Córdoba,Córdoba,37.879549,-4.772943,True,es,Córdoba,Centro - Casco Histórico,Casco Histórico - Corredera - Ribera,,229500.0,chalet,independantHouse,122.0,,,4,3,,False,,False,,,,,good,,,,,,,,,,,,,,False,,,
109978199,https://www.idealista.com/inmueble/109978199/,sale,Córdoba,Córdoba,37.8816839,-4.7748006,True,es,Córdoba,Centro - Casco Histórico,Casco Histórico - Corredera - Ribera,,229500.0,chalet,independantHouse,122.0,,,4,3,,False,,False,,,,,good,,,,,,,,,,,,,,False,,,
111262194,https://www.idealista.com/inmueble/111262194/,sale,Córdoba,Córdoba,37.8892791,-4.7643143,True,es,Córdoba,Levante - Lepanto - Fátima,La Viñuela,,149900.0,flat,flat,77.0,,,3,1,,False,,False,,,,,good,True,,,,,,,,,,,,,False,,3,
111150137,https://www.idealista.com/inmueble/111150137/,sale,Córdoba,Córdoba,37.8872901,-4.7723784,True,es,Córdoba,Centro - Casco Histórico,Casco Histórico - Ollerías - Marrubial,,69900.0,flat,flat,25.0,,,1,1,,False,,False,,,,,good,False,,,,,,,,,,,,,False,,2,
110531082,https://www.idealista.com/inmueble/110531082/,sale,Córdoba,Córdoba,37.914584,-4.8152723,True,es,Córdoba,Brillante - Trassierra - Naranjo,Brillante,,900000.0,chalet,independantHouse,239.0,,,4,2,,False,,False,,,,,good,,,,,,,,,,,,,,True,,,
111132047,https://www.idealista.com/inmueble/111132047/,sale,Córdoba,Córdoba,37.8868708,-4.8048212,True,es,Córdoba,Noreña - Figueroa,Noreña - Turruñuelos,,315000.0,flat,flat,111.0,,,3,2,,False,,False,,,,,good,True,,,,,,,,,,,,,True,,5,
106804019,https://www.idealista.com/inmueble/106804019/,sale,Córdoba,Córdoba,37.8877781,-4.7764723,True,es,Córdoba,Centro - Casco Histórico,Casco Histórico - Ollerías - Marrubial,,249900.0,flat,flat,60.0,,,2,1,,False,,False,,,,,good,True,,,,,,,,,,,,,False,,1,
112679955,https://www.idealista.com/inmueble/112679955/,sale,Córdoba,Córdoba,37.8910769,-4.7981871,True,es,Córdoba,Noreña - Figueroa,Noreña - Turruñuelos,,288000.0,flat,flat,82.0,,,3,2,,False,,False,,,,,good,True,,,,,,,,,,,,,False,,2,
111576874,https://www.idealista.com/inmueble/111576874/,sale,Córdoba,Córdoba,37.8761236,-4.7727045,True,es,Córdoba,Campo de la Verdad,Campo de la Verdad,,269000.0,chalet,independantHouse,120.0,,,3,2,,False,,False,,,,,good,,,,,,,,,,,,,,True,,,
111711867,https://www.idealista.com/inmueble/111711867/,sale,Córdoba,Córdoba,37.8832101,-4.7756895,True,es,Córdoba,Centro - Casco Histórico,Casco Histórico - Corredera - Ribera,,199500.0,flat,flat,125.0,,,2,2,,False,,False,,,,,good,False,,,,,,,,,,,,,False,,bj,
111507845,https://www.idealista.com/inmueble/111507845/,sale,Córdoba,Córdoba,37.8929809,-4.7577681,True,es,Córdoba,Levante - Lepanto - Fátima,La Viñuela,,200000.0,flat,flat,80.0,,,3,2,,False,,False,,,,,good,True,,,,,,,,,,,,,False,,2,
110062807,https://www.idealista.com/inmueble/110062807/,sale,Córdoba,Córdoba,37.8796394,-4.7733595,True,es,Córdoba,Centro - Casco Histórico,Casco Histórico - Corredera - Ribera,,229500.0,chalet,independantHouse,122.0,,,4,3,,False,,False,,,,,good,,,,,,,,,,,,,,False,,,
107749798,https://www.idealista.com/inmueble/107749798/,sale,Córdoba,Córdoba,37.883739,-4.7811055,True,es,Córdoba,Centro - Casco Histórico,Judería - San Basilio,,449900.0,flat,flat,117.0,,,5,2,,False,,False,,,,,good,True,,,,,,,,,,,,,False,,1,
111261790,https://www.idealista.com/inmueble/111261790/,sale,Córdoba,Córdoba,37.8825713,-4.7930882,True,es,Córdoba,Ciudad Jardín,Ciudad Jardín,,193000.0,flat,flat,100.0,,,3,1,,False,,False,,,,,good,False,,,,,,,,,,,,,False,,1,
111410721,https://www.idealista.com/inmueble/111410721/,sale,Córdoba,Córdoba,37.8940651,-4.7723899,True,es,Córdoba,Santa Rosa - Valdeolleros,Valdeolleros - Zumbacón - Camping,,424800.0,penthouse,penthouse,126.0,,,4,2,,False,,False,,,,,good,True,,,,,,,,,,,,,True,,3,
109928714,https://www.idealista.com/inmueble/109928714/,sale,Córdoba,Córdoba,37.8800611,-4.776715,True,es,Córdoba,Centro - Casco Histórico,Casco Histórico - Corredera - Ribera,,229500.0,chalet,independantHouse,122.0,,,4,3,,False,,False,,,,,good,,,,,,,,,,,,,,False,,,
112296670,https://www.idealista.com/inmueble/112296670/,sale,Córdoba,Córdoba,37.8854124,-4.7870224,True,es,Córdoba,Ciudad Jardín,Ciudad Jardín,,205000.0,flat,flat,97.0,,,2,1,,False,,False,,,,,good,True,,,,,,,,,,,,,False,,1,
111990606,https://www.idealista.com/inmueble/111990606/,sale,Córdoba,Córdoba,37.8796787,-4.7753398,True,es,Córdoba,Centro - Casco Histórico,Casco Histórico - Corredera - Ribera,,185000.0,flat,flat,80.0,,,2,1,,False,,False,,,,,good,False,,,,,,,,,,,,,False,,2,
111545581,https://www.idealista.com/obra-nueva/111545581/,sale,Córdoba,Córdoba,37.8912043,-4.8130206,False,es,Córdoba,Noreña - Figueroa,Noreña - Turruñuelos,,345000.0,flat,flat,102.0,,,3,2,,False,,False,,,,,newdevelopment,True,,,,,,,,,,,,,True,,6,
112474553,https://www.idealista.com/inmueble/112474553/,sale,Córdoba,Córdoba,37.8876373,-4.7676717,True,es,Córdoba,Centro - Casco Histórico,Casco Histórico - Ollerías - Marrubial,,259000.0,duplex,duplex,110.0,,,3,2,,True,,False,,,,,good,False,,,,,,,,,,,,,True,,,
111842547,https://www.idealista.com/inmueble/111842547/,sale,Córdoba,Córdoba,37.87921,-4.7771994,True,es,Córdoba,Centro - Casco Histórico,Judería - San Basilio,,379800.0,chalet,independantHouse,252.0,,,7,2,,False,,False,,,,,good,,,,,,,,,,,,,,False,,,
110079486,https://www.idealista.com/inmueble/110079486/,sale,Córdoba,Córdoba,37.8844523,-4.7900605,True,es,Córdoba,Ciudad Jardín,Ciudad Jardín,,193000.0,flat,flat,100.0,,,3,1,,False,,False,,,,,good,True,,,,,,,,,,,,,False,,1,
111643435,https://www.idealista.com/inmueble/111643435/,sale,Córdoba,Córdoba,37.8819568,-4.7785789,True,es,Córdoba,Centro - Casco Histórico,Judería - San Basilio,,379800.0,chalet,independantHouse,252.0,,,7,2,,False,,False,,,,,good,,,,,,,,,,,,,,False,,,
111945374,https://www.idealista.com/inmueble/111945374/,sale,Córdoba,Córdoba,37.8877741,-4.7676516,True,es,Córdoba,Centro - Casco Histórico,Casco Histórico - Ollerías - Marrubial,,259000.0,duplex,duplex,110.0,,,3,2,,True,,False,,,,,good,False,,,,,,,,,,,,,True,,,
112683358,https://www.idealista.com/inmueble/112683358/,sale,Córdoba,Córdoba,37.8791611,-4.7912373,False,es,Córdoba,Ciudad Jardín,Ciudad Jardín,,249900.0,flat,flat,126.0,,,4,2,,False,,False,,,,,good,True,,,,,,,,,,,,,False,,2,
112659337,https://www.idealista.com/inmueble/112659337/,sale,Córdoba,Córdoba,37.8885636,-4.7883754,True,es,Córdoba,Centro - Casco Histórico,Cercadilla - Medina Azahara,,369000.0,flat,flat,129.0,,,3,2,,False,,False,,,,,good,True,,,,,,,,,,,,,True,,6,
111171310,https://www.idealista.com/inmueble/111171310/,sale,Córdoba,Córdoba,37.8878764,-4.7627578,True,es,Córdoba,Levante - Lepanto - Fátima,La Viñuela,,149900.0,flat,flat,77.0,,,3,1,,False,,False,,,,,good,True,,,,,,,,,,,,,False,,3,
111316297,https://www.idealista.com/inmueble/111316297/,sale,Córdoba,Córdoba,37.8878184,-4.772669,True,es,Córdoba,Centro - Casco Histórico,Casco Histórico - Ollerías - Marrubial,,239000.0,chalet,independantHouse,181.0,,,3,1,,False,,False,,,,,good,,,,,,,,,,,,,,True,,,
111400266,https://www.idealista.com/inmueble/111400266/,sale,Córdoba,Córdoba,37.8885521,-4.8059364,True,es,Córdoba,Noreña - Figueroa,Noreña - Turruñuelos,,315000.0,flat,flat,111.0,,,3,2,,False,,False,,,,,good,True,,,,,,,,,,,,,True,,5,
112688253,https://www.idealista.com/inmueble/112688253/,sale,Córdoba,Córdoba,37.8910253,-4.7824884,True,es,Córdoba,Centro - Casco Histórico,El Vial - Ronda de Tejares,,250000.0,flat,flat,114.0,,,3,2,,False,,False,,,,,good,True,,,,,,,,,,,,,False,,4,
100610247,https://www.idealista.com/inmueble/100610247/,sale,Córdoba,Córdoba,37.9207768,-4.7966496,True,es,Córdoba,Brillante - Trassierra - Naranjo,Brillante,,690000.0,chalet,independantHouse,320.0,,,9,6,,False,,False,,,,,good,,,,,,,,,,,,,,True,,,
111996237,https://www.idealista.com/inmueble/111996237/,sale,Córdoba,Córdoba,37.8957409,-4.774415,True,es,Córdoba,Santa Rosa - Valdeolleros,Valdeolleros - Zumbacón - Camping,,169000.0,flat,flat,103.0,,,4,1,,False,,False,,,,,good,True,,,,,,,,,,,,,False,,1,
111454233,https://www.idealista.com/inmueble/111454233/,sale,Córdoba,Córdoba,37.8830208,-4.7695583,True,es,Córdoba,Centro - Casco Histórico,Casco Histórico - Corredera - Ribera,,184900.0,flat,flat,109.0,,,2,2,,False,,False,,,,,good,False,,,,,,,,,,,,,False,,1,
110411206,https://www.idealista.com/inmueble/110411206/,sale,Córdoba,Córdoba,37.9214402,-4.7960263,True,es,Córdoba,Brillante - Trassierra - Naranjo,Brillante,,690000.0,chalet,independantHouse,323.0,,,9,6,,False,,False,,,,,good,,,,,,,,,,,,,,False,,,
110089188,https://www.idealista.com/inmueble/110089188/,sale,Córdoba,Córdoba,37.9063631,-4.7880075,True,es,Córdoba,Brillante - Trassierra - Naranjo,Brillante,,1200000.0,chalet,independantHouse,648.0,,,5,7,,False,,False,,,,,good,,,,,,,,,,,,,,True,,,
109075154,https://www.idealista.com/inmueble/109075154/,sale,Córdoba,Córdoba,37.9204266,-4.7937781,True,es,Córdoba,Brillante - Trassierra - Naranjo,Brillante,,900000.0,chalet,independantHouse,648.0,,,6,6,,False,,False,,,,,good,,,,,,,,,,,,,,True,,,
112554112,https://www.idealista.com/inmueble/112554112/,sale,Córdoba,Córdoba,37.8853371,-4.7899212,True,es,Córdoba,Centro - Casco Histórico,Cercadilla - Medina Azahara,,204000.0,flat,flat,77.0,,,3,2,,False,,False,,,,,good,True,,,,,,,,,,,,,True,,1,
111959101,https://www.idealista.com/inmueble/111959101/,sale,Córdoba,Córdoba,37.8828631,-4.7818592,True,es,Córdoba,Centro - Casco Histórico,Centro,,320000.0,flat,flat,122.0,,,3,2,,False,,False,,,,,good,True,,,,,,,,,,,,,False,,2,
112682078,https://www.idealista.com/inmueble/112682078/,sale,Córdoba,Córdoba,37.9072396,-4.778241,True,es,Córdoba,Brillante - Trassierra - Naranjo,Naranjo - Mirabueno,,245000.0,chalet,independantHouse,184.0,,,3,1,,False,,False,,,,,good,,,,,,,,,,,,,,False,,,
111808056,https://www.idealista.com/inmueble/111808056/,sale,Córdoba,Córdoba,37.8843696,-4.7829182,True,es,Córdoba,Centro - Casco Histórico,Centro,,320000.0,flat,flat,121.0,,,3,2,,False,,False,,,,,renew,True,,,,,,,,,,,,,False,,2,
111316015,https://www.idealista.com/inmueble/111316015/,sale,Córdoba,Córdoba,37.8882381,-4.7729885,True,es,Córdoba,Centro - Casco Histórico,Casco Histórico - Ollerías - Marrubial,,239000.0,chalet,independantHouse,181.0,,,3,1,,False,,False,,,,,good,,,,,,,,,,,,,,True,,,
112670966,https://www.idealista.com/inmueble/112670966/,sale,Córdoba,Córdoba,37.8781364,-4.7869307,True,es,Córdoba,Zoco - Poniente - Vistalegre,Vistalegre - Parque Cruz - Universidades,,220000.0,flat,flat,86.0,,,2,2,,False,,False,,,,,good,True,,,,,,,,,,,,,True,,2,
112687902,https://www.idealista.com/inmueble/112687902/,sale,Córdoba,Córdoba,37.8829326,-4.7919978,True,es,Córdoba,Ciudad Jardín,Ciudad Jardín,,193000.0,flat,flat,100.0,,,3,1,,False,,False,,,,,good,True,,,,,,,,,,,,,False,,1,
112463814,https://www.idealista.com/inmueble/112463814/,sale,Córdoba,Córdoba,37.9101863,-4.7953204,True,es,Córdoba,Brillante - Trassierra - Naranjo,Brillante,,799000.0,chalet,independantHouse,347.0,,,5,2,,False,,False,,,,,good,,,,,,,,,,,,,,True,,,
112660757,https://www.idealista.com/inmueble/112660757/,sale,Córdoba,Córdoba,37.8856194,-4.7813385,True,es,Córdoba,Centro - Casco Histórico,Centro,,320000.0,flat,flat,122.0,,,3,2,,False,,False,,,,,good,True,,,,,,,,,,,,,False,,2,
111919679,https://www.idealista.com/inmueble/111919679/,sale,Córdoba,Córdoba,37.8993192,-4.7798266,True,es,Córdoba,Santa Rosa - Valdeolleros,Valdeolleros - Zumbacón - Camping,,139900.0,flat,flat,67.0,,,3,1,,False,,False,,,,,good,False,,,,,,,,,,,,,False,,3,
111644675,https://www.idealista.com/inmueble/111644675/,sale,Córdoba,Córdoba,37.8825345,-4.7770526,True,es,Córdoba,Centro - Casco Histórico,Judería - San Basilio,,379800.0,chalet,independantHouse,252.0,,,7,2,,False,,False,,,,,good,,,,,,,,,,,,,,False,,,
111001649,https://www.idealista.com/inmueble/111001649/,sale,Córdoba,Córdoba,37.8853164,-4.7772117,True,es,Córdoba,Centro - Casco Histórico,Casco Histórico - Corredera - Ribera,,199500.0,flat,flat,125.0,,,2,2,,False,,False,,,,,good,False,,,,,,,,,,,,,False,,bj,
112278627,https://www.idealista.com/inmueble/112278627/,sale,Córdoba,Córdoba,37.8832613,-4.7852721,True,es,Córdoba,Centro - Casco Histórico,Centro,,205000.0,flat,flat,97.0,,,2,1,,False,,False,,,,,good,True,,,,,,,,,,,,,False,,1,
99893619,https://www.idealista.com/inmueble/99893619/,sale,Córdoba,Córdoba,37.8839642,-4.7759006,True,es,Córdoba,Centro - Casco Histórico,Casco Histórico - Corredera - Ribera,,680000.0,chalet,independantHouse,547.0,,,10,4,,False,,False,,,,,good,,,,,,,,,,,,,,True,,,
108348522,https://www.idealista.com/inmueble/108348522/,sale,Córdoba,Córdoba,37.866961,-4.7754895,True,es,Córdoba,Sector sur - Santa Cruz,Sector sur - Santa Cruz,,94000.0,flat,flat,70.0,,,3,1,,False,,False,,,,,good,False,,,,,,,,,,,,,False,,3,
112675487,https://www.idealista.com/inmueble/112675487/,sale,Córdoba,Córdoba,37.8979915,-4.7579279,True,es,Córdoba,Levante - Lepanto - Fátima,Fátima - Campiñuela,,156900.0,flat,flat,69.0,,,3,1,,False,,False,,,,,good,True,,,,,,,,,,,,,False,,1,
112064487,https://www.idealista.com/inmueble/112064487/,sale,Córdoba,Córdoba,37.8855254,-4.7741972,True,es,Córdoba,Centro - Casco Histórico,Casco Histórico - Ollerías - Marrubial,,325000.0,chalet,terracedHouse,118.0,,,4,2,,False,,False,,,,,good,,,,,,,,,,,,,,False,,,
111645413,https://www.idealista.com/inmueble/111645413/,sale,Córdoba,Córdoba,37.8812176,-4.7780949,True,es,Córdoba,Centro - Casco Histórico,Judería - San Basilio,,379800.0,chalet,independantHouse,252.0,,,7,2,,False,,False,,,,,good,,,,,,,,,,,,,,False,,,
111931378,https://www.idealista.com/inmueble/111931378/,sale,Córdoba,Córdoba,37.8957372,-4.7746861,True,es,Córdoba,Santa Rosa - Valdeolleros,Valdeolleros - Zumbacón - Camping,,169000.0,flat,flat,103.0,,,3,1,,False,,False,,,,,good,True,,,,,,,,,,,,,False,,1,
107044350,https://www.idealista.com/inmueble/107044350/,sale,Córdoba,Córdoba,37.873547,-4.7734663,True,es,Córdoba,Campo de la Verdad,Campo de la Verdad,,320000.0,chalet,independantHouse,212.0,,,3,3,,False,,False,,,,,good,,,,,,,,,,,,,,False,,,
109538200,https://www.idealista.com/inmueble/109538200/,sale,Córdoba,Córdoba,37.8801856,-4.7683063,True,es,Córdoba,Centro - Casco Histórico,Casco Histórico - Corredera - Ribera,,169900.0,flat,flat,56.0,,,1,1,,False,,False,,,,,good,True,,,,,,,,,,,,,False,,1,
111657184,https://www.idealista.com/inmueble/111657184/,sale,Córdoba,Córdoba,37.8821729,-4.7891474,True,es,Córdoba,Ciudad Jardín,Ciudad Jardín,,144900.0,flat,flat,60.0,,,2,1,,False,,False,,,,,good,False,,,,,,,,,,,,,False,,3,
110874081,https://www.idealista.com/inmueble/110874081/,sale,Córdoba,Córdoba,37.8987672,-4.7628359,True,es,Córdoba,Levante - Lepanto - Fátima,Fátima - Campiñuela,,225000.0,flat,flat,110.0,,,3,2,,False,,False,,,,,good,True,,,,,,,,,,,,,False,,4,
111184055,https://www.idealista.com/inmueble/111184055/,sale,Córdoba,Córdoba,37.8793457,-4.7825269,True,es,Córdoba,Centro - Casco Histórico,Judería - San Basilio,,159900.0,flat,flat,90.0,,,3,1,,False,,False,,,,,good,False,,,,,,,,,,,,,False,,,
111724918,https://www.idealista.com/inmueble/111724918/,sale,Córdoba,Córdoba,37.8966567,-4.7725784,True,es,Córdoba,Centro - Casco Histórico,San Cayetano,,179000.0,flat,flat,106.0,,,3,2,,False,,False,,,,,renew,True,,,,,,,,,,,,,True,,,
112616903,https://www.idealista.com/inmueble/112616903/,sale,Córdoba,Córdoba,37.8928807,-4.7673215,True,es,Córdoba,Levante - Lepanto - Fátima,Levante,,129900.0,flat,flat,64.0,,,3,1,,False,,False,,,,,good,False,,,,,,,,,,,,,False,,3,
112586876,https://www.idealista.com/inmueble/112586876/,sale,Córdoba,Córdoba,37.8954465,-4.7742149,True,es,Córdoba,Santa Rosa - Valdeolleros,Valdeolleros - Zumbacón - Camping,,169000.0,flat,flat,103.0,,,4,1,,False,,False,,,,,good,True,,,,,,,,,,,,,False,,1,
111716838,https://www.idealista.com/inmueble/111716838/,sale,Córdoba,Córdoba,37.8858214,-4.7767092,True,es,Córdoba,Centro - Casco Histórico,Centro,,199500.0,flat,flat,125.0,,,2,2,,False,,False,,,,,good,False,,,,,,,,,,,,,False,,bj,
111934817,https://www.idealista.com/inmueble/111934817/,sale,Córdoba,Córdoba,37.8844951,-4.754343,True,es,Córdoba,Fuensanta - Zona Arcángel,Fuensanta - Arcángel - Santuario,,129900.0,flat,flat,72.0,,,3,1,,False,,False,,,,,good,True,,,,,,,,,,,,,False,,2,
111745647,https://www.idealista.com/inmueble/111745647/,sale,Córdoba,Córdoba,37.8915424,-4.7881024,True,es,Córdoba,Noreña - Figueroa,Carretera Trassierra - Colonia de la Paz,,125000.0,flat,flat,52.0,,,1,1,,False,,False,,,,,good,True,,,,,,,,,,,,,False,,,
111879582,https://www.idealista.com/inmueble/111879582/,sale,Córdoba,Córdoba,37.8809773,-4.7895729,True,es,Córdoba,Ciudad Jardín,Ciudad Jardín,,144900.0,flat,flat,60.0,,,2,1,,False,,False,,,,,good,False,,,,,,,,,,,,,False,,3,
112101570,https://www.idealista.com/inmueble/112101570/,sale,Córdoba,Córdoba,37.8785113,-4.7936096,True,es,Córdoba,Zoco - Poniente - Vistalegre,Zoco - Poniente,,275000.0,flat,flat,125.0,,,4,2,,False,,False,,,,,good,True,,,,,,,,,,,,,True,,2,
112577527,https://www.idealista.com/inmueble/112577527/,sale,Córdoba,Córdoba,37.8869284,-4.7920507,True,es,Córdoba,Centro - Casco Histórico,Cercadilla - Medina Azahara,,204000.0,flat,flat,77.0,,,3,2,,False,,False,,,,,good,True,,,,,,,,,,,,,True,,1,
111077385,https://www.idealista.com/inmueble/111077385/,sale,Córdoba,Córdoba,37.9084373,-4.7752592,True,es,Córdoba,Brillante - Trassierra - Naranjo,Naranjo - Mirabueno,,254900.0,chalet,independantHouse,155.0,,,3,2,,False,,False,,,,,good,,,,,,,,,,,,,,False,,,
112590037,https://www.idealista.com/inmueble/112590037/,sale,Córdoba,Córdoba,37.8669229,-4.7746032,True,es,Córdoba,Sector sur - Santa Cruz,Sector sur - Santa Cruz,,77899.0,flat,flat,57.0,,,2,1,,False,,False,,,,,good,False,,,,,,,,,,,,,False,,2,
112610985,https://www.idealista.com/inmueble/112610985/,sale,Córdoba,Córdoba,37.8891655,-4.7913118,True,es,Córdoba,Noreña - Figueroa,Carretera Trassierra - Colonia de la Paz,,175000.0,flat,flat,70.0,,,3,1,,False,,False,,,,,good,True,,,,,,,,,,,,,False,,3,
109844948,https://www.idealista.com/inmueble/109844948/,sale,Córdoba,Córdoba,37.8937665,-4.7589661,True,es,Córdoba,Levante - Lepanto - Fátima,La Viñuela,,327000.0,flat,flat,93.0,,,3,2,,False,,False,,,,,good,True,,,,,,,,,,,,,True,,,
89157915,https://www.idealista.com/inmueble/89157915/,sale,Córdoba,Córdoba,37.8862897,-4.7788358,True,es,Córdoba,Centro - Casco Histórico,Centro,,186000.0,studio,studio,63.0,,,0,1,,False,,True,,,,,good,True,,,,,,,,,,,,,False,,1,
112543880,https://www.idealista.com/inmueble/112543880/,sale,Córdoba,Córdoba,37.8625158,-4.7761641,True,es,Córdoba,Sector sur - Santa Cruz,Sector sur - Santa Cruz,,53900.0,flat,flat,60.0,,,2,1,,False,,False,,,,,good,True,,,,,,,,,,,,,False,,1,
112369841,https://www.idealista.com/inmueble/112369841/,sale,Córdoba,Córdoba,37.8924656,-4.7744883,True,es,Córdoba,Centro - Casco Histórico,San Cayetano,,149900.0,flat,flat,75.0,,,1,1,,False,,False,,,,,good,False,,,,,,,,,,,,,False,,,
109337822,https://www.idealista.com/inmueble/109337822/,sale,Córdoba,Córdoba,37.8940892,-4.7974573,True,es,Córdoba,Noreña - Figueroa,Tablero,,84900.0,studio,studio,25.0,,,0,1,,False,,True,,,,,good,False,,,,,,,,,,,,,False,,,
112508694,https://www.idealista.com/inmueble/112508694/,sale,Córdoba,Córdoba,37.9069166,-4.7752373,True,es,Córdoba,Brillante - Trassierra - Naranjo,Naranjo - Mirabueno,,186900.0,flat,flat,44.0,,,1,1,,False,,False,,,,,good,True,,,,,,,,,,,,,True,,bj,
111973401,https://www.idealista.com/inmueble/111973401/,sale,Córdoba,Córdoba,37.8801364,-4.7630201,False,es,Córdoba,Fuensanta - Zona Arcángel,Fuensanta - Arcángel - Santuario,,130000.0,flat,flat,90.0,,,3,1,,False,,False,,,,,good,False,,,,,,,,,,,,,True,,2,
111726393,https://www.idealista.com/inmueble/111726393/,sale,Córdoba,Córdoba,37.8945443,-4.7924222,True,es,Córdoba,Noreña - Figueroa,Tablero,,285000.0,flat,flat,118.0,,,4,2,,False,,False,,,,,good,True,,,,,,,,,,,,,True,,4,
111948234,https://www.idealista.com/inmueble/111948234/,sale,Córdoba,Córdoba,37.8873642,-4.7830693,True,es,Córdoba,Centro - Casco Histórico,Centro,,240000.0,flat,flat,126.0,,,3,2,,False,,False,,,,,good,False,,,,,,,,,,,,,False,,,
111782213,https://www.idealista.com/inmueble/111782213/,sale,Córdoba,Córdoba,37.8900443,-4.7626562,True,es,Córdoba,Levante - Lepanto - Fátima,La Viñuela,,165000.0,flat,flat,83.0,,,3,1,,False,,False,,,,,good,True,,,,,,,,,,,,,False,,5,
109601218,https://www.idealista.com/inmueble/109601218/,sale,Córdoba,Córdoba,37.8695607,-4.7773954,True,es,Córdoba,Sector sur - Santa Cruz,Sector sur - Santa Cruz,,35000.0,flat,flat,69.0,,,3,1,,False,,False,,,,,good,,,,,,,,,,,,,,False,,,
112560199,https://www.idealista.com/inmueble/112560199/,sale,Córdoba,Córdoba,37.892644,-4.7707133,True,es,Córdoba,Centro - Casco Histórico,San Cayetano,,161000.0,flat,flat,77.0,,,1,1,,False,,False,,,,,good,False,,,,,,,,,,,,,False,,bj,
112194041,https://www.idealista.com/inmueble/112194041/,sale,Córdoba,Córdoba,37.9245147,-4.7478846,True,es,Córdoba,Brillante - Trassierra - Naranjo,Paraíso Arenal - La Colina,,279900.0,countryHouse,casaTerrera,150.0,,,3,2,,False,,False,,,,,good,,,,,,,,,,,,,,False,,,
112655019,https://www.idealista.com/inmueble/112655019/,sale,Córdoba,Córdoba,37.8627673,-4.7754022,False,es,Córdoba,Sector sur - Santa Cruz,Sector sur - Santa Cruz,,53500.0,flat,flat,58.0,,,3,1,,False,,False,,,,,good,True,,,,,,,,,,,,,False,,1,
110737003,https://www.idealista.com/inmueble/110737003/,sale,Córdoba,Córdoba,37.8877664,-4.7818266,False,es,Córdoba,Centro - Casco Histórico,Centro,,625000.0,flat,flat,416.0,,,8,5,,False,,False,,,,,renew,True,,,,,,,,,,,,,True,,3,
112550975,https://www.idealista.com/inmueble/112550975/,sale,Córdoba,Córdoba,37.8854679,-4.7790639,False,es,Córdoba,Centro - Casco Histórico,Centro,,475000.0,flat,flat,157.0,,,4,2,,False,,False,,,,,good,True,,,,,,,,,,,,,True,,2,
111586977,https://www.idealista.com/inmueble/111586977/,sale,Córdoba,Córdoba,37.8865169,-4.7848129,True,es,Córdoba,Centro - Casco Histórico,El Vial - Ronda de Tejares,,700000.0,flat,flat,300.0,,,4,3,,False,,False,,,,,good,True,,,,,,,,,,,,,True,,2,
112680858,https://www.idealista.com/inmueble/112680858/,sale,Córdoba,Córdoba,37.8793176,-4.7912542,True,es,Córdoba,Ciudad Jardín,Ciudad Jardín,,170000.0,flat,flat,135.0,,,4,1,,False,,False,,,,,good,False,,,,,,,,,,,,,False,,4,
112551657,https://www.idealista.com/inmueble/112551657/,sale,Córdoba,Córdoba,37.8883552,-4.7553204,True,es,Córdoba,Fuensanta - Zona Arcángel,Cañero - Fidiana,,309900.0,chalet,terracedHouse,216.0,,,4,3,,False,,False,,,,,good,,,,,,,,,,,,,,True,,,
112554599,https://www.idealista.com/inmueble/112554599/,sale,Córdoba,Córdoba,37.896288,-4.7764865,True,es,Córdoba,Santa Rosa - Valdeolleros,Valdeolleros - Zumbacón - Camping,,160000.0,flat,flat,76.0,,,1,1,,False,,False,,,,,good,False,,,,,,,,,,,,,False,,bj,
112559551,https://www.idealista.com/inmueble/112559551/,sale,Córdoba,Córdoba,37.8949719,-4.7700649,True,es,Córdoba,Centro - Casco Histórico,San Cayetano,,148000.0,flat,flat,67.0,,,1,1,,False,,False,,,,,good,False,,,,,,,,,,,,,False,,bj,
109950517,https://www.idealista.com/inmueble/109950517/,sale,Córdoba,Córdoba,37.89697,-4.7608832,True,es,Córdoba,Levante - Lepanto - Fátima,Levante,,99850.0,studio,studio,45.0,,,0,1,,False,,True,,,,,good,False,,,,,,,,,,,,,False,,,
112608181,https://www.idealista.com/inmueble/112608181/,sale,Córdoba,Córdoba,37.8717403,-4.7919026,False,es,Córdoba,Zoco - Poniente - Vistalegre,Vistalegre - Parque Cruz - Universidades,,150000.0,flat,flat,80.0,,,3,1,,False,,False,,,,,renew,True,,,,,,,,,,,,,False,,1,
111328186,https://www.idealista.com/inmueble/111328186/,sale,Córdoba,Córdoba,37.8902879,-4.7654381,True,es,Córdoba,Levante - Lepanto - Fátima,La Viñuela,,149900.0,penthouse,penthouse,80.0,,,3,1,,False,,False,,,,,good,False,,,,,,,,,,,,,False,,4,
112421151,https://www.idealista.com/inmueble/112421151/,sale,Córdoba,Córdoba,37.8873228,-4.7688172,True,es,Córdoba,Centro - Casco Histórico,Casco Histórico - Ollerías - Marrubial,,259000.0,duplex,duplex,110.0,,,3,2,,True,,False,,,,,good,False,,,,,,,,,,,,,True,,,
110562113,https://www.idealista.com/inmueble/110562113/,sale,Córdoba,Córdoba,37.8824305,-4.7898756,True,es,Córdoba,Ciudad Jardín,Ciudad Jardín,,250000.0,flat,flat,137.0,,,3,2,,False,,False,,,,,good,True,,,,,,,,,,,,,False,,,
111328097,https://www.idealista.com/inmueble/111328097/,sale,Córdoba,Córdoba,37.8910595,-4.7625457,True,es,Córdoba,Levante - Lepanto - Fátima,La Viñuela,,149900.0,penthouse,penthouse,69.0,,,3,1,,False,,False,,,,,good,False,,,,,,,,,,,,,False,,4,
111725028,https://www.idealista.com/inmueble/111725028/,sale,Córdoba,Córdoba,37.8836251,-4.7861214,True,es,Córdoba,Centro - Casco Histórico,Centro,,450000.0,flat,flat,165.0,,,4,3,,False,,False,,,,,renew,True,,,,,,,,,,,,,True,,4,
112475005,https://www.idealista.com/inmueble/112475005/,sale,Córdoba,Córdoba,37.8952343,-4.7730083,True,es,Córdoba,Centro - Casco Histórico,San Cayetano,,149900.0,flat,flat,75.0,,,1,1,,False,,False,,,,,good,False,,,,,,,,,,,,,False,,,
112630933,https://www.idealista.com/inmueble/112630933/,sale,Córdoba,Córdoba,37.8957472,-4.7758637,True,es,Córdoba,Santa Rosa - Valdeolleros,Santa Rosa - San José,,125000.0,flat,flat,50.0,,,1,1,,False,,False,,,,,good,False,,,,,,,,,,,,,False,,bj,
111396789,https://www.idealista.com/inmueble/111396789/,sale,Córdoba,Córdoba,37.8834438,-4.7912875,True,es,Córdoba,Ciudad Jardín,Ciudad Jardín,,193000.0,flat,flat,105.0,,,3,1,,False,,False,,,,,good,True,,,,,,,,,,,,,False,,1,
111452650,https://www.idealista.com/inmueble/111452650/,sale,Córdoba,Córdoba,37.8835854,-4.7722179,True,es,Córdoba,Centro - Casco Histórico,Casco Histórico - Corredera - Ribera,,184900.0,flat,flat,109.0,,,2,2,,False,,False,,,,,good,False,,,,,,,,,,,,,False,,1,
112388610,https://www.idealista.com/inmueble/112388610/,sale,Córdoba,Córdoba,37.8921453,-4.7717852,True,es,Córdoba,Centro - Casco Histórico,San Cayetano,,149900.0,flat,flat,75.0,,,1,2,,False,,False,,,,,good,False,,,,,,,,,,,,,False,,,
111208524,https://www.idealista.com/inmueble/111208524/,sale,Córdoba,Córdoba,37.8656635,-4.7709415,False,es,Córdoba,Campo de la Verdad,Campo de la Verdad,,84000.0,chalet,terracedHouse,84.0,,,2,2,,False,,False,,,,,good,,,,,,,,,,,,,,False,,,
112596453,https://www.idealista.com/inmueble/112596453/,sale,Córdoba,Córdoba,37.8829367,-4.816031,False,es,Córdoba,Noreña - Figueroa,Miralbaida - Parque Azahara,,300000.0,chalet,terracedHouse,151.0,,,4,2,,False,,False,,,,,good,,,,,,,,,,,,,,True,,,
112677432,https://www.idealista.com/inmueble/112677432/,sale,Córdoba,Córdoba,37.8906512,-4.8050874,True,es,Córdoba,Noreña - Figueroa,Noreña - Turruñuelos,,155000.0,flat,flat,60.0,,,3,1,,False,,False,,,,,good,True,,,,,,,,,,,,,False,,2,
112630420,https://www.idealista.com/inmueble/112630420/,sale,Córdoba,Córdoba,37.8846768,-4.7945108,False,es,Córdoba,Ciudad Jardín,Ciudad Jardín,,275000.0,flat,flat,140.0,,,4,2,,False,,False,,,,,good,True,,,,,,,,,,,,,False,,2,
111841369,https://www.idealista.com/inmueble/111841369/,sale,Córdoba,Córdoba,37.8858912,-4.7857255,True,es,Córdoba,Centro - Casco Histórico,Centro,,240000.0,flat,flat,126.0,,,3,2,,False,,False,,,,,good,True,,,,,,,,,,,,,False,,2,
96034706,https://www.idealista.com/inmueble/96034706/,sale,Córdoba,Córdoba,37.8856715,-4.7821186,True,es,Córdoba,Centro - Casco Histórico,Centro,,425000.0,flat,flat,303.0,,,7,2,,False,,False,,,,,renew,True,,,,,,,,,,,,,False,,2,
112121285,https://www.idealista.com/inmueble/112121285/,sale,Córdoba,Córdoba,37.8817109,-4.7906582,True,es,Córdoba,Ciudad Jardín,Ciudad Jardín,,144900.0,flat,flat,60.0,,,2,1,,False,,False,,,,,good,False,,,,,,,,,,,,,False,,3,
112052288,https://www.idealista.com/inmueble/112052288/,sale,Córdoba,Córdoba,37.8746413,-4.7753298,True,es,Córdoba,Campo de la Verdad,Campo de la Verdad,,269000.0,chalet,independantHouse,120.0,,,3,2,,False,,False,,,,,good,,,,,,,,,,,,,,True,,,
111452220,https://www.idealista.com/inmueble/111452220/,sale,Córdoba,Córdoba,37.8850799,-4.770437,True,es,Córdoba,Centro - Casco Histórico,Casco Histórico - Corredera - Ribera,,184900.0,flat,flat,109.0,,,2,2,,False,,False,,,,,good,False,,,,,,,,,,,,,False,,1,
112632215,https://www.idealista.com/inmueble/112632215/,sale,Córdoba,Córdoba,37.8799589,-4.7652808,True,es,Córdoba,Fuensanta - Zona Arcángel,Fuensanta - Arcángel - Santuario,,93000.0,studio,studio,45.0,,,0,1,,False,,True,,,,,good,False,,,,,,,,,,,,,False,,,
88591179,https://www.idealista.com/inmueble/88591179/,sale,Córdoba,Córdoba,37.8903292,-4.7907207,True,es,Córdoba,Noreña - Figueroa,Carretera Trassierra - Colonia de la Paz,,125000.0,flat,flat,60.0,,,1,1,,False,,False,,,,,good,True,,,,,,,,,,,,,False,,,
112411134,https://www.idealista.com/inmueble/112411134/,sale,Córdoba,Córdoba,37.8625915,-4.76999,True,es,Córdoba,Campo de la Verdad,Campo de la Verdad,,117900.0,chalet,independantHouse,73.0,,,3,1,,False,,False,,,,,good,,,,,,,,,,,,,,False,,,
111919122,https://www.idealista.com/inmueble/111919122/,sale,Córdoba,Córdoba,37.8987292,-4.7771306,True,es,Córdoba,Santa Rosa - Valdeolleros,Valdeolleros - Zumbacón - Camping,,139900.0,flat,flat,67.0,,,3,1,,False,,False,,,,,good,False,,,,,,,,,,,,,False,,3,
111898103,https://www.idealista.com/inmueble/111898103/,sale,Córdoba,Córdoba,37.8830521,-4.78398,True,es,Córdoba,Centro - Casco Histórico,Centro,,550000.0,flat,flat,235.0,,,5,4,,False,,False,,,,,good,True,,,,,,,,,,,,,True,,,
111803038,https://www.idealista.com/inmueble/111803038/,sale,Córdoba,Córdoba,37.8848091,-4.781477,True,es,Córdoba,Centro - Casco Histórico,Centro,,165000.0,flat,flat,74.0,,,2,1,,False,,False,,,,,good,False,,,,,,,,,,,,,True,,bj,
112348971,https://www.idealista.com/inmueble/112348971/,sale,Córdoba,Córdoba,37.8780383,-4.7838523,True,es,Córdoba,Centro - Casco Histórico,Judería - San Basilio,,199000.0,flat,flat,75.0,,,3,2,,False,,False,,,,,good,False,,,,,,,,,,,,,False,,2,
111335940,https://www.idealista.com/inmueble/111335940/,sale,Córdoba,Córdoba,37.8912405,-4.7657063,True,es,Córdoba,Levante - Lepanto - Fátima,La Viñuela,,149900.0,penthouse,penthouse,69.0,,,3,1,,False,,False,,,,,good,False,,,,,,,,,,,,,False,,4,
111707907,https://www.idealista.com/inmueble/111707907/,sale,Córdoba,Córdoba,37.8967316,-4.776344,True,es,Córdoba,Santa Rosa - Valdeolleros,Santa Rosa - San José,,129900.0,flat,flat,50.0,,,1,1,,False,,False,,,,,good,True,,,,,,,,,,,,,False,,bj,
112005806,https://www.idealista.com/inmueble/112005806/,sale,Córdoba,Córdoba,37.8823409,-4.7701357,True,es,Córdoba,Centro - Casco Histórico,Casco Histórico - Corredera - Ribera,,184900.0,flat,flat,109.0,,,2,2,,False,,False,,,,,good,False,,,,,,,,,,,,,False,,1,
111802750,https://www.idealista.com/inmueble/111802750/,sale,Córdoba,Córdoba,37.8839077,-4.7820716,True,es,Córdoba,Centro - Casco Histórico,Centro,,198000.0,flat,flat,74.0,,,2,1,,False,,False,,,,,good,False,,,,,,,,,,,,,True,,bj,
111889705,https://www.idealista.com/inmueble/111889705/,sale,Córdoba,Córdoba,37.8984515,-4.809178,True,es,Córdoba,Noreña - Figueroa,Tablero,,300000.0,chalet,terracedHouse,140.0,,,4,3,,False,,False,,,,,good,,,,,,,,,,,,,,True,,,
112615594,https://www.idealista.com/inmueble/112615594/,sale,Córdoba,Córdoba,37.8931576,-4.7658449,True,es,Córdoba,Levante - Lepanto - Fátima,Levante,,129900.0,flat,flat,64.0,,,3,1,,False,,False,,,,,good,False,,,,,,,,,,,,,False,,3,
112355527,https://www.idealista.com/inmueble/112355527/,sale,Córdoba,Córdoba,37.8864584,-4.7728134,True,es,Córdoba,Centro - Casco Histórico,Casco Histórico - Ollerías - Marrubial,,325000.0,chalet,independantHouse,118.0,,,4,2,,False,,False,,,,,good,,,,,,,,,,,,,,False,,,
112577418,https://www.idealista.com/inmueble/112577418/,sale,Córdoba,Córdoba,37.8916062,-4.7645637,True,es,Córdoba,Levante - Lepanto - Fátima,La Viñuela,,145000.0,flat,flat,70.0,,,2,1,,False,,False,,,,,good,False,,,,,,,,,,,,,False,,2,
110967367,https://www.idealista.com/inmueble/110967367/,sale,Córdoba,Córdoba,37.8854092,-4.7756808,True,es,Córdoba,Centro - Casco Histórico,Casco Histórico - Corredera - Ribera,,275000.0,flat,flat,101.0,,,2,2,,False,,False,,,,,good,False,,,,,,,,,,,,,False,,2,
112124351,https://www.idealista.com/inmueble/112124351/,sale,Córdoba,Córdoba,37.8918161,-4.7644097,True,es,Córdoba,Levante - Lepanto - Fátima,La Viñuela,,149900.0,penthouse,penthouse,69.0,,,3,1,,False,,False,,,,,good,False,,,,,,,,,,,,,False,,4,
106502288,https://www.idealista.com/inmueble/106502288/,sale,Córdoba,Córdoba,37.8947947,-4.7815607,True,es,Córdoba,Santa Rosa - Valdeolleros,Santa Rosa - San José,,790000.0,chalet,independantHouse,816.0,,,8,7,,False,,False,,,,,good,,,,,,,,,,,,,,False,,,
111767279,https://www.idealista.com/inmueble/111767279/,sale,Córdoba,Córdoba,37.8977351,-4.7850281,True,es,Córdoba,Noreña - Figueroa,Tablero,,550000.0,chalet,semidetachedHouse,244.0,,,3,2,,False,,False,,,,,good,,,,,,,,,,,,,,False,,,
111264260,https://www.idealista.com/inmueble/111264260/,sale,Córdoba,Córdoba,37.8800461,-4.7876396,True,es,Córdoba,Ciudad Jardín,Ciudad Jardín,,185000.0,flat,flat,112.0,,,4,2,,False,,False,,,,,renew,True,,,,,,,,,,,,,False,,1,
111280234,https://www.idealista.com/inmueble/111280234/,sale,Córdoba,Córdoba,37.8971356,-4.7767907,True,es,Córdoba,Santa Rosa - Valdeolleros,Valdeolleros - Zumbacón - Camping,,169000.0,flat,flat,102.0,,,4,1,,False,,False,,,,,good,True,,,,,,,,,,,,,False,,1,
110049188,https://www.idealista.com/inmueble/110049188/,sale,Córdoba,Córdoba,37.9000137,-4.7537011,True,es,Córdoba,Levante - Lepanto - Fátima,Fátima - Campiñuela,,110000.0,flat,flat,66.0,,,3,1,,False,,False,,,,,renew,True,,,,,,,,,,,,,False,,3,
112338170,https://www.idealista.com/inmueble/112338170/,sale,Córdoba,Córdoba,37.8628271,-4.7696276,True,es,Córdoba,Campo de la Verdad,Campo de la Verdad,,117900.0,chalet,independantHouse,73.0,,,3,1,,False,,False,,,,,good,,,,,,,,,,,,,,False,,,
109074170,https://www.idealista.com/inmueble/109074170/,sale,Córdoba,Córdoba,37.9190025,-4.7957335,True,es,Córdoba,Brillante - Trassierra - Naranjo,Brillante,,900000.0,chalet,independantHouse,648.0,,,6,6,,False,,False,,,,,good,,,,,,,,,,,,,,True,,,
112566156,https://www.idealista.com/inmueble/112566156/,sale,Córdoba,Córdoba,37.8943608,-4.8027683,True,es,Córdoba,Noreña - Figueroa,Tablero,,395000.0,penthouse,penthouse,132.0,,,4,2,,False,,False,,,,,good,True,,,,,,,,,,,,,True,,5,
111884155,https://www.idealista.com/inmueble/111884155/,sale,Córdoba,Córdoba,37.8980315,-4.8086468,True,es,Córdoba,Noreña - Figueroa,Tablero,,300000.0,chalet,terracedHouse,140.0,,,4,3,,False,,False,,,,,good,,,,,,,,,,,,,,True,,,
112271069,https://www.idealista.com/inmueble/112271069/,sale,Córdoba,Córdoba,37.9135839,-4.8161876,True,es,Córdoba,Brillante - Trassierra - Naranjo,Brillante,,900000.0,chalet,independantHouse,239.0,,,4,2,,False,,False,,,,,good,,,,,,,,,,,,,,True,,,
111333058,https://www.idealista.com/inmueble/111333058/,sale,Córdoba,Córdoba,37.8902283,-4.7651435,True,es,Córdoba,Levante - Lepanto - Fátima,La Viñuela,,149900.0,penthouse,penthouse,69.0,,,3,1,,False,,False,,,,,good,False,,,,,,,,,,,,,False,,4,
110550967,https://www.idealista.com/inmueble/110550967/,sale,Córdoba,Córdoba,37.8868064,-4.7799304,True,es,Córdoba,Centro - Casco Histórico,Centro,,790000.0,penthouse,penthouse,273.0,,,5,4,,False,,False,,,,,good,True,,,,,,,,,,,,,True,,4,
103835941,https://www.idealista.com/inmueble/103835941/,sale,Córdoba,Córdoba,37.9117398,-4.7821162,True,es,Córdoba,Brillante - Trassierra - Naranjo,Naranjo - Mirabueno,,695000.0,chalet,independantHouse,396.0,,,5,2,,False,,False,,,,,good,,,,,,,,,,,,,,True,,,
112012935,https://www.idealista.com/inmueble/112012935/,sale,Córdoba,Córdoba,37.9202161,-4.8025579,True,es,Córdoba,Brillante - Trassierra - Naranjo,Brillante,,770000.0,chalet,independantHouse,286.0,,,4,4,,False,,False,,,,,good,,,,,,,,,,,,,,True,,,
111914912,https://www.idealista.com/inmueble/111914912/,sale,Córdoba,Córdoba,37.8991331,-4.7785012,True,es,Córdoba,Santa Rosa - Valdeolleros,Valdeolleros - Zumbacón - Camping,,139900.0,flat,flat,67.0,,,3,1,,False,,False,,,,,good,False,,,,,,,,,,,,,False,,3,
111500795,https://www.idealista.com/inmueble/111500795/,sale,Córdoba,Córdoba,37.9115608,-4.777149,True,es,Córdoba,Brillante - Trassierra - Naranjo,Naranjo - Mirabueno,,239000.0,chalet,independantHouse,279.0,,,5,2,,False,,False,,,,,renew,,,,,,,,,,,,,,True,,,
110382775,https://www.idealista.com/inmueble/110382775/,sale,Córdoba,Córdoba,37.9178981,-4.7921296,True,es,Córdoba,Brillante - Trassierra - Naranjo,Brillante,,900000.0,chalet,independantHouse,648.0,,,6,6,,False,,False,,,,,good,,,,,,,,,,,,,,True,,,
112557710,https://www.idealista.com/inmueble/112557710/,sale,Córdoba,Córdoba,37.8864166,-4.7896764,True,es,Córdoba,Centro - Casco Histórico,Cercadilla - Medina Azahara,,204000.0,flat,flat,77.0,,,3,2,,False,,False,,,,,good,True,,,,,,,,,,,,,True,,1,
112497702,https://www.idealista.com/inmueble/112497702/,sale,Córdoba,Córdoba,37.8845738,-4.7760267,True,es,Córdoba,Centro - Casco Histórico,Casco Histórico - Ollerías - Marrubial,,155000.0,flat,flat,49.0,,,2,1,,False,,False,,,,,good,False,,,,,,,,,,,,,False,,2,
111397648,https://www.idealista.com/inmueble/111397648/,sale,Córdoba,Córdoba,37.8868224,-4.805386,True,es,Córdoba,Noreña - Figueroa,Noreña - Turruñuelos,,315000.0,flat,flat,111.0,,,3,2,,False,,False,,,,,good,True,,,,,,,,,,,,,True,,5,
112654644,https://www.idealista.com/inmueble/112654644/,sale,Córdoba,Córdoba,37.8807052,-4.8149272,True,es,Córdoba,Noreña - Figueroa,Miralbaida - Parque Azahara,,195000.0,flat,flat,89.0,,,3,2,,False,,False,,,,,good,True,,,,,,,,,,,,,False,,1,
112680591,https://www.idealista.com/inmueble/112680591/,sale,Córdoba,Córdoba,37.8818374,-4.7918158,True,es,Córdoba,Ciudad Jardín,Ciudad Jardín,,179000.0,flat,flat,120.0,,,4,2,,False,,False,,,,,good,True,,,,,,,,,,,,,False,,4,
111502575,https://www.idealista.com/inmueble/111502575/,sale,Córdoba,Córdoba,37.9086324,-4.7783592,True,es,Córdoba,Brillante - Trassierra - Naranjo,Naranjo - Mirabueno,,249500.0,chalet,independantHouse,279.0,,,5,2,,False,,False,,,,,renew,,,,,,,,,,,,,,False,,,
112432565,https://www.idealista.com/inmueble/112432565/,sale,Córdoba,Córdoba,37.8712306,-4.7728818,True,es,Córdoba,Campo de la Verdad,Campo de la Verdad,,148000.0,chalet,independantHouse,97.0,,,3,2,,False,,False,,,,,good,,,,,,,,,,,,,,False,,,
112547529,https://www.idealista.com/inmueble/112547529/,sale,Córdoba,Córdoba,37.8952699,-4.7594831,True,es,Córdoba,Levante - Lepanto - Fátima,Levante,,145000.0,flat,flat,85.0,,,3,1,,False,,False,,,,,good,False,,,,,,,,,,,,,False,,1,
112653513,https://www.idealista.com/inmueble/112653513/,sale,Córdoba,Córdoba,37.899555,-4.7540905,True,es,Córdoba,Levante - Lepanto - Fátima,Fátima - Campiñuela,,160000.0,flat,flat,73.0,,,3,1,,False,,False,,,,,good,False,,,,,,,,,,,,,False,,en,
112051452,https://www.idealista.com/inmueble/112051452/,sale,Córdoba,Córdoba,37.8873237,-4.7735711,True,es,Córdoba,Centro - Casco Histórico,Casco Histórico - Ollerías - Marrubial,,325000.0,chalet,independantHouse,118.0,,,4,2,,False,,False,,,,,good,,,,,,,,,,,,,,False,,,
111957435,https://www.idealista.com/inmueble/111957435/,sale,Córdoba,Córdoba,37.8928173,-4.7572961,True,es,Córdoba,Levante - Lepanto - Fátima,La Viñuela,,139000.0,flat,flat,72.0,,,3,1,,False,,False,,,,,good,False,,,,,,,,,,,,,False,,1,
109983397,https://www.idealista.com/inmueble/109983397/,sale,Córdoba,Córdoba,37.8971239,-4.7567145,True,es,Córdoba,Levante - Lepanto - Fátima,Fátima - Campiñuela,,144900.0,flat,flat,85.0,,,3,1,,False,,False,,,,,good,True,,,,,,,,,,,,,False,,1,
112244402,https://www.idealista.com/inmueble/112244402/,sale,Córdoba,Córdoba,37.8958488,-4.7536395,True,es,Córdoba,Levante - Lepanto - Fátima,Fátima - Campiñuela,,124000.0,flat,flat,68.0,,,2,1,,False,,False,,,,,good,True,,,,,,,,,,,,,False,,7,
112154351,https://www.idealista.com/inmueble/112154351/,sale,Córdoba,Córdoba,37.8887745,-4.7819056,True,es,Córdoba,Centro - Casco Histórico,El Vial - Ronda de Tejares,,1300000.0,flat,flat,565.0,,,6,6,,False,,False,,,,,good,True,,,,,,,,,,,,,True,,3,
111917347,https://www.idealista.com/inmueble/111917347/,sale,Córdoba,Córdoba,37.8997544,-4.7780387,True,es,Córdoba,Santa Rosa - Valdeolleros,Valdeolleros - Zumbacón - Camping,,139900.0,flat,flat,67.0,,,3,1,,False,,False,,,,,good,False,,,,,,,,,,,,,False,,3,
112445325,https://www.idealista.com/inmueble/112445325/,sale,Córdoba,Córdoba,37.8855639,-4.7741872,True,es,Córdoba,Centro - Casco Histórico,Casco Histórico - Ollerías - Marrubial,,325000.0,chalet,independantHouse,118.0,,,4,2,,False,,False,,,,,good,,,,,,,,,,,,,,False,,,
112555281,https://www.idealista.com/inmueble/112555281/,sale,Córdoba,Córdoba,37.8866682,-4.7528657,True,es,Córdoba,Fuensanta - Zona Arcángel,Cañero - Fidiana,,309900.0,chalet,terracedHouse,216.0,,,4,3,,False,,False,,,,,good,,,,,,,,,,,,,,True,,,
111367272,https://www.idealista.com/inmueble/111367272/,sale,Córdoba,Córdoba,37.8875026,-4.8055538,True,es,Córdoba,Noreña - Figueroa,Noreña - Turruñuelos,,315000.0,flat,flat,111.0,,,3,2,,False,,False,,,,,good,True,,,,,,,,,,,,,False,,5,
110267263,https://www.idealista.com/inmueble/110267263/,sale,Córdoba,Córdoba,37.8909594,-4.7645392,True,es,Córdoba,Levante - Lepanto - Fátima,La Viñuela,,96000.0,flat,flat,60.0,,,2,1,,False,,False,,,,,renew,False,,,,,,,,,,,,,False,,4,
112609131,https://www.idealista.com/inmueble/112609131/,sale,Córdoba,Córdoba,37.8984675,-4.8117473,True,es,Córdoba,Noreña - Figueroa,Tablero,,300000.0,chalet,terracedHouse,140.0,,,4,3,,False,,False,,,,,good,,,,,,,,,,,,,,True,,,
112693101,https://www.idealista.com/inmueble/112693101/,sale,Córdoba,Córdoba,37.8985278,-4.7812768,True,es,Córdoba,Santa Rosa - Valdeolleros,Santa Rosa - San José,,164000.0,flat,flat,123.0,,,4,2,,False,,False,,,,,good,False,,,,,,,,,,,,,False,,2,
111661074,https://www.idealista.com/inmueble/111661074/,sale,Córdoba,Córdoba,37.8809927,-4.7718031,True,es,Córdoba,Centro - Casco Histórico,Casco Histórico - Corredera - Ribera,,174900.0,flat,flat,44.0,,,1,1,,False,,False,,,,,renew,True,,,,,,,,,,,,,False,,1,
111935003,https://www.idealista.com/inmueble/111935003/,sale,Córdoba,Córdoba,37.9033217,-4.7902877,True,es,Córdoba,Brillante - Trassierra - Naranjo,Brillante,,489000.0,flat,flat,180.0,,,5,4,,False,,False,,,,,good,False,,,,,,,,,,,,,True,,1,
111934972,https://www.idealista.com/inmueble/111934972/,sale,Córdoba,Córdoba,37.8978475,-4.7842851,True,es,Córdoba,Santa Rosa - Valdeolleros,Santa Rosa - San José,,230000.0,flat,flat,82.0,,,3,1,,False,,False,,,,,renew,True,,,,,,,,,,,,,True,,4,
112452921,https://www.idealista.com/inmueble/112452921/,sale,Córdoba,Córdoba,37.904363,-4.7791213,True,es,Córdoba,Brillante - Trassierra - Naranjo,Brillante,,535000.0,chalet,independantHouse,205.0,,,4,3,,False,,False,,,,,good,,,,,,,,,,,,,,True,,,
112686873,https://www.idealista.com/inmueble/112686873/,sale,Córdoba,Córdoba,37.8647628,-4.7762525,False,es,Córdoba,Sector sur - Santa Cruz,Sector sur - Santa Cruz,,64900.0,flat,flat,60.0,,,3,1,,False,,False,,,,,good,True,,,,,,,,,,,,,False,,1,
112630822,https://www.idealista.com/inmueble/112630822/,sale,Córdoba,Córdoba,37.9093553,-4.7859311,True,es,Córdoba,Brillante - Trassierra - Naranjo,Brillante,,750000.0,chalet,independantHouse,293.0,,,6,3,,False,,False,,,,,good,,,,,,,,,,,,,,True,,,
111662707,https://www.idealista.com/inmueble/111662707/,sale,Córdoba,Córdoba,37.8831798,-4.7765734,True,es,Córdoba,Centro - Casco Histórico,Judería - San Basilio,,379800.0,chalet,independantHouse,252.0,,,7,2,,False,,False,,,,,good,,,,,,,,,,,,,,False,,,
112554624,https://www.idealista.com/inmueble/112554624/,sale,Córdoba,Córdoba,37.8636362,-4.77192,True,es,Córdoba,Campo de la Verdad,Campo de la Verdad,,117900.0,chalet,independantHouse,73.0,,,3,1,,False,,False,,,,,good,,,,,,,,,,,,,,False,,,
112522609,https://www.idealista.com/inmueble/112522609/,sale,Córdoba,Córdoba,37.8985788,-4.7775584,True,es,Córdoba,Santa Rosa - Valdeolleros,Valdeolleros - Zumbacón - Camping,,139900.0,flat,flat,67.0,,,3,1,,False,,False,,,,,good,False,,,,,,,,,,,,,False,,3,
111944597,https://www.idealista.com/inmueble/111944597/,sale,Córdoba,Córdoba,37.9221147,-4.7912796,True,es,Córdoba,Brillante - Trassierra - Naranjo,Brillante,,655000.0,chalet,independantHouse,489.0,,,5,5,,False,,False,,,,,good,,,,,,,,,,,,,,True,,,
110304572,https://www.idealista.com/inmueble/110304572/,sale,Córdoba,Córdoba,37.883174,-4.7732497,False,es,Córdoba,Centro - Casco Histórico,Casco Histórico - Corredera - Ribera,,153000.0,flat,flat,42.0,,,1,1,,False,,False,,,,,good,False,,,,,,,,,,,,,False,,bj,
112675568,https://www.idealista.com/inmueble/112675568/,sale,Córdoba,Córdoba,37.8888029,-4.7658311,True,es,Córdoba,Levante - Lepanto - Fátima,La Viñuela,,208000.0,flat,flat,92.0,,,3,2,,False,,False,,,,,good,True,,,,,,,,,,,,,True,,2,
112654562,https://www.idealista.com/inmueble/112654562/,sale,Córdoba,Córdoba,37.8965664,-4.7567306,True,es,Córdoba,Levante - Lepanto - Fátima,Fátima - Campiñuela,,119900.0,flat,flat,47.0,,,2,1,,False,,False,,,,,good,False,,,,,,,,,,,,,False,,bj,
111184537,https://www.idealista.com/inmueble/111184537/,sale,Córdoba,Córdoba,37.8795008,-4.7813475,True,es,Córdoba,Centro - Casco Histórico,Judería - San Basilio,,159900.0,flat,flat,90.0,,,3,1,,False,,False,,,,,good,False,,,,,,,,,,,,,False,,,
111076487,https://www.idealista.com/inmueble/111076487/,sale,Córdoba,Córdoba,37.8815226,-4.7719841,False,es,Córdoba,Centro - Casco Histórico,Casco Histórico - Corredera - Ribera,,250000.0,chalet,independantHouse,250.0,,,3,2,,False,,False,,,,,renew,,,,,,,,,,,,,,False,,,
112505480,https://www.idealista.com/inmueble/112505480/,sale,Córdoba,Córdoba,37.8956381,-4.7618312,True,es,Córdoba,Levante - Lepanto - Fátima,Levante,,99900.0,flat,flat,68.0,,,2,1,,False,,False,,,,,renew,False,,,,,,,,,,,,,False,,4,
112682474,https://www.idealista.com/inmueble/112682474/,sale,Córdoba,Córdoba,37.8974434,-4.7766322,True,es,Córdoba,Santa Rosa - Valdeolleros,Valdeolleros - Zumbacón - Camping,,169000.0,flat,flat,103.0,,,3,1,,False,,False,,,,,good,True,,,,,,,,,,,,,False,,1,
106799394,https://www.idealista.com/inmueble/106799394/,sale,Córdoba,Córdoba,37.8883104,-4.7613244,True,es,Córdoba,Levante - Lepanto - Fátima,La Viñuela,,60000.0,flat,flat,61.0,,,3,1,,False,,False,,,,,renew,True,,,,,,,,,,,,,False,,1,
112669319,https://www.idealista.com/inmueble/112669319/,sale,Córdoba,Córdoba,37.887672,-4.7616865,True,es,Córdoba,Levante - Lepanto - Fátima,La Viñuela,,179900.0,penthouse,penthouse,82.0,,,3,2,,False,,False,,,,,good,False,,,,,,,,,,,,,False,,3,
112575313,https://www.idealista.com/inmueble/112575313/,sale,Córdoba,Córdoba,37.8669219,-4.7736951,True,es,Córdoba,Campo de la Verdad,Campo de la Verdad,,139999.0,chalet,independantHouse,194.0,,,3,1,,False,,False,,,,,good,,,,,,,,,,,,,,True,,,
109069307,https://www.idealista.com/inmueble/109069307/,sale,Córdoba,Córdoba,37.9198383,-4.7934292,True,es,Córdoba,Brillante - Trassierra - Naranjo,Brillante,,900000.0,chalet,independantHouse,648.0,,,6,6,,False,,False,,,,,good,,,,,,,,,,,,,,True,,,
109926172,https://www.idealista.com/inmueble/109926172/,sale,Córdoba,Córdoba,37.8830271,-4.7819618,True,es,Córdoba,Centro - Casco Histórico,Centro,,412000.0,flat,flat,171.0,,,4,4,,False,,False,,,,,good,True,,,,,,,,,,,,,False,,2,
112626209,https://www.idealista.com/inmueble/112626209/,sale,Córdoba,Córdoba,37.8971419,-4.7954682,False,es,Córdoba,Noreña - Figueroa,Tablero,,335000.0,flat,flat,112.0,,,3,2,,False,,False,,,,,good,True,,,,,,,,,,,,,True,,2,
112577196,https://www.idealista.com/inmueble/112577196/,sale,Córdoba,Córdoba,37.8882711,-4.7556695,True,es,Córdoba,Fuensanta - Zona Arcángel,Cañero - Fidiana,,309900.0,chalet,terracedHouse,216.0,,,4,3,,False,,False,,,,,good,,,,,,,,,,,,,,True,,,
111944018,https://www.idealista.com/inmueble/111944018/,sale,Córdoba,Córdoba,37.9250191,-4.7937811,True,es,Córdoba,Brillante - Trassierra - Naranjo,Brillante,,655000.0,chalet,independantHouse,489.0,,,5,5,,False,,False,,,,,good,,,,,,,,,,,,,,True,,,
111663010,https://www.idealista.com/inmueble/111663010/,sale,Córdoba,Córdoba,37.8965328,-4.7750782,False,es,Córdoba,Santa Rosa - Valdeolleros,Valdeolleros - Zumbacón - Camping,,169000.0,flat,flat,105.0,,,4,1,,False,,False,,,,,good,True,,,,,,,,,,,,,False,,1,
111410009,https://www.idealista.com/inmueble/111410009/,sale,Córdoba,Córdoba,37.8951041,-4.7764325,True,es,Córdoba,Santa Rosa - Valdeolleros,Santa Rosa - San José,,125000.0,studio,studio,50.0,,,0,1,,False,,True,,,,,good,False,,,,,,,,,,,,,False,,,
112369965,https://www.idealista.com/inmueble/112369965/,sale,Córdoba,Córdoba,37.8923581,-4.771949,True,es,Córdoba,Centro - Casco Histórico,San Cayetano,,149900.0,flat,flat,75.0,,,1,2,,False,,False,,,,,good,False,,,,,,,,,,,,,False,,,
112520956,https://www.idealista.com/inmueble/112520956/,sale,Córdoba,Córdoba,37.8868269,-4.7622608,True,es,Córdoba,Fuensanta - Zona Arcángel,Fuensanta - Arcángel - Santuario,,179500.0,flat,flat,90.0,,,3,2,,False,,False,,,,,good,True,,,,,,,,,,,,,False,,7,
111991861,https://www.idealista.com/inmueble/111991861/,sale,Córdoba,Córdoba,37.8889012,-4.7638954,True,es,Córdoba,Levante - Lepanto - Fátima,La Viñuela,,208000.0,flat,flat,92.0,,,3,2,,False,,False,,,,,good,True,,,,,,,,,,,,,True,,2,
111804781,https://www.idealista.com/inmueble/111804781/,sale,Córdoba,Córdoba,37.8861525,-4.7692064,True,es,Córdoba,Centro - Casco Histórico,Casco Histórico - Corredera - Ribera,,175000.0,flat,flat,105.0,,,3,1,,False,,False,,,,,good,False,,,,,,,,,,,,,True,,2,
111642774,https://www.idealista.com/inmueble/111642774/,sale,Córdoba,Córdoba,37.8781009,-4.7903556,True,es,Córdoba,Ciudad Jardín,Ciudad Jardín,,229900.0,flat,flat,129.0,,,4,2,,False,,False,,,,,good,True,,,,,,,,,,,,,False,,1,
110877772,https://www.idealista.com/inmueble/110877772/,sale,Córdoba,Córdoba,37.8675431,-4.7798558,True,es,Córdoba,Sector sur - Santa Cruz,Sector sur - Santa Cruz,,79900.0,flat,flat,57.0,,,3,1,,False,,False,,,,,good,False,,,,,,,,,,,,,False,,4,
111216735,https://www.idealista.com/inmueble/111216735/,sale,Córdoba,Córdoba,37.8878228,-4.7551002,False,es,Córdoba,Fuensanta - Zona Arcángel,Cañero - Fidiana,,399000.0,chalet,independantHouse,300.0,,,4,4,,False,,False,,,,,good,,,,,,,,,,,,,,True,,,
110821701,https://www.idealista.com/inmueble/110821701/,sale,Córdoba,Córdoba,37.9057788,-4.7762116,True,es,Córdoba,Brillante - Trassierra - Naranjo,Naranjo - Mirabueno,,245000.0,chalet,independantHouse,180.0,,,4,2,,False,,False,,,,,good,,,,,,,,,,,,,,False,,,
111195692,https://www.idealista.com/inmueble/111195692/,sale,Córdoba,Córdoba,37.8864561,-4.7809278,True,es,Córdoba,Centro - Casco Histórico,Centro,,625000.0,flat,flat,416.0,,,8,5,,False,,False,,,,,renew,True,,,,,,,,,,,,,True,,3,
112203679,https://www.idealista.com/inmueble/112203679/,sale,Córdoba,Córdoba,37.8797634,-4.775995,True,es,Córdoba,Centro - Casco Histórico,Casco Histórico - Corredera - Ribera,,220000.0,flat,flat,123.0,,,4,2,,False,,False,,,,,good,False,,,,,,,,,,,,,False,,1,
112181670,https://www.idealista.com/inmueble/112181670/,sale,Córdoba,Córdoba,37.868925,-4.779769,False,es,Córdoba,Sector sur - Santa Cruz,Sector sur - Santa Cruz,,134900.0,flat,flat,99.0,,,3,1,,False,,False,,,,,good,True,,,,,,,,,,,,,False,,6,
112624644,https://www.idealista.com/inmueble/112624644/,sale,Córdoba,Córdoba,37.8808169,-4.7800414,True,es,Córdoba,Centro - Casco Histórico,Judería - San Basilio,,159000.0,flat,flat,22.0,,,1,1,,False,,False,,,,,good,False,,,,,,,,,,,,,False,,bj,
112543641,https://www.idealista.com/inmueble/112543641/,sale,Córdoba,Córdoba,37.8801663,-4.765238,False,es,Córdoba,Fuensanta - Zona Arcángel,Fuensanta - Arcángel - Santuario,,125000.0,flat,flat,44.0,,,1,1,,False,,False,,,,,good,False,,,,,,,,,,,,,False,,bj,
111299576,https://www.idealista.com/inmueble/111299576/,sale,Córdoba,Córdoba,37.8856724,-4.769027,True,es,Córdoba,Centro - Casco Histórico,Casco Histórico - Corredera - Ribera,,295000.0,chalet,independantHouse,288.0,,,5,0,,False,,False,,,,,renew,,,,,,,,,,,,,,False,,,
107367561,https://www.idealista.com/inmueble/107367561/,sale,Córdoba,Córdoba,37.9155191,-4.7951632,True,es,Córdoba,Brillante - Trassierra - Naranjo,Brillante,,829500.0,chalet,independantHouse,600.0,,,5,6,,False,,False,,,,,good,,,,,,,,,,,,,,True,,,
111986552,https://www.idealista.com/inmueble/111986552/,sale,Córdoba,Córdoba,37.8871806,-4.7755855,True,es,Córdoba,Centro - Casco Histórico,Casco Histórico - Ollerías - Marrubial,,165000.0,flat,flat,49.0,,,2,1,,False,,False,,,,,good,False,,,,,,,,,,,,,False,,2,
112565492,https://www.idealista.com/inmueble/112565492/,sale,Córdoba,Córdoba,37.8972657,-4.7749195,True,es,Córdoba,Santa Rosa - Valdeolleros,Valdeolleros - Zumbacón - Camping,,189000.0,flat,flat,101.0,,,2,2,,False,,False,,,,,good,True,,,,,,,,,,,,,False,,1,
112476437,https://www.idealista.com/inmueble/112476437/,sale,Córdoba,Córdoba,37.897245,-4.787461,True,es,Córdoba,Santa Rosa - Valdeolleros,Huerta de la Reina,,165000.0,flat,flat,79.0,,,3,1,,False,,False,,,,,good,False,,,,,,,,,,,,,False,,2,
107306442,https://www.idealista.com/inmueble/107306442/,sale,Córdoba,Córdoba,37.8846269,-4.7805994,True,es,Córdoba,Centro - Casco Histórico,Centro,,590000.0,chalet,independantHouse,492.0,,,17,4,,False,,False,,,,,renew,,,,,,,,,,,,,,False,,,
112027423,https://www.idealista.com/inmueble/112027423/,sale,Córdoba,Córdoba,37.8710423,-4.77837,True,es,Córdoba,Sector sur - Santa Cruz,Sector sur - Santa Cruz,,138000.0,flat,flat,67.0,,,2,1,,False,,False,,,,,good,False,,,,,,,,,,,,,False,,2,
112541400,https://www.idealista.com/inmueble/112541400/,sale,Córdoba,Córdoba,37.8886895,-4.7626398,True,es,Córdoba,Levante - Lepanto - Fátima,La Viñuela,,153500.0,flat,flat,114.0,,,3,1,,False,,False,,,,,good,False,,,,,,,,,,,,,False,,1,
111944351,https://www.idealista.com/inmueble/111944351/,sale,Córdoba,Córdoba,37.9224949,-4.7928278,True,es,Córdoba,Brillante - Trassierra - Naranjo,Brillante,,655000.0,chalet,independantHouse,489.0,,,5,5,,False,,False,,,,,good,,,,,,,,,,,,,,True,,,
112510300,https://www.idealista.com/inmueble/112510300/,sale,Córdoba,Córdoba,37.8853288,-4.7931316,True,es,Córdoba,Ciudad Jardín,Ciudad Jardín,,179000.0,flat,flat,95.0,,,3,2,,False,,False,,,,,good,True,,,,,,,,,,,,,False,,5,
107850262,https://www.idealista.com/inmueble/107850262/,sale,Córdoba,Córdoba,37.8912163,-4.7875426,False,es,Córdoba,Santa Rosa - Valdeolleros,Huerta de la Reina,,159000.0,flat,flat,91.0,,,2,1,,False,,False,,,,,good,False,,,,,,,,,,,,,False,,en,
112302191,https://www.idealista.com/inmueble/112302191/,sale,Córdoba,Córdoba,37.9089284,-4.78179,False,es,Córdoba,Brillante - Trassierra - Naranjo,Brillante,,139000.0,flat,flat,73.0,,,2,1,,False,,False,,,,,good,False,,,,,,,,,,,,,False,,2,
111509156,https://www.idealista.com/inmueble/111509156/,sale,Córdoba,Córdoba,37.8971854,-4.7770797,True,es,Córdoba,Santa Rosa - Valdeolleros,Valdeolleros - Zumbacón - Camping,,165000.0,flat,flat,103.0,,,3,1,,False,,False,,,,,good,True,,,,,,,,,,,,,False,,,
112563092,https://www.idealista.com/inmueble/112563092/,sale,Córdoba,Córdoba,37.8899954,-4.7683305,True,es,Córdoba,Centro - Casco Histórico,Casco Histórico - Ollerías - Marrubial,,145000.0,flat,flat,69.0,,,2,1,,False,,False,,,,,good,False,,,,,,,,,,,,,False,,1,
112228025,https://www.idealista.com/inmueble/112228025/,sale,Córdoba,Córdoba,37.8813766,-4.8307591,True,es,Córdoba,Periurbano oeste,El Higuerón,,285600.0,chalet,independantHouse,285.0,,,7,3,,False,,False,,,,,good,,,,,,,,,,,,,,True,,,
112644011,https://www.idealista.com/inmueble/112644011/,sale,Córdoba,Córdoba,37.8848882,-4.7728554,True,es,Córdoba,Centro - Casco Histórico,Casco Histórico - Corredera - Ribera,,184900.0,flat,flat,109.0,,,2,2,,False,,False,,,,,good,False,,,,,,,,,,,,,False,,1,
112551944,https://www.idealista.com/inmueble/112551944/,sale,Córdoba,Córdoba,37.8893509,-4.7545881,True,es,Córdoba,Fuensanta - Zona Arcángel,Cañero - Fidiana,,309900.0,chalet,terracedHouse,216.0,,,4,3,,False,,False,,,,,good,,,,,,,,,,,,,,True,,,
112588928,https://www.idealista.com/inmueble/112588928/,sale,Córdoba,Córdoba,37.8966947,-4.775372,True,es,Córdoba,Santa Rosa - Valdeolleros,Valdeolleros - Zumbacón - Camping,,189000.0,flat,flat,101.0,,,2,2,,False,,False,,,,,good,True,,,,,,,,,,,,,False,,1,
107176919,https://www.idealista.com/inmueble/107176919/,sale,Córdoba,Córdoba,37.8815956,-4.7756064,False,es,Córdoba,Centro - Casco Histórico,Casco Histórico - Corredera - Ribera,,449900.0,chalet,semidetachedHouse,288.0,,,7,3,,False,,False,,,,,renew,,,,,,,,,,,,,,False,,,
111925913,https://www.idealista.com/inmueble/111925913/,sale,Córdoba,Córdoba,37.8983957,-4.779923,True,es,Córdoba,Santa Rosa - Valdeolleros,Valdeolleros - Zumbacón - Camping,,139900.0,flat,flat,67.0,,,3,1,,False,,False,,,,,good,False,,,,,,,,,,,,,False,,3,
110886905,https://www.idealista.com/inmueble/110886905/,sale,Córdoba,Córdoba,37.8998462,-4.7542806,True,es,Córdoba,Levante - Lepanto - Fátima,Fátima - Campiñuela,,215000.0,flat,flat,97.0,,,3,2,,False,,False,,,,,good,True,,,,,,,,,,,,,False,,1,
112659885,https://www.idealista.com/inmueble/112659885/,sale,Córdoba,Córdoba,37.887393,-4.7767135,True,es,Córdoba,Centro - Casco Histórico,Casco Histórico - Ollerías - Marrubial,,174900.0,chalet,semidetachedHouse,80.0,,,0,0,,False,,False,,,,,renew,,,,,,,,,,,,,,False,,,
112277868,https://www.idealista.com/inmueble/112277868/,sale,Córdoba,Córdoba,37.8802435,-4.7746967,True,es,Córdoba,Centro - Casco Histórico,Casco Histórico - Corredera - Ribera,,117900.0,flat,flat,42.0,,,1,1,,False,,False,,,,,good,False,,,,,,,,,,,,,False,,bj,
112641839,https://www.idealista.com/inmueble/112641839/,sale,Córdoba,Córdoba,37.8822176,-4.7926893,True,es,Córdoba,Ciudad Jardín,Ciudad Jardín,,179000.0,flat,flat,73.0,,,3,1,,False,,False,,,,,good,True,,,,,,,,,,,,,False,,1,
112203800,https://www.idealista.com/inmueble/112203800/,sale,Córdoba,Córdoba,37.87926,-4.7742627,True,es,Córdoba,Centro - Casco Histórico,Casco Histórico - Corredera - Ribera,,220000.0,flat,flat,123.0,,,4,2,,False,,False,,,,,good,False,,,,,,,,,,,,,False,,1,
112638785,https://www.idealista.com/inmueble/112638785/,sale,Córdoba,Córdoba,37.8851685,-4.769461,True,es,Córdoba,Centro - Casco Histórico,Casco Histórico - Corredera - Ribera,,184900.0,flat,flat,103.0,,,2,2,,False,,False,,,,,good,False,,,,,,,,,,,,,False,,1,
111147771,https://www.idealista.com/inmueble/111147771/,sale,Córdoba,Córdoba,37.8916754,-4.7740567,True,es,Córdoba,Centro - Casco Histórico,Casco Histórico - Ollerías - Marrubial,,230000.0,flat,flat,95.0,,,4,1,,False,,False,,,,,good,False,,,,,,,,,,,,,True,,2,
112354749,https://www.idealista.com/inmueble/112354749/,sale,Córdoba,Córdoba,37.8856516,-4.7600599,False,es,Córdoba,Fuensanta - Zona Arcángel,Fuensanta - Arcángel - Santuario,,179200.0,flat,flat,89.0,,,3,2,,False,,False,,,,,good,True,,,,,,,,,,,,,False,,7,
110795694,https://www.idealista.com/inmueble/110795694/,sale,Córdoba,Córdoba,37.8895966,-4.7696928,True,es,Córdoba,Centro - Casco Histórico,Casco Histórico - Ollerías - Marrubial,,198000.0,chalet,terracedHouse,90.0,,,2,1,,False,,False,,,,,good,,,,,,,,,,,,,,False,,,
111866693,https://www.idealista.com/inmueble/111866693/,sale,Córdoba,Córdoba,37.8946858,-4.760029,False,es,Córdoba,Levante - Lepanto - Fátima,Levante,,168500.0,flat,flat,85.0,,,4,1,,False,,False,,,,,good,False,,,,,,,,,,,,,False,,2,
111466595,https://www.idealista.com/inmueble/111466595/,sale,Córdoba,Córdoba,37.8904019,-4.7728782,True,es,Córdoba,Centro - Casco Histórico,Casco Histórico - Ollerías - Marrubial,,189900.0,duplex,duplex,95.0,,,4,2,,True,,False,,,,,good,False,,,,,,,,,,,,,False,,1,
112658501,https://www.idealista.com/inmueble/112658501/,sale,Córdoba,Córdoba,37.8827553,-4.7828943,True,es,Córdoba,Centro - Casco Histórico,Centro,,359000.0,flat,flat,133.0,,,4,2,,False,,False,,,,,good,True,,,,,,,,,,,,,False,,5,
111951440,https://www.idealista.com/inmueble/111951440/,sale,Córdoba,Córdoba,37.9220576,-4.7919684,True,es,Córdoba,Brillante - Trassierra - Naranjo,Brillante,,655000.0,chalet,independantHouse,489.0,,,5,5,,False,,False,,,,,good,,,,,,,,,,,,,,True,,,
109863384,https://www.idealista.com/inmueble/109863384/,sale,Córdoba,Córdoba,37.9060831,-4.7900975,True,es,Córdoba,Brillante - Trassierra - Naranjo,Brillante,,1200000.0,chalet,independantHouse,586.0,,,5,6,,False,,False,,,,,good,,,,,,,,,,,,,,True,,,
112080311,https://www.idealista.com/inmueble/112080311/,sale,Córdoba,Córdoba,37.8674555,-4.7726165,False,es,Córdoba,Campo de la Verdad,Campo de la Verdad,,160000.0,chalet,terracedHouse,127.0,,,3,2,,False,,False,,,,,good,,,,,,,,,,,,,,False,,,
110796929,https://www.idealista.com/inmueble/110796929/,sale,Córdoba,Córdoba,37.8853913,-4.7649986,True,es,Córdoba,Levante - Lepanto - Fátima,La Viñuela,,199000.0,flat,flat,97.0,,,4,2,,False,,False,,,,,good,False,,,,,,,,,,,,,False,,1,
111457295,https://www.idealista.com/inmueble/111457295/,sale,Córdoba,Córdoba,37.8849883,-4.7711773,True,es,Córdoba,Centro - Casco Histórico,Casco Histórico - Corredera - Ribera,,184900.0,flat,flat,109.0,,,2,2,,False,,False,,,,,good,False,,,,,,,,,,,,,False,,1,
110456255,https://www.idealista.com/inmueble/110456255/,sale,Córdoba,Córdoba,37.8828724,-4.782226,True,es,Córdoba,Centro - Casco Histórico,Centro,,173000.0,flat,flat,83.0,,,2,1,,False,,False,,,,,good,True,,,,,,,,,,,,,False,,2,
112671170,https://www.idealista.com/inmueble/112671170/,sale,Córdoba,Córdoba,37.8586022,-4.7827805,True,es,Córdoba,Sector sur - Santa Cruz,Sector sur - Santa Cruz,,90000.0,flat,flat,86.0,,,3,1,,False,,False,,,,,good,False,,,,,,,,,,,,,True,,2,
111471078,https://www.idealista.com/inmueble/111471078/,sale,Córdoba,Córdoba,37.8797743,-4.7823873,True,es,Córdoba,Centro - Casco Histórico,Judería - San Basilio,,156000.0,flat,flat,54.0,,,2,1,,False,,False,,,,,good,False,,,,,,,,,,,,,False,,1,
112633980,https://www.idealista.com/inmueble/112633980/,sale,Córdoba,Córdoba,37.8930365,-4.7605647,True,es,Córdoba,Levante - Lepanto - Fátima,La Viñuela,,145000.0,flat,flat,65.0,,,3,1,,False,,False,,,,,good,False,,,,,,,,,,,,,False,,3,
112625938,https://www.idealista.com/inmueble/112625938/,sale,Córdoba,Córdoba,37.8892095,-4.7723694,True,es,Córdoba,Centro - Casco Histórico,Casco Histórico - Ollerías - Marrubial,,129500.0,flat,flat,66.0,,,2,1,,False,,False,,,,,good,False,,,,,,,,,,,,,False,,1,
111333905,https://www.idealista.com/inmueble/111333905/,sale,Córdoba,Córdoba,37.8904432,-4.7627921,True,es,Córdoba,Levante - Lepanto - Fátima,La Viñuela,,149900.0,penthouse,penthouse,69.0,,,3,1,,False,,False,,,,,good,False,,,,,,,,,,,,,False,,4,
112504872,https://www.idealista.com/inmueble/112504872/,sale,Córdoba,Córdoba,37.86279,-4.7715983,True,es,Córdoba,Campo de la Verdad,Campo de la Verdad,,75000.0,flat,flat,70.0,,,3,1,,False,,False,,,,,renew,False,,,,,,,,,,,,,False,,3,
112529835,https://www.idealista.com/inmueble/112529835/,sale,Córdoba,Córdoba,37.8569853,-4.7841402,True,es,Córdoba,Sector sur - Santa Cruz,Sector sur - Santa Cruz,,53600.0,flat,flat,74.0,,,3,1,,False,,False,,,,,renew,True,,,,,,,,,,,,,False,,2,
112630780,https://www.idealista.com/inmueble/112630780/,sale,Córdoba,Córdoba,37.8922476,-4.7716951,True,es,Córdoba,Centro - Casco Histórico,Casco Histórico - Ollerías - Marrubial,,129500.0,flat,flat,63.0,,,2,1,,False,,False,,,,,good,False,,,,,,,,,,,,,False,,1,
112155700,https://www.idealista.com/inmueble/112155700/,sale,Córdoba,Córdoba,37.8993876,-4.7782085,True,es,Córdoba,Santa Rosa - Valdeolleros,Valdeolleros - Zumbacón - Camping,,139900.0,flat,flat,67.0,,,3,1,,False,,False,,,,,good,False,,,,,,,,,,,,,False,,3,
112040683,https://www.idealista.com/inmueble/112040683/,sale,Córdoba,Córdoba,37.8986497,-4.8094494,True,es,Córdoba,Noreña - Figueroa,Tablero,,300000.0,chalet,terracedHouse,140.0,,,4,3,,False,,False,,,,,good,,,,,,,,,,,,,,True,,,
112625668,https://www.idealista.com/inmueble/112625668/,sale,Córdoba,Córdoba,37.8897058,-4.7727857,True,es,Córdoba,Centro - Casco Histórico,Casco Histórico - Ollerías - Marrubial,,119000.0,flat,flat,55.0,,,1,1,,False,,False,,,,,good,False,,,,,,,,,,,,,False,,bj,
111950665,https://www.idealista.com/inmueble/111950665/,sale,Córdoba,Córdoba,37.8840292,-4.7823757,True,es,Córdoba,Centro - Casco Histórico,Centro,,550000.0,flat,flat,250.0,,,5,4,,False,,False,,,,,good,True,,,,,,,,,,,,,True,,3,
112632612,https://www.idealista.com/inmueble/112632612/,sale,Córdoba,Córdoba,37.8889414,-4.7644465,True,es,Córdoba,Levante - Lepanto - Fátima,La Viñuela,,179000.0,penthouse,penthouse,82.0,,,3,2,,False,,False,,,,,good,False,,,,,,,,,,,,,False,,3,
112073596,https://www.idealista.com/inmueble/112073596/,sale,Córdoba,Córdoba,37.8651372,-4.7702428,True,es,Córdoba,Campo de la Verdad,Campo de la Verdad,,117900.0,chalet,independantHouse,73.0,,,3,1,,False,,False,,,,,good,,,,,,,,,,,,,,False,,,
111895592,https://www.idealista.com/inmueble/111895592/,sale,Córdoba,Córdoba,37.8996587,-4.8099179,True,es,Córdoba,Noreña - Figueroa,Tablero,,300000.0,chalet,terracedHouse,140.0,,,4,3,,False,,False,,,,,good,,,,,,,,,,,,,,True,,,
112534549,https://www.idealista.com/inmueble/112534549/,sale,Córdoba,Córdoba,37.8924846,-4.75537,True,es,Córdoba,Levante - Lepanto - Fátima,La Viñuela,,133900.0,flat,flat,75.0,,,1,1,,False,,False,,,,,good,True,,,,,,,,,,,,,False,,bj,
111918524,https://www.idealista.com/inmueble/111918524/,sale,Córdoba,Córdoba,37.8997216,-4.7781691,True,es,Córdoba,Santa Rosa - Valdeolleros,Valdeolleros - Zumbacón - Camping,,139900.0,flat,flat,67.0,,,3,1,,False,,False,,,,,good,False,,,,,,,,,,,,,False,,3,
111919483,https://www.idealista.com/inmueble/111919483/,sale,Córdoba,Córdoba,37.8971393,-4.7800472,True,es,Córdoba,Santa Rosa - Valdeolleros,Valdeolleros - Zumbacón - Camping,,139900.0,flat,flat,67.0,,,3,1,,False,,False,,,,,good,False,,,,,,,,,,,,,False,,3,
112319342,https://www.idealista.com/inmueble/112319342/,sale,Córdoba,Córdoba,37.8942761,-4.7924301,True,es,Córdoba,Noreña - Figueroa,Carretera Trassierra - Colonia de la Paz,,93000.0,flat,flat,65.0,,,3,1,,False,,False,,,,,renew,True,,,,,,,,,,,,,False,,1,
112652330,https://www.idealista.com/inmueble/112652330/,sale,Córdoba,Córdoba,37.887627,-4.7652462,True,es,Córdoba,Levante - Lepanto - Fátima,La Viñuela,,236000.0,flat,flat,104.0,,,4,2,,False,,False,,,,,good,True,,,,,,,,,,,,,True,,2,
111536327,https://www.idealista.com/inmueble/111536327/,sale,Córdoba,Córdoba,37.894057,-4.7593495,True,es,Córdoba,Levante - Lepanto - Fátima,La Viñuela,,199000.0,flat,flat,78.0,,,3,2,,False,,False,,,,,good,True,,,,,,,,,,,,,False,,2,
112201313,https://www.idealista.com/inmueble/112201313/,sale,Córdoba,Córdoba,37.8980095,-4.7785033,True,es,Córdoba,Santa Rosa - Valdeolleros,Valdeolleros - Zumbacón - Camping,,114400.0,flat,flat,65.0,,,2,1,,False,,False,,,,,good,False,,,,,,,,,,,,,False,,2,
111991291,https://www.idealista.com/inmueble/111991291/,sale,Córdoba,Córdoba,37.8946208,-4.7868619,False,es,Córdoba,Santa Rosa - Valdeolleros,Huerta de la Reina,,365000.0,chalet,semidetachedHouse,125.0,,,4,2,,False,,False,,,,,good,,,,,,,,,,,,,,True,,,
111923281,https://www.idealista.com/inmueble/111923281/,sale,Córdoba,Córdoba,37.8980827,-4.7803469,True,es,Córdoba,Santa Rosa - Valdeolleros,Valdeolleros - Zumbacón - Camping,,139900.0,flat,flat,67.0,,,3,1,,False,,False,,,,,good,False,,,,,,,,,,,,,False,,3,
112687267,https://www.idealista.com/inmueble/112687267/,sale,Córdoba,Córdoba,37.8916895,-4.7595022,False,es,Córdoba,Levante - Lepanto - Fátima,La Viñuela,,118900.0,flat,flat,75.0,,,3,1,,False,,False,,,,,good,False,,,,,,,,,,,,,False,,3,
108644251,https://www.idealista.com/inmueble/108644251/,sale,Córdoba,Córdoba,37.8887303,-4.7799235,False,es,Córdoba,Centro - Casco Histórico,Centro,,377014.0,flat,flat,241.0,,,4,3,,False,,False,,,,,good,True,,,,,,,,,,,,,False,,1,
111884176,https://www.idealista.com/inmueble/111884176/,sale,Córdoba,Córdoba,37.8971261,-4.8109551,True,es,Córdoba,Noreña - Figueroa,Tablero,,300000.0,chalet,terracedHouse,140.0,,,4,3,,False,,False,,,,,good,,,,,,,,,,,,,,True,,,
111328162,https://www.idealista.com/inmueble/111328162/,sale,Córdoba,Córdoba,37.8945627,-4.77678,True,es,Córdoba,Santa Rosa - Valdeolleros,Santa Rosa - San José,,125000.0,studio,studio,50.0,,,0,1,,False,,True,,,,,good,False,,,,,,,,,,,,,False,,bj,
107641151,https://www.idealista.com/inmueble/107641151/,sale,Córdoba,Córdoba,37.8879786,-4.7790152,True,es,Córdoba,Centro - Casco Histórico,El Vial - Ronda de Tejares,,450000.0,flat,flat,212.0,,,3,3,,False,,False,,,,,renew,True,,,,,,,,,,,,,True,,5,
111914134,https://www.idealista.com/inmueble/111914134/,sale,Córdoba,Córdoba,37.897035,-4.7790052,True,es,Córdoba,Santa Rosa - Valdeolleros,Valdeolleros - Zumbacón - Camping,,139900.0,flat,flat,67.0,,,3,1,,False,,False,,,,,good,False,,,,,,,,,,,,,False,,3,
112469107,https://www.idealista.com/inmueble/112469107/,sale,Córdoba,Córdoba,37.8797786,-4.7682987,True,es,Córdoba,Fuensanta - Zona Arcángel,Fuensanta - Arcángel - Santuario,,139000.0,flat,flat,78.0,,,2,1,,False,,False,,,,,good,False,,,,,,,,,,,,,False,,1,
112677060,https://www.idealista.com/inmueble/112677060/,sale,Córdoba,Córdoba,37.8628047,-4.7768069,True,es,Córdoba,Sector sur - Santa Cruz,Sector sur - Santa Cruz,,55900.0,flat,flat,57.0,,,3,1,,False,,False,,,,,good,True,,,,,,,,,,,,,False,,1,
112395011,https://www.idealista.com/inmueble/112395011/,sale,Córdoba,Córdoba,37.8913492,-4.776184,False,es,Córdoba,Centro - Casco Histórico,Casco Histórico - Ollerías - Marrubial,,115000.0,flat,flat,35.0,,,1,1,,False,,False,,,,,good,False,,,,,,,,,,,,,False,,bj,
112317010,https://www.idealista.com/inmueble/112317010/,sale,Córdoba,Córdoba,37.8834041,-4.7876336,True,es,Córdoba,Ciudad Jardín,Ciudad Jardín,,205000.0,flat,flat,97.0,,,2,1,,False,,False,,,,,good,True,,,,,,,,,,,,,False,,1,
112655965,https://www.idealista.com/inmueble/112655965/,sale,Córdoba,Córdoba,37.8944333,-4.7935738,True,es,Córdoba,Noreña - Figueroa,Carretera Trassierra - Colonia de la Paz,,137000.0,flat,flat,63.0,,,4,1,,False,,False,,,,,good,False,,,,,,,,,,,,,False,,,
111914948,https://www.idealista.com/inmueble/111914948/,sale,Córdoba,Córdoba,37.8963476,-4.7788307,True,es,Córdoba,Santa Rosa - Valdeolleros,Valdeolleros - Zumbacón - Camping,,139900.0,flat,flat,67.0,,,3,1,,False,,False,,,,,good,False,,,,,,,,,,,,,False,,3,
110834928,https://www.idealista.com/inmueble/110834928/,sale,Córdoba,Córdoba,37.8837337,-4.7778604,True,es,Córdoba,Centro - Casco Histórico,Centro,,199500.0,flat,flat,125.0,,,2,2,,False,,False,,,,,good,False,,,,,,,,,,,,,False,,bj,
111914888,https://www.idealista.com/inmueble/111914888/,sale,Córdoba,Córdoba,37.9000188,-4.7789868,True,es,Córdoba,Santa Rosa - Valdeolleros,Valdeolleros - Zumbacón - Camping,,139900.0,flat,flat,67.0,,,3,1,,False,,False,,,,,good,False,,,,,,,,,,,,,False,,3,
112111868,https://www.idealista.com/inmueble/112111868/,sale,Córdoba,Córdoba,37.883829,-4.7892874,True,es,Córdoba,Ciudad Jardín,Ciudad Jardín,,144900.0,flat,flat,60.0,,,2,1,,False,,False,,,,,good,False,,,,,,,,,,,,,False,,3,
111691847,https://www.idealista.com/inmueble/111691847/,sale,Córdoba,Córdoba,37.8744977,-4.7928062,True,es,Córdoba,Zoco - Poniente - Vistalegre,Vistalegre - Parque Cruz - Universidades,,360000.0,flat,flat,184.0,,,5,2,,False,,False,,,,,good,True,,,,,,,,,,,,,True,,1,
111923766,https://www.idealista.com/inmueble/111923766/,sale,Córdoba,Córdoba,37.8969938,-4.7776276,True,es,Córdoba,Santa Rosa - Valdeolleros,Valdeolleros - Zumbacón - Camping,,139900.0,flat,flat,67.0,,,3,1,,False,,False,,,,,good,False,,,,,,,,,,,,,False,,3,
110982730,https://www.idealista.com/inmueble/110982730/,sale,Córdoba,Córdoba,37.8875981,-4.8081705,True,es,Córdoba,Noreña - Figueroa,Noreña - Turruñuelos,,315000.0,flat,flat,111.0,,,3,2,,False,,False,,,,,good,True,,,,,,,,,,,,,True,,5,
112679707,https://www.idealista.com/inmueble/112679707/,sale,Córdoba,Córdoba,37.8899059,-4.7635058,True,es,Córdoba,Levante - Lepanto - Fátima,La Viñuela,,149900.0,penthouse,penthouse,69.0,,,3,1,,False,,False,,,,,good,False,,,,,,,,,,,,,False,,4,
108419702,https://www.idealista.com/inmueble/108419702/,sale,Córdoba,Córdoba,37.8947698,-4.8128785,True,es,Córdoba,Noreña - Figueroa,Noreña - Turruñuelos,,675000.0,chalet,independantHouse,400.0,,,5,4,,False,,False,,,,,good,,,,,,,,,,,,,,True,,,
108688656,https://www.idealista.com/inmueble/108688656/,sale,Córdoba,Córdoba,37.8863482,-4.7819528,True,es,Córdoba,Centro - Casco Histórico,Centro,,498000.0,flat,flat,300.0,,,7,0,,False,,False,,,,,renew,True,,,,,,,,,,,,,False,,2,
111320617,https://www.idealista.com/inmueble/111320617/,sale,Córdoba,Córdoba,37.8895597,-4.7735273,True,es,Córdoba,Centro - Casco Histórico,Casco Histórico - Ollerías - Marrubial,,239000.0,chalet,independantHouse,181.0,,,3,1,,False,,False,,,,,good,,,,,,,,,,,,,,True,,,
109074553,https://www.idealista.com/inmueble/109074553/,sale,Córdoba,Córdoba,37.9176705,-4.793662,True,es,Córdoba,Brillante - Trassierra - Naranjo,Brillante,,900000.0,chalet,independantHouse,648.0,,,6,6,,False,,False,,,,,good,,,,,,,,,,,,,,True,,,
103647539,https://www.idealista.com/inmueble/103647539/,sale,Córdoba,Córdoba,37.8813016,-4.8019665,True,es,Córdoba,Zoco - Poniente - Vistalegre,Zoco - Poniente,,349000.0,flat,flat,130.0,,,2,2,,False,,False,,,,,good,True,,,,,,,,,,,,,True,,3,
112540525,https://www.idealista.com/inmueble/112540525/,sale,Córdoba,Córdoba,37.909741,-4.7819048,False,es,Córdoba,Brillante - Trassierra - Naranjo,Naranjo - Mirabueno,,155000.0,duplex,duplex,100.0,,,2,3,,True,,False,,,,,good,False,,,,,,,,,,,,,False,,bj,
112064506,https://www.idealista.com/inmueble/112064506/,sale,Córdoba,Córdoba,37.8883982,-4.7740404,True,es,Córdoba,Centro - Casco Histórico,Casco Histórico - Ollerías - Marrubial,,325000.0,chalet,independantHouse,118.0,,,4,2,,False,,False,,,,,good,,,,,,,,,,,,,,False,,,
107411494,https://www.idealista.com/inmueble/107411494/,sale,Córdoba,Córdoba,37.8916734,-4.7619699,True,es,Córdoba,Levante - Lepanto - Fátima,La Viñuela,,157000.0,flat,flat,83.0,,,3,2,,False,,False,,,,,good,False,,,,,,,,,,,,,False,,1,
88730464,https://www.idealista.com/inmueble/88730464/,sale,Córdoba,Córdoba,37.8873778,-4.7843691,True,es,Córdoba,Centro - Casco Histórico,Centro,,495000.0,flat,flat,300.0,,,5,4,,False,,False,,,,,good,True,,,,,,,,,,,,,True,,4,
112652443,https://www.idealista.com/inmueble/112652443/,sale,Córdoba,Córdoba,37.8800473,-4.7760453,True,es,Córdoba,Centro - Casco Histórico,Casco Histórico - Corredera - Ribera,,220000.0,flat,flat,123.0,,,4,2,,False,,False,,,,,good,False,,,,,,,,,,,,,False,,1,
107207413,https://www.idealista.com/inmueble/107207413/,sale,Córdoba,Córdoba,37.8845275,-4.7901024,True,es,Córdoba,Ciudad Jardín,Ciudad Jardín,,204990.0,flat,flat,85.0,,,4,2,,False,,False,,,,,good,True,,,,,,,,,,,,,False,,2,
111213349,https://www.idealista.com/inmueble/111213349/,sale,Córdoba,Córdoba,37.8903014,-4.7485206,True,es,Córdoba,Fuensanta - Zona Arcángel,Cañero - Fidiana,,324900.0,chalet,independantHouse,180.0,,,5,2,,False,,False,,,,,good,,,,,,,,,,,,,,False,,,
111328305,https://www.idealista.com/inmueble/111328305/,sale,Córdoba,Córdoba,37.8895895,-4.7643319,True,es,Córdoba,Levante - Lepanto - Fátima,La Viñuela,,149900.0,penthouse,penthouse,80.0,,,3,1,,False,,False,,,,,good,False,,,,,,,,,,,,,False,,4,
111762297,https://www.idealista.com/inmueble/111762297/,sale,Córdoba,Córdoba,37.8810188,-4.7766589,True,es,Córdoba,Centro - Casco Histórico,Judería - San Basilio,,350000.0,chalet,independantHouse,140.0,,,3,2,,False,,False,,,,,renew,,,,,,,,,,,,,,False,,,
112610240,https://www.idealista.com/inmueble/112610240/,sale,Córdoba,Córdoba,37.868925,-4.779769,False,es,Córdoba,Sector sur - Santa Cruz,Sector sur - Santa Cruz,,134900.0,flat,flat,99.0,,,3,1,,False,,False,,,,,good,True,,,,,,,,,,,,,False,,5,
112655213,https://www.idealista.com/inmueble/112655213/,sale,Córdoba,Córdoba,37.8723583,-4.7776531,True,es,Córdoba,Sector sur - Santa Cruz,Sector sur - Santa Cruz,,199000.0,flat,flat,110.0,,,4,1,,False,,False,,,,,good,True,,,,,,,,,,,,,False,,4,
111180198,https://www.idealista.com/inmueble/111180198/,sale,Córdoba,Córdoba,37.9209469,-4.7955739,True,es,Córdoba,Brillante - Trassierra - Naranjo,Brillante,,285000.0,chalet,terracedHouse,287.0,,,3,3,,False,,False,,,,,good,,,,,,,,,,,,,,True,,,
111636189,https://www.idealista.com/inmueble/111636189/,sale,Córdoba,Córdoba,37.8717091,-4.7752695,True,es,Córdoba,Campo de la Verdad,Campo de la Verdad,,139000.0,chalet,independantHouse,65.0,,,2,1,,False,,False,,,,,renew,,,,,,,,,,,,,,False,,,
112575187,https://www.idealista.com/inmueble/112575187/,sale,Córdoba,Córdoba,37.8973124,-4.7936367,True,es,Córdoba,Noreña - Figueroa,Tablero,,335000.0,flat,flat,112.0,,,3,2,,False,,False,,,,,good,True,,,,,,,,,,,,,True,,2,
111716140,https://www.idealista.com/inmueble/111716140/,sale,Córdoba,Córdoba,37.8862566,-4.7760862,True,es,Córdoba,Centro - Casco Histórico,Centro,,199500.0,flat,flat,125.0,,,2,2,,False,,False,,,,,good,False,,,,,,,,,,,,,False,,bj,
109069122,https://www.idealista.com/inmueble/109069122/,sale,Córdoba,Córdoba,37.9182977,-4.7921265,True,es,Córdoba,Brillante - Trassierra - Naranjo,Brillante,,900000.0,chalet,independantHouse,648.0,,,6,6,,False,,False,,,,,good,,,,,,,,,,,,,,True,,,
111121112,https://www.idealista.com/inmueble/111121112/,sale,Córdoba,Córdoba,37.8849826,-4.788959,True,es,Córdoba,Ciudad Jardín,Ciudad Jardín,,224900.0,flat,flat,125.0,,,4,2,,False,,False,,,,,good,True,,,,,,,,,,,,,False,,3,
111316076,https://www.idealista.com/inmueble/111316076/,sale,Córdoba,Córdoba,37.8898622,-4.7733891,True,es,Córdoba,Centro - Casco Histórico,Casco Histórico - Ollerías - Marrubial,,239000.0,chalet,independantHouse,181.0,,,3,1,,False,,False,,,,,good,,,,,,,,,,,,,,True,,,
112339068,https://www.idealista.com/inmueble/112339068/,sale,Córdoba,Córdoba,37.8623972,-4.7713335,True,es,Córdoba,Campo de la Verdad,Campo de la Verdad,,117900.0,chalet,independantHouse,73.0,,,3,1,,False,,False,,,,,good,,,,,,,,,,,,,,False,,,
112434065,https://www.idealista.com/inmueble/112434065/,sale,Córdoba,Córdoba,37.8806327,-4.7682708,False,es,Córdoba,Fuensanta - Zona Arcángel,Fuensanta - Arcángel - Santuario,,125000.0,flat,flat,45.0,,,1,1,,False,,False,,,,,good,False,,,,,,,,,,,,,False,,bj,
112635046,https://www.idealista.com/inmueble/112635046/,sale,Córdoba,Córdoba,37.8887,-4.7634475,True,es,Córdoba,Levante - Lepanto - Fátima,La Viñuela,,180000.0,flat,flat,97.0,,,3,1,,False,,False,,,,,good,True,,,,,,,,,,,,,False,,5,
111406038,https://www.idealista.com/inmueble/111406038/,sale,Córdoba,Córdoba,37.8955894,-4.7741059,True,es,Córdoba,Santa Rosa - Valdeolleros,Valdeolleros - Zumbacón - Camping,,169000.0,flat,flat,103.0,,,4,1,,False,,False,,,,,good,True,,,,,,,,,,,,,False,,1,
112163022,https://www.idealista.com/inmueble/112163022/,sale,Córdoba,Córdoba,37.8905991,-4.7616219,True,es,Córdoba,Levante - Lepanto - Fátima,La Viñuela,,153500.0,flat,flat,114.0,,,3,1,,False,,False,,,,,good,False,,,,,,,,,,,,,False,,1,
111383028,https://www.idealista.com/inmueble/111383028/,sale,Córdoba,Córdoba,37.8727402,-4.7773134,False,es,Córdoba,Sector sur - Santa Cruz,Sector sur - Santa Cruz,,106000.0,flat,flat,77.0,,,3,1,,False,,False,,,,,good,False,,,,,,,,,,,,,False,,bj,
112024020,https://www.idealista.com/inmueble/112024020/,sale,Córdoba,Córdoba,37.8882958,-4.7734238,True,es,Córdoba,Centro - Casco Histórico,Casco Histórico - Ollerías - Marrubial,,210000.0,flat,flat,57.0,,,2,1,,False,,False,,,,,good,False,,,,,,,,,,,,,True,,1,
112672006,https://www.idealista.com/inmueble/112672006/,sale,Córdoba,Córdoba,37.8847529,-4.7605977,True,es,Córdoba,Fuensanta - Zona Arcángel,Fuensanta - Arcángel - Santuario,,170000.0,flat,flat,70.0,,,3,1,,False,,False,,,,,good,True,,,,,,,,,,,,,False,,5,
112410949,https://www.idealista.com/inmueble/112410949/,sale,Córdoba,Córdoba,37.8983215,-4.8112889,True,es,Córdoba,Noreña - Figueroa,Tablero,,300000.0,chalet,terracedHouse,140.0,,,4,3,,False,,False,,,,,good,,,,,,,,,,,,,,True,,,
111987935,https://www.idealista.com/inmueble/111987935/,sale,Córdoba,Córdoba,37.8892328,-4.7531454,True,es,Córdoba,Fuensanta - Zona Arcángel,Cañero - Fidiana,,154000.0,chalet,independantHouse,97.0,,,3,1,,False,,False,,,,,renew,,,,,,,,,,,,,,False,,,
111499926,https://www.idealista.com/inmueble/111499926/,sale,Córdoba,Córdoba,37.8864486,-4.7719562,True,es,Córdoba,Centro - Casco Histórico,Casco Histórico - Corredera - Ribera,,385000.0,chalet,independantHouse,223.0,,,5,3,,False,,False,,,,,good,,,,,,,,,,,,,,True,,,
109958907,https://www.idealista.com/inmueble/109958907/,sale,Córdoba,Córdoba,37.8943109,-4.7637424,True,es,Córdoba,Levante - Lepanto - Fátima,Levante,,99850.0,studio,studio,65.0,,,0,1,,False,,True,,,,,good,False,,,,,,,,,,,,,False,,,
111131877,https://www.idealista.com/inmueble/111131877/,sale,Córdoba,Córdoba,37.8810051,-4.792034,True,es,Córdoba,Ciudad Jardín,Ciudad Jardín,,193000.0,flat,flat,100.0,,,3,1,,False,,False,,,,,good,True,,,,,,,,,,,,,False,,1,
112183840,https://www.idealista.com/inmueble/112183840/,sale,Córdoba,Córdoba,37.8920786,-4.7668438,True,es,Córdoba,Centro - Casco Histórico,Casco Histórico - Ollerías - Marrubial,,145500.0,flat,flat,69.0,,,2,1,,False,,False,,,,,good,False,,,,,,,,,,,,,False,,1,
108517808,https://www.idealista.com/inmueble/108517808/,sale,Córdoba,Córdoba,37.8797613,-4.7898627,True,es,Córdoba,Ciudad Jardín,Ciudad Jardín,,97900.0,studio,studio,39.0,,,0,1,,False,,True,,,,,good,False,,,,,,,,,,,,,False,,,
110586803,https://www.idealista.com/inmueble/110586803/,sale,Córdoba,Córdoba,37.8643669,-4.7741228,True,es,Córdoba,Campo de la Verdad,Campo de la Verdad,,43000.0,chalet,terracedHouse,47.0,,,2,1,,False,,False,,,,,renew,,,,,,,,,,,,,,False,,,
111201758,https://www.idealista.com/inmueble/111201758/,sale,Córdoba,Córdoba,37.8800953,-4.7804548,True,es,Córdoba,Centro - Casco Histórico,Judería - San Basilio,,320000.0,flat,flat,150.0,,,8,8,,False,,False,,,,,renew,False,,,,,,,,,,,,,False,,1,
111630739,https://www.idealista.com/inmueble/111630739/,sale,Córdoba,Córdoba,37.8886975,-4.8072976,True,es,Córdoba,Noreña - Figueroa,Noreña - Turruñuelos,,315000.0,flat,flat,111.0,,,3,2,,False,,False,,,,,good,True,,,,,,,,,,,,,True,,5,
111274700,https://www.idealista.com/inmueble/111274700/,sale,Córdoba,Córdoba,37.9088108,-4.7791563,True,es,Córdoba,Brillante - Trassierra - Naranjo,Naranjo - Mirabueno,,157000.0,flat,flat,105.0,,,3,2,,False,,False,,,,,good,False,,,,,,,,,,,,,False,,bj,
111428700,https://www.idealista.com/inmueble/111428700/,sale,Córdoba,Córdoba,37.8976583,-4.7734359,False,es,Córdoba,Santa Rosa - Valdeolleros,Valdeolleros - Zumbacón - Camping,,117000.0,flat,flat,52.0,,,1,1,,False,,False,,,,,good,False,,,,,,,,,,,,,False,,bj,
112069657,https://www.idealista.com/inmueble/112069657/,sale,Córdoba,Córdoba,37.8808348,-4.7913363,True,es,Córdoba,Ciudad Jardín,Ciudad Jardín,,229990.0,flat,flat,100.0,,,3,2,,False,,False,,,,,good,True,,,,,,,,,,,,,False,,2,
112577618,https://www.idealista.com/inmueble/112577618/,sale,Córdoba,Córdoba,37.8947188,-4.7676583,True,es,Córdoba,Santa Rosa - Valdeolleros,Valdeolleros - Zumbacón - Camping,,122000.0,flat,flat,45.0,,,1,1,,False,,False,,,,,good,False,,,,,,,,,,,,,False,,bj,
112072617,https://www.idealista.com/inmueble/112072617/,sale,Córdoba,Córdoba,37.9189495,-4.7975693,True,es,Córdoba,Brillante - Trassierra - Naranjo,Brillante,,450000.0,chalet,terracedHouse,200.0,,,4,5,,False,,False,,,,,good,,,,,,,,,,,,,,False,,,
110793597,https://www.idealista.com/inmueble/110793597/,sale,Córdoba,Córdoba,37.8914422,-4.7635132,False,es,Córdoba,Levante - Lepanto - Fátima,La Viñuela,,96000.0,flat,flat,67.0,,,2,1,,False,,False,,,,,renew,False,,,,,,,,,,,,,False,,4,
109628586,https://www.idealista.com/inmueble/109628586/,sale,Córdoba,Córdoba,37.8836647,-4.7801076,True,es,Córdoba,Centro - Casco Histórico,Centro,,550000.0,chalet,independantHouse,365.0,,,7,3,,False,,False,,,,,good,,,,,,,,,,,,,,False,,,
112050546,https://www.idealista.com/inmueble/112050546/,sale,Córdoba,Córdoba,37.872907,-4.7755898,True,es,Córdoba,Sector sur - Santa Cruz,Sector sur - Santa Cruz,,159000.0,flat,flat,74.0,,,3,1,,False,,False,,,,,good,False,,,,,,,,,,,,,False,,2,
111542536,https://www.idealista.com/inmueble/111542536/,sale,Córdoba,Córdoba,37.8955115,-4.7989276,True,es,Córdoba,Noreña - Figueroa,Tablero,,410000.0,flat,flat,137.0,,,3,2,,False,,False,,,,,good,True,,,,,,,,,,,,,True,,,
109993518,https://www.idealista.com/inmueble/109993518/,sale,Córdoba,Córdoba,37.9024261,-4.7908918,True,es,Córdoba,Brillante - Trassierra - Naranjo,Brillante,,1200000.0,chalet,independantHouse,650.0,,,5,5,,False,,False,,,,,good,,,,,,,,,,,,,,True,,,
112638505,https://www.idealista.com/inmueble/112638505/,sale,Córdoba,Córdoba,37.8808825,-4.7805666,True,es,Córdoba,Centro - Casco Histórico,Judería - San Basilio,,172900.0,flat,flat,90.0,,,3,1,,False,,False,,,,,good,False,,,,,,,,,,,,,True,,2,
112577497,https://www.idealista.com/inmueble/112577497/,sale,Córdoba,Córdoba,37.8965554,-4.7694847,True,es,Córdoba,Santa Rosa - Valdeolleros,Valdeolleros - Zumbacón - Camping,,139000.0,flat,flat,58.0,,,2,1,,False,,False,,,,,good,False,,,,,,,,,,,,,False,,bj,
112354459,https://www.idealista.com/inmueble/112354459/,sale,Córdoba,Córdoba,37.8928924,-4.7938169,True,es,Córdoba,Noreña - Figueroa,Carretera Trassierra - Colonia de la Paz,,167000.0,flat,flat,86.0,,,3,1,,False,,False,,,,,good,True,,,,,,,,,,,,,False,,1,
111446438,https://www.idealista.com/inmueble/111446438/,sale,Córdoba,Córdoba,37.8791683,-4.7804269,True,es,Córdoba,Centro - Casco Histórico,Judería - San Basilio,,320000.0,flat,flat,150.0,,,8,8,,False,,False,,,,,renew,False,,,,,,,,,,,,,False,,1,
110548442,https://www.idealista.com/inmueble/110548442/,sale,Córdoba,Córdoba,37.9081008,-4.778763,True,es,Córdoba,Brillante - Trassierra - Naranjo,Naranjo - Mirabueno,,245000.0,chalet,independantHouse,180.0,,,3,2,,False,,False,,,,,good,,,,,,,,,,,,,,False,,,
112019430,https://www.idealista.com/inmueble/112019430/,sale,Córdoba,Córdoba,37.9212346,-4.7894837,True,es,Córdoba,Brillante - Trassierra - Naranjo,Brillante,,587000.0,countryHouse,casale,6000.0,,,5,3,,False,,False,,,,,good,,,,,,,,,,,,,,True,,,
111884410,https://www.idealista.com/inmueble/111884410/,sale,Córdoba,Córdoba,37.897819,-4.808348,True,es,Córdoba,Noreña - Figueroa,Tablero,,300000.0,chalet,terracedHouse,140.0,,,4,3,,False,,False,,,,,good,,,,,,,,,,,,,,True,,,
111326400,https://www.idealista.com/inmueble/111326400/,sale,Córdoba,Córdoba,37.8858076,-4.8068715,True,es,Córdoba,Noreña - Figueroa,Noreña - Turruñuelos,,315000.0,flat,flat,111.0,,,3,2,,False,,False,,,,,good,True,,,,,,,,,,,,,True,,5,
112384368,https://www.idealista.com/inmueble/112384368/,sale,Córdoba,Córdoba,37.8806934,-4.7743989,True,es,Córdoba,Centro - Casco Histórico,Casco Histórico - Corredera - Ribera,,117900.0,flat,flat,43.0,,,1,1,,False,,False,,,,,good,False,,,,,,,,,,,,,False,,bj,
112018360,https://www.idealista.com/inmueble/112018360/,sale,Córdoba,Córdoba,37.8827607,-4.7740153,True,es,Córdoba,Centro - Casco Histórico,Casco Histórico - Corredera - Ribera,,117900.0,flat,flat,42.0,,,1,1,,False,,False,,,,,good,False,,,,,,,,,,,,,False,,bj,
112450338,https://www.idealista.com/inmueble/112450338/,sale,Córdoba,Córdoba,37.8963328,-4.8078532,False,es,Córdoba,Noreña - Figueroa,Tablero,,340000.0,chalet,terracedHouse,189.0,,,4,3,,False,,False,,,,,good,,,,,,,,,,,,,,True,,,
108725320,https://www.idealista.com/inmueble/108725320/,sale,Córdoba,Córdoba,37.8646034,-4.7716102,True,es,Córdoba,Campo de la Verdad,Campo de la Verdad,,69000.0,chalet,semidetachedHouse,71.0,,,3,1,,False,,False,,,,,good,,,,,,,,,,,,,,False,,,
112338312,https://www.idealista.com/inmueble/112338312/,sale,Córdoba,Córdoba,37.8647428,-4.7719682,True,es,Córdoba,Campo de la Verdad,Campo de la Verdad,,117900.0,chalet,independantHouse,73.0,,,3,1,,False,,False,,,,,good,,,,,,,,,,,,,,False,,,
110715260,https://www.idealista.com/inmueble/110715260/,sale,Córdoba,Córdoba,37.8918005,-4.7619303,True,es,Córdoba,Levante - Lepanto - Fátima,La Viñuela,,153500.0,flat,flat,114.0,,,3,1,,False,,False,,,,,good,False,,,,,,,,,,,,,False,,1,
112581238,https://www.idealista.com/inmueble/112581238/,sale,Córdoba,Córdoba,37.8875855,-4.7774893,True,es,Córdoba,Centro - Casco Histórico,Centro,,400000.0,flat,flat,200.0,,,6,3,,False,,False,,,,,renew,True,,,,,,,,,,,,,True,,4,
112366243,https://www.idealista.com/inmueble/112366243/,sale,Córdoba,Córdoba,37.8878565,-4.7836242,True,es,Córdoba,Centro - Casco Histórico,El Vial - Ronda de Tejares,,210000.0,flat,flat,115.0,,,3,2,,False,,False,,,,,good,True,,,,,,,,,,,,,False,,7,
110017243,https://www.idealista.com/inmueble/110017243/,sale,Córdoba,Córdoba,37.891789,-4.7759749,True,es,Córdoba,Centro - Casco Histórico,Casco Histórico - Ollerías - Marrubial,,256000.0,flat,flat,97.0,,,4,1,,False,,False,,,,,good,False,,,,,,,,,,,,,True,,2,
107029235,https://www.idealista.com/inmueble/107029235/,sale,Córdoba,Córdoba,37.9087399,-4.7803334,True,es,Córdoba,Brillante - Trassierra - Naranjo,Naranjo - Mirabueno,,500000.0,chalet,independantHouse,162.0,,,4,2,,False,,False,,,,,good,,,,,,,,,,,,,,True,,,
111938186,https://www.idealista.com/inmueble/111938186/,sale,Córdoba,Córdoba,37.9254215,-4.7917603,True,es,Córdoba,Brillante - Trassierra - Naranjo,Brillante,,655000.0,chalet,independantHouse,489.0,,,5,5,,False,,False,,,,,good,,,,,,,,,,,,,,True,,,
111692155,https://www.idealista.com/inmueble/111692155/,sale,Córdoba,Córdoba,37.8765822,-4.7916115,True,es,Córdoba,Zoco - Poniente - Vistalegre,Vistalegre - Parque Cruz - Universidades,,360000.0,flat,flat,184.0,,,5,2,,False,,False,,,,,good,True,,,,,,,,,,,,,True,,1,
102004081,https://www.idealista.com/inmueble/102004081/,sale,Córdoba,Córdoba,37.8673241,-4.7730153,True,es,Córdoba,Campo de la Verdad,Campo de la Verdad,,9600.0,chalet,chalet,42.0,,,2,1,,False,,False,,,,,good,,,,,,,,,,,,,,False,,,
111961049,https://www.idealista.com/inmueble/111961049/,sale,Córdoba,Córdoba,37.8878123,-4.7855933,True,es,Córdoba,Centro - Casco Histórico,Centro,,240000.0,flat,flat,120.0,,,3,2,,False,,False,,,,,good,True,,,,,,,,,,,,,False,,2,
111932038,https://www.idealista.com/inmueble/111932038/,sale,Córdoba,Córdoba,37.8921185,-4.7586286,False,es,Córdoba,Levante - Lepanto - Fátima,La Viñuela,,149000.0,flat,flat,113.0,,,4,1,,False,,False,,,,,renew,False,,,,,,,,,,,,,False,,1,
112548029,https://www.idealista.com/inmueble/112548029/,sale,Córdoba,Córdoba,37.8928342,-4.7822494,True,es,Córdoba,Centro - Casco Histórico,El Vial - Ronda de Tejares,,240000.0,flat,flat,72.0,,,1,1,,False,,False,,,,,good,True,,,,,,,,,,,,,False,,4,
111203009,https://www.idealista.com/inmueble/111203009/,sale,Córdoba,Córdoba,37.8783659,-4.7823578,True,es,Córdoba,Centro - Casco Histórico,Judería - San Basilio,,320000.0,flat,flat,150.0,,,8,8,,False,,False,,,,,renew,False,,,,,,,,,,,,,False,,1,
110903972,https://www.idealista.com/inmueble/110903972/,sale,Córdoba,Córdoba,37.88712,-4.7801834,True,es,Córdoba,Centro - Casco Histórico,Centro,,225000.0,flat,flat,76.0,,,2,1,,False,,False,,,,,good,False,,,,,,,,,,,,,False,,bj,
112359932,https://www.idealista.com/inmueble/112359932/,sale,Córdoba,Córdoba,37.8851877,-4.7841754,True,es,Córdoba,Centro - Casco Histórico,Centro,,215000.0,flat,flat,65.0,,,1,1,,False,,False,,,,,good,True,,,,,,,,,,,,,True,,4,
111691903,https://www.idealista.com/inmueble/111691903/,sale,Córdoba,Córdoba,37.879442,-4.780389,True,es,Córdoba,Centro - Casco Histórico,Judería - San Basilio,,320000.0,flat,flat,150.0,,,8,8,,False,,False,,,,,renew,False,,,,,,,,,,,,,False,,1,
111528899,https://www.idealista.com/inmueble/111528899/,sale,Córdoba,Córdoba,37.8743525,-4.7923383,True,es,Córdoba,Zoco - Poniente - Vistalegre,Vistalegre - Parque Cruz - Universidades,,360000.0,flat,flat,184.0,,,5,2,,False,,False,,,,,good,True,,,,,,,,,,,,,True,,1,
111310886,https://www.idealista.com/inmueble/111310886/,sale,Córdoba,Córdoba,37.8859462,-4.7892198,True,es,Córdoba,Centro - Casco Histórico,Cercadilla - Medina Azahara,,368000.0,flat,flat,129.0,,,3,2,,False,,False,,,,,good,True,,,,,,,,,,,,,True,,6,
112146883,https://www.idealista.com/inmueble/112146883/,sale,Córdoba,Córdoba,37.8887872,-4.7607425,True,es,Córdoba,Levante - Lepanto - Fátima,La Viñuela,,153500.0,flat,flat,114.0,,,3,1,,False,,False,,,,,good,False,,,,,,,,,,,,,False,,1,
111527843,https://www.idealista.com/inmueble/111527843/,sale,Córdoba,Córdoba,37.8743741,-4.7911544,True,es,Córdoba,Zoco - Poniente - Vistalegre,Vistalegre - Parque Cruz - Universidades,,360000.0,flat,flat,184.0,,,5,2,,False,,False,,,,,good,True,,,,,,,,,,,,,True,,1,
112124776,https://www.idealista.com/inmueble/112124776/,sale,Córdoba,Córdoba,37.8856695,-4.7771828,True,es,Córdoba,Centro - Casco Histórico,Centro,,490000.0,chalet,independantHouse,186.0,,,3,2,,False,,False,,,,,good,,,,,,,,,,,,,,True,,,
111907767,https://www.idealista.com/inmueble/111907767/,sale,Córdoba,Córdoba,37.8935559,-4.7820434,True,es,Córdoba,Santa Rosa - Valdeolleros,Santa Rosa - San José,,150000.0,flat,flat,90.0,,,4,1,,False,,False,,,,,good,False,,,,,,,,,,,,,False,,3,
112663756,https://www.idealista.com/inmueble/112663756/,sale,Córdoba,Córdoba,37.8757033,-4.7980137,True,es,Córdoba,Zoco - Poniente - Vistalegre,Vistalegre - Parque Cruz - Universidades,,200000.0,flat,flat,110.0,,,4,2,,False,,False,,,,,good,True,,,,,,,,,,,,,False,,5,
112301744,https://www.idealista.com/inmueble/112301744/,sale,Córdoba,Córdoba,37.8918756,-4.7689458,True,es,Córdoba,Centro - Casco Histórico,Casco Histórico - Ollerías - Marrubial,,145500.0,flat,flat,69.0,,,2,1,,False,,False,,,,,good,False,,,,,,,,,,,,,False,,1,
112026745,https://www.idealista.com/inmueble/112026745/,sale,Córdoba,Córdoba,37.9089967,-4.7806646,True,es,Córdoba,Brillante - Trassierra - Naranjo,Naranjo - Mirabueno,,155900.0,flat,flat,102.0,,,3,3,,False,,False,,,,,good,False,,,,,,,,,,,,,False,,1,
111273743,https://www.idealista.com/inmueble/111273743/,sale,Córdoba,Córdoba,37.8815226,-4.7719841,False,es,Córdoba,Centro - Casco Histórico,Casco Histórico - Corredera - Ribera,,250000.0,chalet,independantHouse,250.0,,,3,2,,False,,False,,,,,renew,,,,,,,,,,,,,,False,,,
111886729,https://www.idealista.com/inmueble/111886729/,sale,Córdoba,Córdoba,37.8956596,-4.7779535,True,es,Córdoba,Santa Rosa - Valdeolleros,Valdeolleros - Zumbacón - Camping,,150000.0,flat,flat,80.0,,,4,1,,False,,False,,,,,good,False,,,,,,,,,,,,,False,,2,
109925732,https://www.idealista.com/inmueble/109925732/,sale,Córdoba,Córdoba,37.8862713,-4.7705814,True,es,Córdoba,Centro - Casco Histórico,Casco Histórico - Corredera - Ribera,,193500.0,chalet,terracedHouse,114.0,,,3,2,,False,,False,,,,,good,,,,,,,,,,,,,,False,,,
112278695,https://www.idealista.com/inmueble/112278695/,sale,Córdoba,Córdoba,37.8812137,-4.773683,True,es,Córdoba,Centro - Casco Histórico,Casco Histórico - Corredera - Ribera,,220000.0,flat,flat,123.0,,,4,2,,False,,False,,,,,good,False,,,,,,,,,,,,,False,,1,
111284644,https://www.idealista.com/inmueble/111284644/,sale,Córdoba,Córdoba,37.8952199,-4.7738241,True,es,Córdoba,Santa Rosa - Valdeolleros,Valdeolleros - Zumbacón - Camping,,179000.0,flat,flat,103.0,,,3,1,,False,,False,,,,,good,True,,,,,,,,,,,,,False,,1,
112541627,https://www.idealista.com/inmueble/112541627/,sale,Córdoba,Córdoba,37.8634451,-4.7762834,True,es,Córdoba,Sector sur - Santa Cruz,Sector sur - Santa Cruz,,53800.0,flat,flat,54.0,,,2,1,,False,,False,,,,,good,True,,,,,,,,,,,,,False,,1,
111184603,https://www.idealista.com/inmueble/111184603/,sale,Córdoba,Córdoba,37.9181665,-4.7979694,True,es,Córdoba,Brillante - Trassierra - Naranjo,Brillante,,285000.0,chalet,terracedHouse,287.0,,,3,3,,False,,False,,,,,good,,,,,,,,,,,,,,True,,,
111374572,https://www.idealista.com/inmueble/111374572/,sale,Córdoba,Córdoba,37.883016,-4.7679922,True,es,Córdoba,Centro - Casco Histórico,Casco Histórico - Corredera - Ribera,,175000.0,flat,flat,100.0,,,2,2,,False,,False,,,,,good,False,,,,,,,,,,,,,False,,bj,
111110535,https://www.idealista.com/inmueble/111110535/,sale,Córdoba,Córdoba,37.902941,-4.8037153,False,es,Córdoba,Noreña - Figueroa,Tablero,,319000.0,flat,flat,107.0,,,2,2,,False,,False,,,,,good,True,,,,,,,,,,,,,True,,1,
87575521,https://www.idealista.com/inmueble/87575521/,sale,Córdoba,Córdoba,37.8972135,-4.7982499,False,es,Córdoba,Noreña - Figueroa,Tablero,,385000.0,flat,flat,130.0,,,3,2,,False,,False,,,,,good,True,,,,,,,,,,,,,True,,bj,
112121487,https://www.idealista.com/inmueble/112121487/,sale,Córdoba,Córdoba,37.8850702,-4.7782566,True,es,Córdoba,Centro - Casco Histórico,Centro,,490000.0,chalet,independantHouse,186.0,,,3,2,,False,,False,,,,,good,,,,,,,,,,,,,,True,,,
111243434,https://www.idealista.com/inmueble/111243434/,sale,Córdoba,Córdoba,37.8979586,-4.7535091,True,es,Córdoba,Levante - Lepanto - Fátima,Fátima - Campiñuela,,118000.0,flat,flat,82.0,,,3,1,,False,,False,,,,,renew,True,,,,,,,,,,,,,False,,2,
111337417,https://www.idealista.com/inmueble/111337417/,sale,Córdoba,Córdoba,37.8941332,-4.7595666,True,es,Córdoba,Levante - Lepanto - Fátima,La Viñuela,,205000.0,flat,flat,80.0,,,3,2,,False,,False,,,,,good,True,,,,,,,,,,,,,False,,2,
111360374,https://www.idealista.com/inmueble/111360374/,sale,Córdoba,Córdoba,37.8821002,-4.793251,True,es,Córdoba,Ciudad Jardín,Ciudad Jardín,,179000.0,flat,flat,87.0,,,3,1,,False,,False,,,,,good,True,,,,,,,,,,,,,False,,1,
112019368,https://www.idealista.com/inmueble/112019368/,sale,Córdoba,Córdoba,37.879914,-4.7728685,True,es,Córdoba,Centro - Casco Histórico,Casco Histórico - Corredera - Ribera,,117900.0,flat,flat,42.0,,,1,1,,False,,False,,,,,good,False,,,,,,,,,,,,,False,,bj,
111943257,https://www.idealista.com/inmueble/111943257/,sale,Córdoba,Córdoba,37.9237505,-4.7912774,True,es,Córdoba,Brillante - Trassierra - Naranjo,Brillante,,655000.0,chalet,independantHouse,489.0,,,5,5,,False,,False,,,,,good,,,,,,,,,,,,,,True,,,
112212210,https://www.idealista.com/inmueble/112212210/,sale,Córdoba,Córdoba,37.8927438,-4.7591363,False,es,Córdoba,Levante - Lepanto - Fátima,La Viñuela,,63900.0,flat,flat,57.0,,,2,1,,False,,False,,,,,good,,,,,,,,,,,,,,False,,,
112688198,https://www.idealista.com/inmueble/112688198/,sale,Córdoba,Córdoba,37.8900768,-4.7632724,True,es,Córdoba,Levante - Lepanto - Fátima,La Viñuela,,179000.0,penthouse,penthouse,82.0,,,3,2,,False,,False,,,,,good,False,,,,,,,,,,,,,False,,3,
111180185,https://www.idealista.com/inmueble/111180185/,sale,Córdoba,Córdoba,37.920173,-4.7980324,True,es,Córdoba,Brillante - Trassierra - Naranjo,Brillante,,285000.0,chalet,terracedHouse,287.0,,,3,3,,False,,False,,,,,good,,,,,,,,,,,,,,True,,,
112614164,https://www.idealista.com/inmueble/112614164/,sale,Córdoba,Córdoba,37.8825958,-4.7732507,True,es,Córdoba,Centro - Casco Histórico,Casco Histórico - Corredera - Ribera,,117900.0,flat,flat,43.0,,,1,1,,False,,False,,,,,good,False,,,,,,,,,,,,,False,,bj,
112023161,https://www.idealista.com/inmueble/112023161/,sale,Córdoba,Córdoba,37.9115698,-4.7808631,True,es,Córdoba,Brillante - Trassierra - Naranjo,Naranjo - Mirabueno,,156000.0,flat,flat,98.0,,,2,3,,False,,False,,,,,good,False,,,,,,,,,,,,,False,,ss,
109807137,https://www.idealista.com/inmueble/109807137/,sale,Córdoba,Córdoba,37.8911363,-4.7858747,True,es,Córdoba,Centro - Casco Histórico,El Vial - Ronda de Tejares,,250000.0,flat,flat,108.0,,,3,1,,False,,False,,,,,good,True,,,,,,,,,,,,,False,,,
112009131,https://www.idealista.com/inmueble/112009131/,sale,Córdoba,Córdoba,37.9118947,-4.8057168,True,es,Córdoba,Brillante - Trassierra - Naranjo,Brillante,,550000.0,chalet,independantHouse,210.0,,,4,3,,False,,False,,,,,renew,,,,,,,,,,,,,,False,,,
111198111,https://www.idealista.com/inmueble/111198111/,sale,Córdoba,Córdoba,37.9204366,-4.7982297,True,es,Córdoba,Brillante - Trassierra - Naranjo,Brillante,,285000.0,chalet,terracedHouse,287.0,,,3,3,,False,,False,,,,,good,,,,,,,,,,,,,,True,,,
112621094,https://www.idealista.com/inmueble/112621094/,sale,Córdoba,Córdoba,37.8958761,-4.7676895,True,es,Córdoba,Levante - Lepanto - Fátima,Levante,,129900.0,flat,flat,64.0,,,3,1,,False,,False,,,,,good,False,,,,,,,,,,,,,False,,3,
111014085,https://www.idealista.com/inmueble/111014085/,sale,Córdoba,Córdoba,37.8891095,-4.783453,True,es,Córdoba,Centro - Casco Histórico,Centro,,625000.0,flat,flat,416.0,,,8,5,,False,,False,,,,,renew,True,,,,,,,,,,,,,True,,3,
112106068,https://www.idealista.com/inmueble/112106068/,sale,Córdoba,Córdoba,37.8629403,-4.7711874,True,es,Córdoba,Campo de la Verdad,Campo de la Verdad,,93000.0,chalet,independantHouse,107.0,,,3,1,,False,,False,,,,,renew,,,,,,,,,,,,,,False,,,
111528065,https://www.idealista.com/inmueble/111528065/,sale,Córdoba,Córdoba,37.8756187,-4.7905379,True,es,Córdoba,Zoco - Poniente - Vistalegre,Vistalegre - Parque Cruz - Universidades,,360000.0,flat,flat,184.0,,,5,2,,False,,False,,,,,good,True,,,,,,,,,,,,,True,,1,
111412036,https://www.idealista.com/inmueble/111412036/,sale,Córdoba,Córdoba,37.8942593,-4.7719177,True,es,Córdoba,Santa Rosa - Valdeolleros,Valdeolleros - Zumbacón - Camping,,424800.0,penthouse,penthouse,126.0,,,4,2,,False,,False,,,,,good,True,,,,,,,,,,,,,True,,3,
112329991,https://www.idealista.com/inmueble/112329991/,sale,Córdoba,Córdoba,37.8758315,-4.7917354,True,es,Córdoba,Zoco - Poniente - Vistalegre,Vistalegre - Parque Cruz - Universidades,,499000.0,flat,flat,170.0,,,4,2,,False,,False,,,,,good,True,,,,,,,,,,,,,True,,3,
106922988,https://www.idealista.com/inmueble/106922988/,sale,Córdoba,Córdoba,37.8952954,-4.8092389,True,es,Córdoba,Noreña - Figueroa,Tablero,,340000.0,chalet,terracedHouse,175.0,,,5,3,,False,,False,,,,,good,,,,,,,,,,,,,,True,,,
111031979,https://www.idealista.com/inmueble/111031979/,sale,Córdoba,Córdoba,37.893894,-4.7628612,True,es,Córdoba,Levante - Lepanto - Fátima,Levante,,130000.0,flat,flat,79.0,,,4,1,,False,,False,,,,,good,False,,,,,,,,,,,,,False,,3,
112614968,https://www.idealista.com/inmueble/112614968/,sale,Córdoba,Córdoba,37.8850882,-4.7952469,True,es,Córdoba,Ciudad Jardín,Ciudad Jardín,,179000.0,flat,flat,86.0,,,3,1,,False,,False,,,,,good,True,,,,,,,,,,,,,False,,1,
110340961,https://www.idealista.com/inmueble/110340961/,sale,Córdoba,Córdoba,37.8855691,-4.7697169,True,es,Córdoba,Centro - Casco Histórico,Casco Histórico - Corredera - Ribera,,269900.0,duplex,duplex,151.0,,,4,2,,True,,False,,,,,good,False,,,,,,,,,,,,,False,,,
112411948,https://www.idealista.com/inmueble/112411948/,sale,Córdoba,Córdoba,37.882429,-4.7728561,True,es,Córdoba,Centro - Casco Histórico,Casco Histórico - Corredera - Ribera,,117900.0,flat,flat,43.0,,,1,1,,False,,False,,,,,good,False,,,,,,,,,,,,,False,,bj,
111968945,https://www.idealista.com/inmueble/111968945/,sale,Córdoba,Córdoba,37.8873696,-4.7750765,True,es,Córdoba,Centro - Casco Histórico,Casco Histórico - Ollerías - Marrubial,,165000.0,flat,flat,49.0,,,2,1,,False,,False,,,,,good,False,,,,,,,,,,,,,False,,2,
108002948,https://www.idealista.com/inmueble/108002948/,sale,Córdoba,Córdoba,37.883744,-4.7779922,False,es,Córdoba,Centro - Casco Histórico,Judería - San Basilio,,399000.0,flat,flat,192.0,,,6,3,,False,,False,,,,,good,True,,,,,,,,,,,,,True,,1,
107522931,https://www.idealista.com/inmueble/107522931/,sale,Córdoba,Córdoba,37.8799083,-4.7713997,True,es,Córdoba,Centro - Casco Histórico,Casco Histórico - Corredera - Ribera,,128500.0,duplex,duplex,51.0,,,1,1,,True,,False,,,,,good,False,,,,,,,,,,,,,False,,1,
112609874,https://www.idealista.com/inmueble/112609874/,sale,Córdoba,Córdoba,37.8951219,-4.7702648,True,es,Córdoba,Santa Rosa - Valdeolleros,Valdeolleros - Zumbacón - Camping,,190000.0,flat,flat,113.0,,,3,2,,False,,False,,,,,good,True,,,,,,,,,,,,,False,,3,
110103866,https://www.idealista.com/inmueble/110103866/,sale,Córdoba,Córdoba,37.8808637,-4.785402,True,es,Córdoba,Centro - Casco Histórico,Judería - San Basilio,,144000.0,penthouse,penthouse,76.0,,,3,1,,False,,False,,,,,renew,False,,,,,,,,,,,,,False,,2,
109442809,https://www.idealista.com/inmueble/109442809/,sale,Córdoba,Córdoba,37.8797598,-4.7872367,True,es,Córdoba,Ciudad Jardín,Ciudad Jardín,,183900.0,flat,flat,95.0,,,4,1,,False,,False,,,,,good,False,,,,,,,,,,,,,False,,3,
111160758,https://www.idealista.com/inmueble/111160758/,sale,Córdoba,Córdoba,37.8862653,-4.7800866,True,es,Córdoba,Centro - Casco Histórico,Centro,,354000.0,flat,flat,129.0,,,2,1,,False,,False,,,,,good,True,,,,,,,,,,,,,False,,2,
111733748,https://www.idealista.com/inmueble/111733748/,sale,Córdoba,Córdoba,37.8858636,-4.7767756,True,es,Córdoba,Centro - Casco Histórico,Centro,,490000.0,chalet,independantHouse,186.0,,,3,2,,False,,False,,,,,good,,,,,,,,,,,,,,True,,,
111767693,https://www.idealista.com/inmueble/111767693/,sale,Córdoba,Córdoba,37.8829727,-4.7800774,True,es,Córdoba,Centro - Casco Histórico,Centro,,235000.0,flat,flat,81.0,,,2,2,,False,,False,,,,,good,True,,,,,,,,,,,,,True,,2,
111183699,https://www.idealista.com/inmueble/111183699/,sale,Córdoba,Córdoba,37.9206819,-4.7984634,True,es,Córdoba,Brillante - Trassierra - Naranjo,Brillante,,285000.0,chalet,terracedHouse,287.0,,,3,3,,False,,False,,,,,good,,,,,,,,,,,,,,True,,,
110733649,https://www.idealista.com/inmueble/110733649/,sale,Córdoba,Córdoba,37.886717,-4.7802372,True,es,Córdoba,Centro - Casco Histórico,Centro,,625000.0,flat,flat,416.0,,,8,5,,False,,False,,,,,renew,True,,,,,,,,,,,,,True,,3,
112103629,https://www.idealista.com/inmueble/112103629/,sale,Córdoba,Córdoba,37.8844308,-4.7719049,True,es,Córdoba,Centro - Casco Histórico,Casco Histórico - Corredera - Ribera,,599000.0,chalet,independantHouse,239.0,,,6,2,,False,,False,,,,,good,,,,,,,,,,,,,,False,,,
102142595,https://www.idealista.com/inmueble/102142595/,sale,Córdoba,Córdoba,37.8798144,-4.7643288,True,es,Córdoba,Fuensanta - Zona Arcángel,Fuensanta - Arcángel - Santuario,,144900.0,flat,flat,103.0,,,3,1,,False,,False,,,,,good,False,,,,,,,,,,,,,False,,2,
111838595,https://www.idealista.com/inmueble/111838595/,sale,Córdoba,Córdoba,37.8618017,-4.7722717,True,es,Córdoba,Sector sur - Santa Cruz,Sector sur - Santa Cruz,,45000.0,flat,flat,57.0,,,2,1,,False,,False,,,,,good,False,,,,,,,,,,,,,False,,,
112508532,https://www.idealista.com/inmueble/112508532/,sale,Córdoba,Córdoba,37.8867575,-4.7621099,True,es,Córdoba,Levante - Lepanto - Fátima,La Viñuela,,179950.0,flat,flat,97.0,,,3,1,,False,,False,,,,,renew,True,,,,,,,,,,,,,False,,4,
111348525,https://www.idealista.com/inmueble/111348525/,sale,Córdoba,Córdoba,37.8979669,-4.8090056,True,es,Córdoba,Noreña - Figueroa,Tablero,,675000.0,chalet,terracedHouse,138.0,,,6,8,,False,,False,,,,,good,,,,,,,,,,,,,,True,,,
106943503,https://www.idealista.com/inmueble/106943503/,sale,Córdoba,Córdoba,37.8965788,-4.8125358,True,es,Córdoba,Noreña - Figueroa,Tablero,,340000.0,chalet,terracedHouse,200.0,,,5,2,,False,,False,,,,,good,,,,,,,,,,,,,,False,,,
110158492,https://www.idealista.com/inmueble/110158492/,sale,Córdoba,Córdoba,37.8844353,-4.7812457,True,es,Córdoba,Centro - Casco Histórico,Centro,,385000.0,flat,flat,189.0,,,6,3,,False,,False,,,,,good,True,,,,,,,,,,,,,True,,2,
112551485,https://www.idealista.com/inmueble/112551485/,sale,Córdoba,Córdoba,37.8870823,-4.7531151,True,es,Córdoba,Fuensanta - Zona Arcángel,Cañero - Fidiana,,309900.0,chalet,terracedHouse,216.0,,,4,3,,False,,False,,,,,good,,,,,,,,,,,,,,True,,,
112607305,https://www.idealista.com/inmueble/112607305/,sale,Córdoba,Córdoba,37.8882431,-4.7615696,True,es,Córdoba,Levante - Lepanto - Fátima,La Viñuela,,98000.0,flat,flat,60.0,,,3,1,,False,,False,,,,,good,False,,,,,,,,,,,,,False,,3,
110536340,https://www.idealista.com/inmueble/110536340/,sale,Córdoba,Córdoba,37.882906,-4.7796819,True,es,Córdoba,Centro - Casco Histórico,Centro,,400000.0,flat,flat,165.0,,,4,2,,False,,False,,,,,good,True,,,,,,,,,,,,,True,,4,
111825269,https://www.idealista.com/inmueble/111825269/,sale,Córdoba,Córdoba,37.8782705,-4.765561,True,es,Córdoba,Fuensanta - Zona Arcángel,Fuensanta - Arcángel - Santuario,,154600.0,flat,flat,89.0,,,2,2,,False,,False,,,,,good,False,,,,,,,,,,,,,False,,bj,
112205249,https://www.idealista.com/inmueble/112205249/,sale,Córdoba,Córdoba,37.8812268,-4.7885178,True,es,Córdoba,Ciudad Jardín,Ciudad Jardín,,130000.0,flat,flat,78.0,,,3,1,,False,,False,,,,,good,True,,,,,,,,,,,,,False,,bj,
112538212,https://www.idealista.com/inmueble/112538212/,sale,Córdoba,Córdoba,37.8899878,-4.8097915,True,es,Córdoba,Noreña - Figueroa,Noreña - Turruñuelos,,379000.0,flat,flat,128.0,,,3,2,,False,,False,,,,,good,True,,,,,,,,,,,,,True,,3,
111483206,https://www.idealista.com/inmueble/111483206/,sale,Córdoba,Córdoba,37.8793607,-4.7938164,True,es,Córdoba,Ciudad Jardín,Ciudad Jardín,,139500.0,flat,flat,73.0,,,3,1,,False,,False,,,,,good,False,,,,,,,,,,,,,False,,2,
112663197,https://www.idealista.com/inmueble/112663197/,sale,Córdoba,Córdoba,37.859495,-4.7748768,True,es,Córdoba,Sector sur - Santa Cruz,Sector sur - Santa Cruz,,214500.0,chalet,terracedHouse,125.0,,,4,2,,False,,False,,,,,good,,,,,,,,,,,,,,True,,,
112434200,https://www.idealista.com/inmueble/112434200/,sale,Córdoba,Córdoba,37.8790492,-4.7663194,True,es,Córdoba,Fuensanta - Zona Arcángel,Fuensanta - Arcángel - Santuario,,139000.0,flat,flat,79.0,,,3,1,,False,,False,,,,,good,True,,,,,,,,,,,,,True,,4,
110973204,https://www.idealista.com/inmueble/110973204/,sale,Córdoba,Córdoba,37.8840903,-4.7746378,True,es,Córdoba,Centro - Casco Histórico,Casco Histórico - Corredera - Ribera,,280000.0,chalet,independantHouse,111.0,,,3,2,,False,,False,,,,,good,,,,,,,,,,,,,,False,,,
111719194,https://www.idealista.com/inmueble/111719194/,sale,Córdoba,Córdoba,37.8936985,-4.7596891,True,es,Córdoba,Levante - Lepanto - Fátima,Levante,,168500.0,flat,flat,90.0,,,4,1,,False,,False,,,,,good,False,,,,,,,,,,,,,False,,2,
111500196,https://www.idealista.com/inmueble/111500196/,sale,Córdoba,Córdoba,37.8660985,-4.7701016,True,es,Córdoba,Campo de la Verdad,Campo de la Verdad,,85000.0,flat,flat,69.0,,,3,1,,False,,False,,,,,good,False,,,,,,,,,,,,,False,,4,
112443150,https://www.idealista.com/inmueble/112443150/,sale,Córdoba,Córdoba,37.8737724,-4.7980206,True,es,Córdoba,Zoco - Poniente - Vistalegre,Vistalegre - Parque Cruz - Universidades,,225000.0,flat,flat,96.0,,,4,2,,False,,False,,,,,good,True,,,,,,,,,,,,,False,,2,
112298139,https://www.idealista.com/inmueble/112298139/,sale,Córdoba,Córdoba,37.92576,-4.7572407,True,es,Córdoba,Brillante - Trassierra - Naranjo,Paraíso Arenal - La Colina,,420000.0,chalet,independantHouse,329.0,,,4,3,,False,,False,,,,,good,,,,,,,,,,,,,,True,,,
112574120,https://www.idealista.com/inmueble/112574120/,sale,Córdoba,Córdoba,37.8989739,-4.7569121,True,es,Córdoba,Levante - Lepanto - Fátima,Fátima - Campiñuela,,175000.0,flat,flat,70.0,,,3,1,,False,,False,,,,,good,True,,,,,,,,,,,,,False,,1,
112683063,https://www.idealista.com/inmueble/112683063/,sale,Córdoba,Córdoba,37.8971942,-4.7990613,True,es,Córdoba,Noreña - Figueroa,Tablero,,330000.0,flat,flat,102.0,,,3,2,,False,,False,,,,,good,True,,,,,,,,,,,,,True,,bj,
110452049,https://www.idealista.com/inmueble/110452049/,sale,Córdoba,Córdoba,37.9014677,-4.7583367,True,es,Córdoba,Levante - Lepanto - Fátima,Fátima - Campiñuela,,186000.0,chalet,terracedHouse,135.0,,,3,2,,False,,False,,,,,good,,,,,,,,,,,,,,False,,,
112429038,https://www.idealista.com/inmueble/112429038/,sale,Córdoba,Córdoba,37.881599,-4.7888473,True,es,Córdoba,Ciudad Jardín,Ciudad Jardín,,190000.0,flat,flat,96.0,,,3,2,,False,,False,,,,,good,True,,,,,,,,,,,,,False,,7,
112622981,https://www.idealista.com/inmueble/112622981/,sale,Córdoba,Córdoba,37.882539,-4.7821678,True,es,Córdoba,Centro - Casco Histórico,Judería - San Basilio,,174500.0,flat,flat,86.0,,,3,1,,False,,False,,,,,good,False,,,,,,,,,,,,,False,,1,
112574938,https://www.idealista.com/inmueble/112574938/,sale,Córdoba,Córdoba,37.8983633,-4.7931097,True,es,Córdoba,Noreña - Figueroa,Tablero,,344900.0,duplex,duplex,129.0,,,4,2,,True,,False,,,,,good,True,,,,,,,,,,,,,True,,3,
112579893,https://www.idealista.com/inmueble/112579893/,sale,Córdoba,Córdoba,37.885681,-4.7743467,True,es,Córdoba,Centro - Casco Histórico,Casco Histórico - Corredera - Ribera,,4000000.0,chalet,independantHouse,2000.0,,,20,6,,False,,False,,,,,good,,,,,,,,,,,,,,False,,,
112518882,https://www.idealista.com/inmueble/112518882/,sale,Córdoba,Córdoba,37.8855502,-4.8091979,True,es,Córdoba,Noreña - Figueroa,Miralbaida - Parque Azahara,,350000.0,chalet,independantHouse,231.0,,,4,2,,False,,False,,,,,good,,,,,,,,,,,,,,True,,,
96477838,https://www.idealista.com/inmueble/96477838/,sale,Córdoba,Córdoba,37.8975113,-4.8108442,True,es,Córdoba,Noreña - Figueroa,Tablero,,325000.0,chalet,independantHouse,220.0,,,5,3,,False,,False,,,,,good,,,,,,,,,,,,,,False,,,
112668774,https://www.idealista.com/inmueble/112668774/,sale,Córdoba,Córdoba,37.8890102,-4.7604007,True,es,Córdoba,Levante - Lepanto - Fátima,La Viñuela,,134000.0,flat,flat,65.0,,,3,1,,False,,False,,,,,good,True,,,,,,,,,,,,,False,,3,
112452759,https://www.idealista.com/inmueble/112452759/,sale,Córdoba,Córdoba,37.9083883,-4.8210347,True,es,Córdoba,Brillante - Trassierra - Naranjo,Brillante,,780000.0,chalet,independantHouse,466.0,,,6,4,,False,,False,,,,,good,,,,,,,,,,,,,,True,,,
112385756,https://www.idealista.com/inmueble/112385756/,sale,Córdoba,Córdoba,37.8620081,-4.7705605,True,es,Córdoba,Campo de la Verdad,Campo de la Verdad,,130000.0,chalet,semidetachedHouse,81.0,,,2,1,,False,,False,,,,,good,,,,,,,,,,,,,,False,,,
112564715,https://www.idealista.com/inmueble/112564715/,sale,Córdoba,Córdoba,37.8941228,-4.7683264,True,es,Córdoba,Levante - Lepanto - Fátima,Levante,,129900.0,flat,flat,64.0,,,3,1,,False,,False,,,,,good,False,,,,,,,,,,,,,False,,4,
111138715,https://www.idealista.com/inmueble/111138715/,sale,Córdoba,Córdoba,37.8672934,-4.7748218,True,es,Córdoba,Sector sur - Santa Cruz,Sector sur - Santa Cruz,,85000.0,flat,flat,60.0,,,3,1,,False,,False,,,,,good,False,,,,,,,,,,,,,False,,4,
112322658,https://www.idealista.com/inmueble/112322658/,sale,Córdoba,Córdoba,37.8613888,-4.7765436,True,es,Córdoba,Sector sur - Santa Cruz,Sector sur - Santa Cruz,,58000.0,flat,flat,57.0,,,2,1,,False,,False,,,,,good,True,,,,,,,,,,,,,False,,4,
111410591,https://www.idealista.com/inmueble/111410591/,sale,Córdoba,Córdoba,37.861942,-4.7769239,True,es,Córdoba,Sector sur - Santa Cruz,Sector sur - Santa Cruz,,66600.0,flat,flat,59.0,,,2,1,,False,,False,,,,,good,True,,,,,,,,,,,,,False,,2,
112569561,https://www.idealista.com/inmueble/112569561/,sale,Córdoba,Córdoba,37.8754279,-4.7949715,True,es,Córdoba,Zoco - Poniente - Vistalegre,Vistalegre - Parque Cruz - Universidades,,205000.0,flat,flat,111.0,,,4,2,,False,,False,,,,,good,True,,,,,,,,,,,,,False,,5,
109973563,https://www.idealista.com/inmueble/109973563/,sale,Córdoba,Córdoba,37.8628433,-4.7713145,True,es,Córdoba,Campo de la Verdad,Campo de la Verdad,,140000.0,chalet,independantHouse,196.0,,,3,2,,False,,False,,,,,good,,,,,,,,,,,,,,True,,,
112174561,https://www.idealista.com/inmueble/112174561/,sale,Córdoba,Córdoba,37.8897099,-4.7638088,True,es,Córdoba,Levante - Lepanto - Fátima,La Viñuela,,105000.0,flat,flat,54.0,,,2,1,,False,,False,,,,,good,False,,,,,,,,,,,,,False,,3,
111950494,https://www.idealista.com/inmueble/111950494/,sale,Córdoba,Córdoba,37.8870492,-4.7841676,True,es,Córdoba,Centro - Casco Histórico,Centro,,239000.0,flat,flat,126.0,,,3,2,,False,,False,,,,,good,True,,,,,,,,,,,,,False,,2,
111394467,https://www.idealista.com/inmueble/111394467/,sale,Córdoba,Córdoba,37.8596932,-4.7807571,True,es,Córdoba,Sector sur - Santa Cruz,Sector sur - Santa Cruz,,60000.0,flat,flat,90.0,,,3,2,,False,,False,,,,,good,False,,,,,,,,,,,,,False,,3,
112565457,https://www.idealista.com/inmueble/112565457/,sale,Córdoba,Córdoba,37.8891819,-4.7739053,True,es,Córdoba,Centro - Casco Histórico,Casco Histórico - Ollerías - Marrubial,,325000.0,chalet,independantHouse,118.0,,,4,2,,False,,False,,,,,good,,,,,,,,,,,,,,False,,,
112518404,https://www.idealista.com/inmueble/112518404/,sale,Córdoba,Córdoba,37.8573702,-4.7756178,True,es,Córdoba,Sector sur - Santa Cruz,Sector sur - Santa Cruz,,215000.0,chalet,terracedHouse,125.0,,,4,2,,False,,False,,,,,good,,,,,,,,,,,,,,True,,,
112542325,https://www.idealista.com/inmueble/112542325/,sale,Córdoba,Córdoba,37.8647055,-4.7762098,True,es,Córdoba,Sector sur - Santa Cruz,Sector sur - Santa Cruz,,52950.0,flat,flat,55.0,,,2,1,,False,,False,,,,,good,True,,,,,,,,,,,,,False,,1,
109721310,https://www.idealista.com/inmueble/109721310/,sale,Córdoba,Córdoba,37.8932537,-4.7770542,True,es,Córdoba,Centro - Casco Histórico,San Cayetano,,355000.0,flat,flat,159.0,,,4,2,,False,,False,,,,,good,True,,,,,,,,,,,,,True,,3,
105718263,https://www.idealista.com/inmueble/105718263/,sale,Córdoba,Córdoba,37.8914513,-4.7991874,False,es,Córdoba,Noreña - Figueroa,Noreña - Turruñuelos,,248000.0,flat,flat,113.0,,,3,2,,False,,False,,,,,good,True,,,,,,,,,,,,,False,,1,
112531252,https://www.idealista.com/inmueble/112531252/,sale,Córdoba,Córdoba,37.8837066,-4.7949637,True,es,Córdoba,Zoco - Poniente - Vistalegre,Huerta de la Marquesa,,155000.0,flat,flat,90.0,,,3,1,,False,,False,,,,,good,True,,,,,,,,,,,,,False,,,
110327080,https://www.idealista.com/inmueble/110327080/,sale,Córdoba,Córdoba,37.8967353,-4.7805194,False,es,Córdoba,Santa Rosa - Valdeolleros,Santa Rosa - San José,,244500.0,flat,flat,138.0,,,4,2,,False,,False,,,,,good,True,,,,,,,,,,,,,False,,3,
112359992,https://www.idealista.com/inmueble/112359992/,sale,Córdoba,Córdoba,37.8913032,-4.758716,True,es,Córdoba,Levante - Lepanto - Fátima,La Viñuela,,138500.0,flat,flat,72.0,,,3,1,,False,,False,,,,,good,True,,,,,,,,,,,,,False,,1,
112627949,https://www.idealista.com/inmueble/112627949/,sale,Córdoba,Córdoba,37.9217978,-4.7632608,True,es,Córdoba,Brillante - Trassierra - Naranjo,Paraíso Arenal - La Colina,,295800.0,chalet,independantHouse,190.0,,,4,2,,False,,False,,,,,good,,,,,,,,,,,,,,True,,,
112384812,https://www.idealista.com/inmueble/112384812/,sale,Córdoba,Córdoba,37.8655309,-4.7761248,True,es,Córdoba,Sector sur - Santa Cruz,Sector sur - Santa Cruz,,45000.0,flat,flat,54.0,,,3,1,,False,,False,,,,,good,True,,,,,,,,,,,,,False,,,
112339735,https://www.idealista.com/inmueble/112339735/,sale,Córdoba,Córdoba,37.8969438,-4.7698857,False,es,Córdoba,Santa Rosa - Valdeolleros,Valdeolleros - Zumbacón - Camping,,290000.0,chalet,terracedHouse,141.0,,,3,2,,False,,False,,,,,good,,,,,,,,,,,,,,True,,,
111792563,https://www.idealista.com/inmueble/111792563/,sale,Córdoba,Córdoba,37.9259522,-4.7574543,False,es,Córdoba,Brillante - Trassierra - Naranjo,Paraíso Arenal - La Colina,,265000.0,chalet,terracedHouse,134.0,,,4,3,,False,,False,,,,,good,,,,,,,,,,,,,,True,,,
110460553,https://www.idealista.com/inmueble/110460553/,sale,Córdoba,Córdoba,37.8856801,-4.7816454,True,es,Córdoba,Centro - Casco Histórico,Centro,,149000.0,duplex,duplex,50.0,,,1,1,,True,,False,,,,,good,False,,,,,,,,,,,,,False,,,
111344546,https://www.idealista.com/inmueble/111344546/,sale,Córdoba,Córdoba,37.892385,-4.7576927,True,es,Córdoba,Levante - Lepanto - Fátima,La Viñuela,,205000.0,flat,flat,77.0,,,3,2,,False,,False,,,,,good,True,,,,,,,,,,,,,False,,,
112591482,https://www.idealista.com/inmueble/112591482/,sale,Córdoba,Córdoba,37.863463,-4.775829,True,es,Córdoba,Sector sur - Santa Cruz,Sector sur - Santa Cruz,,60000.0,flat,flat,58.0,,,3,1,,False,,False,,,,,good,True,,,,,,,,,,,,,False,,,
103963403,https://www.idealista.com/inmueble/103963403/,sale,Córdoba,Córdoba,37.9061483,-4.7762445,True,es,Córdoba,Brillante - Trassierra - Naranjo,Naranjo - Mirabueno,,255000.0,chalet,independantHouse,155.0,,,4,2,,False,,False,,,,,good,,,,,,,,,,,,,,False,,,
108058396,https://www.idealista.com/inmueble/108058396/,sale,Córdoba,Córdoba,37.8962508,-4.807711,False,es,Córdoba,Noreña - Figueroa,Tablero,,361000.0,chalet,terracedHouse,145.0,,,3,3,,False,,False,,,,,good,,,,,,,,,,,,,,True,,,
112484354,https://www.idealista.com/inmueble/112484354/,sale,Córdoba,Córdoba,37.8802419,-4.7920769,True,es,Córdoba,Ciudad Jardín,Ciudad Jardín,,149900.0,flat,flat,90.0,,,3,1,,False,,False,,,,,good,True,,,,,,,,,,,,,False,,4,
111780331,https://www.idealista.com/inmueble/111780331/,sale,Córdoba,Córdoba,37.8821466,-4.7686112,True,es,Córdoba,Centro - Casco Histórico,Casco Histórico - Corredera - Ribera,,365000.0,chalet,independantHouse,372.0,,,8,4,,False,,False,,,,,good,,,,,,,,,,,,,,False,,,
111671329,https://www.idealista.com/inmueble/111671329/,sale,Córdoba,Córdoba,37.88118,-4.77079,False,es,Córdoba,Centro - Casco Histórico,Casco Histórico - Corredera - Ribera,,109000.0,flat,flat,49.0,,,1,1,,False,,False,,,,,good,False,,,,,,,,,,,,,False,,bj,
112250177,https://www.idealista.com/inmueble/112250177/,sale,Córdoba,Córdoba,37.8624573,-4.7721417,True,es,Córdoba,Campo de la Verdad,Campo de la Verdad,,93000.0,chalet,independantHouse,83.0,,,3,1,,False,,False,,,,,renew,,,,,,,,,,,,,,False,,,
111914298,https://www.idealista.com/inmueble/111914298/,sale,Córdoba,Córdoba,37.8866439,-4.7760764,False,es,Córdoba,Centro - Casco Histórico,Casco Histórico - Ollerías - Marrubial,,155000.0,flat,flat,60.0,,,1,1,,False,,False,,,,,good,False,,,,,,,,,,,,,False,,1,
110225250,https://www.idealista.com/inmueble/110225250/,sale,Córdoba,Córdoba,37.8845873,-4.7809801,False,es,Córdoba,Centro - Casco Histórico,Centro,,250000.0,flat,flat,78.0,,,2,1,,False,,False,,,,,good,True,,,,,,,,,,,,,True,,4,
112514244,https://www.idealista.com/inmueble/112514244/,sale,Córdoba,Córdoba,37.8809488,-4.8005168,True,es,Córdoba,Zoco - Poniente - Vistalegre,Zoco - Poniente,,319900.0,flat,flat,131.0,,,2,2,,False,,False,,,,,good,True,,,,,,,,,,,,,True,,3,
110730225,https://www.idealista.com/inmueble/110730225/,sale,Córdoba,Córdoba,37.8786055,-4.7846188,False,es,Córdoba,Centro - Casco Histórico,Judería - San Basilio,,225000.0,flat,flat,121.0,,,5,2,,False,,False,,,,,renew,True,,,,,,,,,,,,,False,,1,
112686116,https://www.idealista.com/inmueble/112686116/,sale,Córdoba,Córdoba,37.8921526,-4.7546823,True,es,Córdoba,Levante - Lepanto - Fátima,El Cairo,,148000.0,flat,flat,76.0,,,3,1,,False,,False,,,,,good,True,,,,,,,,,,,,,False,,4,
112019070,https://www.idealista.com/inmueble/112019070/,sale,Córdoba,Córdoba,37.9017308,-4.8016524,True,es,Córdoba,Noreña - Figueroa,Tablero,,600000.0,flat,flat,158.0,,,4,2,,False,,False,,,,,good,True,,,,,,,,,,,,,True,,,
110216900,https://www.idealista.com/inmueble/110216900/,sale,Córdoba,Córdoba,37.8829398,-4.7726085,False,es,Córdoba,Centro - Casco Histórico,Casco Histórico - Corredera - Ribera,,160000.0,flat,flat,45.0,,,1,1,,False,,False,,,,,good,False,,,,,,,,,,,,,False,,bj,
110743890,https://www.idealista.com/inmueble/110743890/,sale,Córdoba,Córdoba,37.8881193,-4.7837181,True,es,Córdoba,Centro - Casco Histórico,Centro,,625000.0,flat,flat,416.0,,,8,5,,False,,False,,,,,renew,True,,,,,,,,,,,,,True,,3,
110419858,https://www.idealista.com/inmueble/110419858/,sale,Córdoba,Córdoba,37.8897821,-4.7759176,False,es,Córdoba,Centro - Casco Histórico,Casco Histórico - Ollerías - Marrubial,,175000.0,flat,flat,90.0,,,3,2,,False,,False,,,,,renew,False,,,,,,,,,,,,,False,,,
112482848,https://www.idealista.com/inmueble/112482848/,sale,Córdoba,Córdoba,37.8754529,-4.7964267,True,es,Córdoba,Zoco - Poniente - Vistalegre,Vistalegre - Parque Cruz - Universidades,,107500.0,flat,flat,42.0,,,1,1,,False,,False,,,,,good,False,,,,,,,,,,,,,False,,bj,
105409842,https://www.idealista.com/inmueble/105409842/,sale,Córdoba,Córdoba,37.8842955,-4.7731771,False,es,Córdoba,Centro - Casco Histórico,Casco Histórico - Corredera - Ribera,,177000.0,studio,studio,65.0,,,0,1,,False,,True,,,,,good,False,,,,,,,,,,,,,False,,1,
112496684,https://www.idealista.com/inmueble/112496684/,sale,Córdoba,Córdoba,37.897657,-4.7731124,True,es,Córdoba,Santa Rosa - Valdeolleros,Valdeolleros - Zumbacón - Camping,,176000.0,flat,flat,54.0,,,1,1,,False,,False,,,,,good,False,,,,,,,,,,,,,False,,2,
112388593,https://www.idealista.com/inmueble/112388593/,sale,Córdoba,Córdoba,37.8975247,-4.793984,False,es,Córdoba,Noreña - Figueroa,Tablero,,350000.0,flat,flat,110.0,,,3,2,,False,,False,,,,,good,True,,,,,,,,,,,,,True,,1,
111698587,https://www.idealista.com/inmueble/111698587/,sale,Córdoba,Córdoba,37.8973433,-4.794522,False,es,Córdoba,Noreña - Figueroa,Tablero,,480000.0,penthouse,penthouse,158.0,,,3,2,,False,,False,,,,,good,True,,,,,,,,,,,,,True,,3,
112188441,https://www.idealista.com/inmueble/112188441/,sale,Córdoba,Córdoba,37.8897762,-4.7693414,True,es,Córdoba,Centro - Casco Histórico,Casco Histórico - Ollerías - Marrubial,,145500.0,flat,flat,69.0,,,2,1,,False,,False,,,,,good,False,,,,,,,,,,,,,False,,1,
112571329,https://www.idealista.com/inmueble/112571329/,sale,Córdoba,Córdoba,37.8685948,-4.7916734,True,es,Córdoba,Zoco - Poniente - Vistalegre,Vistalegre - Parque Cruz - Universidades,,179900.0,flat,flat,90.0,,,2,1,,False,,False,,,,,good,True,,,,,,,,,,,,,True,,6,
112613304,https://www.idealista.com/inmueble/112613304/,sale,Córdoba,Córdoba,37.8905381,-4.776879,True,es,Córdoba,Centro - Casco Histórico,Centro,,480000.0,flat,flat,121.0,,,4,2,,False,,False,,,,,good,True,,,,,,,,,,,,,True,,2,
112150264,https://www.idealista.com/inmueble/112150264/,sale,Córdoba,Córdoba,37.8820366,-4.7916531,True,es,Córdoba,Ciudad Jardín,Ciudad Jardín,,180000.0,flat,flat,112.0,,,4,1,,False,,False,,,,,good,True,,,,,,,,,,,,,False,,2,
112434254,https://www.idealista.com/inmueble/112434254/,sale,Córdoba,Córdoba,37.8786164,-4.7677998,True,es,Córdoba,Fuensanta - Zona Arcángel,Fuensanta - Arcángel - Santuario,,135000.0,flat,flat,54.0,,,1,1,,False,,False,,,,,good,False,,,,,,,,,,,,,False,,bj,
110753242,https://www.idealista.com/inmueble/110753242/,sale,Córdoba,Córdoba,37.8851143,-4.788745,True,es,Córdoba,Ciudad Jardín,Ciudad Jardín,,225000.0,flat,flat,121.0,,,4,2,,False,,False,,,,,renew,True,,,,,,,,,,,,,False,,3,
111474134,https://www.idealista.com/inmueble/111474134/,sale,Córdoba,Córdoba,37.8986671,-4.7727159,False,es,Córdoba,Santa Rosa - Valdeolleros,Valdeolleros - Zumbacón - Camping,,117000.0,flat,flat,50.0,,,1,1,,False,,False,,,,,good,False,,,,,,,,,,,,,False,,bj,
111328131,https://www.idealista.com/inmueble/111328131/,sale,Córdoba,Córdoba,37.8910457,-4.7881809,True,es,Córdoba,Noreña - Figueroa,Carretera Trassierra - Colonia de la Paz,,123000.0,flat,flat,49.0,,,1,1,,False,,False,,,,,good,True,,,,,,,,,,,,,False,,bj,
110957125,https://www.idealista.com/inmueble/110957125/,sale,Córdoba,Córdoba,37.8983261,-4.7756729,True,es,Córdoba,Santa Rosa - Valdeolleros,Valdeolleros - Zumbacón - Camping,,169000.0,flat,flat,103.0,,,3,1,,False,,False,,,,,good,True,,,,,,,,,,,,,False,,1,
112621120,https://www.idealista.com/inmueble/112621120/,sale,Córdoba,Córdoba,37.8785147,-4.765878,True,es,Córdoba,Fuensanta - Zona Arcángel,Fuensanta - Arcángel - Santuario,,149900.0,flat,flat,75.0,,,3,1,,False,,False,,,,,good,True,,,,,,,,,,,,,False,,3,
112459089,https://www.idealista.com/inmueble/112459089/,sale,Córdoba,Córdoba,37.8997931,-4.771041,True,es,Córdoba,Santa Rosa - Valdeolleros,Valdeolleros - Zumbacón - Camping,,157000.0,flat,flat,69.0,,,1,1,,False,,False,,,,,good,True,,,,,,,,,,,,,False,,2,
112676012,https://www.idealista.com/inmueble/112676012/,sale,Córdoba,Córdoba,37.8871743,-4.7853914,True,es,Córdoba,Centro - Casco Histórico,Centro,,250000.0,flat,flat,77.0,,,2,1,,False,,False,,,,,good,True,,,,,,,,,,,,,True,,3,
107374016,https://www.idealista.com/inmueble/107374016/,sale,Córdoba,Córdoba,37.8914584,-4.7707669,True,es,Córdoba,Centro - Casco Histórico,Casco Histórico - Ollerías - Marrubial,,220000.0,chalet,independantHouse,298.0,,,1,0,,False,,False,,,,,renew,,,,,,,,,,,,,,False,,,
109890918,https://www.idealista.com/inmueble/109890918/,sale,Córdoba,Córdoba,37.871466,-4.7782114,False,es,Córdoba,Sector sur - Santa Cruz,Sector sur - Santa Cruz,,130000.0,flat,flat,62.0,,,3,1,,False,,False,,,,,good,True,,,,,,,,,,,,,False,,3,
112551902,https://www.idealista.com/inmueble/112551902/,sale,Córdoba,Córdoba,37.8931146,-4.7595394,True,es,Córdoba,Levante - Lepanto - Fátima,Levante,,199900.0,flat,flat,90.0,,,3,1,,False,,False,,,,,good,True,,,,,,,,,,,,,False,,1,
112608855,https://www.idealista.com/inmueble/112608855/,sale,Córdoba,Córdoba,37.8794491,-4.7939258,True,es,Córdoba,Ciudad Jardín,Ciudad Jardín,,170000.0,flat,flat,135.0,,,4,1,,False,,False,,,,,good,False,,,,,,,,,,,,,False,,4,
111200843,https://www.idealista.com/inmueble/111200843/,sale,Córdoba,Córdoba,37.8799468,-4.7836213,True,es,Córdoba,Centro - Casco Histórico,Judería - San Basilio,,320000.0,flat,flat,150.0,,,8,8,,False,,False,,,,,renew,False,,,,,,,,,,,,,False,,1,
111463837,https://www.idealista.com/inmueble/111463837/,sale,Córdoba,Córdoba,37.8626586,-4.7813995,True,es,Córdoba,Sector sur - Santa Cruz,Sector sur - Santa Cruz,,56500.0,flat,flat,59.0,,,3,1,,False,,False,,,,,renew,False,,,,,,,,,,,,,False,,,
110810743,https://www.idealista.com/inmueble/110810743/,sale,Córdoba,Córdoba,37.8915927,-4.7807692,True,es,Córdoba,Centro - Casco Histórico,San Cayetano,,350000.0,flat,flat,134.0,,,5,2,,False,,False,,,,,good,True,,,,,,,,,,,,,True,,2,
112582648,https://www.idealista.com/inmueble/112582648/,sale,Córdoba,Córdoba,37.8911816,-4.7629319,True,es,Córdoba,Levante - Lepanto - Fátima,La Viñuela,,135000.0,flat,flat,70.0,,,2,1,,False,,False,,,,,good,False,,,,,,,,,,,,,False,,3,
110526595,https://www.idealista.com/inmueble/110526595/,sale,Córdoba,Córdoba,37.8846267,-4.7904335,True,es,Córdoba,Ciudad Jardín,Ciudad Jardín,,265000.0,flat,flat,137.0,,,3,2,,False,,False,,,,,good,True,,,,,,,,,,,,,False,,3,
112556557,https://www.idealista.com/inmueble/112556557/,sale,Córdoba,Córdoba,37.8829845,-4.7912271,True,es,Córdoba,Ciudad Jardín,Ciudad Jardín,,169000.0,flat,flat,123.0,,,3,2,,False,,False,,,,,renew,True,,,,,,,,,,,,,False,,3,
111196553,https://www.idealista.com/inmueble/111196553/,sale,Córdoba,Córdoba,37.8894276,-4.7978527,True,es,Córdoba,Noreña - Figueroa,Noreña - Turruñuelos,,238000.0,flat,flat,78.0,,,3,1,,False,,False,,,,,good,True,,,,,,,,,,,,,True,,1,
112357472,https://www.idealista.com/inmueble/112357472/,sale,Córdoba,Córdoba,37.8915504,-4.769003,True,es,Córdoba,Centro - Casco Histórico,Casco Histórico - Ollerías - Marrubial,,145500.0,flat,flat,69.0,,,2,1,,False,,False,,,,,good,False,,,,,,,,,,,,,False,,1,
112669432,https://www.idealista.com/inmueble/112669432/,sale,Córdoba,Córdoba,37.8888363,-4.7617335,True,es,Córdoba,Levante - Lepanto - Fátima,La Viñuela,,140000.0,flat,flat,66.0,,,2,1,,False,,False,,,,,good,False,,,,,,,,,,,,,False,,3,
111667421,https://www.idealista.com/inmueble/111667421/,sale,Córdoba,Córdoba,37.866992,-4.7749869,True,es,Córdoba,Sector sur - Santa Cruz,Sector sur - Santa Cruz,,50000.0,flat,flat,54.0,,,2,1,,False,,False,,,,,renew,True,,,,,,,,,,,,,False,,4,
112021338,https://www.idealista.com/inmueble/112021338/,sale,Córdoba,Córdoba,37.8813044,-4.7721574,True,es,Córdoba,Centro - Casco Histórico,Casco Histórico - Corredera - Ribera,,117900.0,flat,flat,43.0,,,1,1,,False,,False,,,,,good,False,,,,,,,,,,,,,False,,bj,
112316281,https://www.idealista.com/inmueble/112316281/,sale,Córdoba,Córdoba,37.8912311,-4.7842391,True,es,Córdoba,Centro - Casco Histórico,El Vial - Ronda de Tejares,,210000.0,flat,flat,115.0,,,3,2,,False,,False,,,,,good,True,,,,,,,,,,,,,False,,7,
111633255,https://www.idealista.com/inmueble/111633255/,sale,Córdoba,Córdoba,37.8929865,-4.7941962,True,es,Córdoba,Noreña - Figueroa,Carretera Trassierra - Colonia de la Paz,,166800.0,flat,flat,87.0,,,3,1,,False,,False,,,,,good,True,,,,,,,,,,,,,False,,2,
111692240,https://www.idealista.com/inmueble/111692240/,sale,Córdoba,Córdoba,37.8766664,-4.7930979,True,es,Córdoba,Zoco - Poniente - Vistalegre,Vistalegre - Parque Cruz - Universidades,,360000.0,flat,flat,184.0,,,5,2,,False,,False,,,,,good,True,,,,,,,,,,,,,True,,1,
112227215,https://www.idealista.com/inmueble/112227215/,sale,Córdoba,Córdoba,37.9034591,-4.757093,True,es,Córdoba,Levante - Lepanto - Fátima,Fátima - Campiñuela,,212000.0,flat,flat,113.0,,,3,2,,False,,False,,,,,good,True,,,,,,,,,,,,,True,,4,
111180197,https://www.idealista.com/inmueble/111180197/,sale,Córdoba,Córdoba,37.9216575,-4.7967252,True,es,Córdoba,Brillante - Trassierra - Naranjo,Brillante,,285000.0,chalet,terracedHouse,287.0,,,3,3,,False,,False,,,,,good,,,,,,,,,,,,,,True,,,
111890162,https://www.idealista.com/inmueble/111890162/,sale,Córdoba,Córdoba,37.894479,-4.7709385,True,es,Córdoba,Santa Rosa - Valdeolleros,Valdeolleros - Zumbacón - Camping,,424800.0,penthouse,penthouse,126.0,,,4,2,,False,,False,,,,,good,True,,,,,,,,,,,,,True,,3,
111911118,https://www.idealista.com/inmueble/111911118/,sale,Córdoba,Córdoba,37.8992145,-4.8006899,True,es,Córdoba,Noreña - Figueroa,Tablero,,600000.0,flat,flat,160.0,,,4,2,,False,,False,,,,,good,True,,,,,,,,,,,,,True,,bj,
111211119,https://www.idealista.com/inmueble/111211119/,sale,Córdoba,Córdoba,37.9183895,-4.7997307,True,es,Córdoba,Brillante - Trassierra - Naranjo,Brillante,,685000.0,chalet,independantHouse,340.0,,,4,3,,False,,False,,,,,good,,,,,,,,,,,,,,True,,,
110762068,https://www.idealista.com/inmueble/110762068/,sale,Córdoba,Córdoba,37.897015,-4.7528691,True,es,Córdoba,Levante - Lepanto - Fátima,Fátima - Campiñuela,,183500.0,flat,flat,100.0,,,3,1,,False,,False,,,,,good,True,,,,,,,,,,,,,False,,2,
112551934,https://www.idealista.com/inmueble/112551934/,sale,Córdoba,Córdoba,37.89646,-4.8063051,True,es,Córdoba,Noreña - Figueroa,Tablero,,339900.0,chalet,terracedHouse,200.0,,,5,3,,False,,False,,,,,good,,,,,,,,,,,,,,True,,,
111687926,https://www.idealista.com/inmueble/111687926/,sale,Córdoba,Córdoba,37.8954122,-4.7531166,True,es,Córdoba,Levante - Lepanto - Fátima,El Cairo,,205000.0,flat,flat,90.0,,,3,2,,False,,False,,,,,good,True,,,,,,,,,,,,,True,,2,
111464930,https://www.idealista.com/inmueble/111464930/,sale,Córdoba,Córdoba,37.8818642,-4.78218,True,es,Córdoba,Centro - Casco Histórico,Judería - San Basilio,,320000.0,flat,flat,150.0,,,8,8,,False,,False,,,,,renew,False,,,,,,,,,,,,,False,,1,
110703927,https://www.idealista.com/inmueble/110703927/,sale,Córdoba,Córdoba,37.8648672,-4.7803285,False,es,Córdoba,Sector sur - Santa Cruz,Sector sur - Santa Cruz,,64900.0,chalet,chalet,61.0,,,2,1,,False,,False,,,,,good,,,,,,,,,,,,,,False,,,
111785788,https://www.idealista.com/inmueble/111785788/,sale,Córdoba,Córdoba,37.8852743,-4.7664406,True,es,Córdoba,Centro - Casco Histórico,Casco Histórico - Corredera - Ribera,,135000.0,flat,flat,79.0,,,3,1,,False,,False,,,,,good,False,,,,,,,,,,,,,False,,2,
112669776,https://www.idealista.com/inmueble/112669776/,sale,Córdoba,Córdoba,37.8894943,-4.7631649,True,es,Córdoba,Levante - Lepanto - Fátima,La Viñuela,,140000.0,flat,flat,66.0,,,2,1,,False,,False,,,,,good,False,,,,,,,,,,,,,False,,3,
112505749,https://www.idealista.com/inmueble/112505749/,sale,Córdoba,Córdoba,37.8805699,-4.7878652,False,es,Córdoba,Ciudad Jardín,Ciudad Jardín,,270000.0,flat,flat,88.0,,,3,2,,False,,False,,,,,good,True,,,,,,,,,,,,,False,,4,
112420752,https://www.idealista.com/inmueble/112420752/,sale,Córdoba,Córdoba,37.8825462,-4.7734273,True,es,Córdoba,Centro - Casco Histórico,Casco Histórico - Corredera - Ribera,,117900.0,flat,flat,43.0,,,1,1,,False,,False,,,,,good,False,,,,,,,,,,,,,False,,bj,
111737721,https://www.idealista.com/inmueble/111737721/,sale,Córdoba,Córdoba,37.8780669,-4.7929899,True,es,Córdoba,Ciudad Jardín,Ciudad Jardín,,229900.0,flat,flat,130.0,,,4,2,,False,,False,,,,,good,True,,,,,,,,,,,,,False,,1,
110213708,https://www.idealista.com/inmueble/110213708/,sale,Córdoba,Córdoba,37.889564,-4.7684566,True,es,Córdoba,Centro - Casco Histórico,Casco Histórico - Ollerías - Marrubial,,220000.0,chalet,independantHouse,298.0,,,1,0,,False,,False,,,,,renew,,,,,,,,,,,,,,False,,,
111202699,https://www.idealista.com/inmueble/111202699/,sale,Córdoba,Córdoba,37.8744089,-4.785343,True,es,Córdoba,Centro - Casco Histórico,Judería - San Basilio,,196000.0,flat,flat,51.0,,,3,1,,False,,False,,,,,good,False,,,,,,,,,,,,,False,,1,
110733640,https://www.idealista.com/inmueble/110733640/,sale,Córdoba,Córdoba,37.8857713,-4.7816245,True,es,Córdoba,Centro - Casco Histórico,Centro,,625000.0,flat,flat,416.0,,,8,5,,False,,False,,,,,renew,True,,,,,,,,,,,,,True,,3,
107278617,https://www.idealista.com/inmueble/107278617/,sale,Córdoba,Córdoba,37.8974194,-4.8096971,True,es,Córdoba,Noreña - Figueroa,Tablero,,340000.0,chalet,terracedHouse,189.0,,,4,3,,False,,False,,,,,good,,,,,,,,,,,,,,True,,,
111704573,https://www.idealista.com/inmueble/111704573/,sale,Córdoba,Córdoba,37.8770518,-4.7919893,True,es,Córdoba,Zoco - Poniente - Vistalegre,Vistalegre - Parque Cruz - Universidades,,360000.0,flat,flat,184.0,,,5,2,,False,,False,,,,,good,True,,,,,,,,,,,,,True,,1,
112569568,https://www.idealista.com/inmueble/112569568/,sale,Córdoba,Córdoba,37.8949296,-4.7659373,True,es,Córdoba,Levante - Lepanto - Fátima,Levante,,129900.0,flat,flat,64.0,,,3,1,,False,,False,,,,,good,False,,,,,,,,,,,,,False,,4,
112668549,https://www.idealista.com/inmueble/112668549/,sale,Córdoba,Córdoba,37.8790875,-4.7713865,True,es,Córdoba,Centro - Casco Histórico,Casco Histórico - Corredera - Ribera,,109000.0,studio,studio,39.0,,,0,1,,False,,True,,,,,good,False,,,,,,,,,,,,,False,,,
108824533,https://www.idealista.com/inmueble/108824533/,sale,Córdoba,Córdoba,37.8813574,-4.7947623,True,es,Córdoba,Ciudad Jardín,Ciudad Jardín,,155000.0,flat,flat,128.0,,,1,1,,False,,False,,,,,renew,True,,,,,,,,,,,,,False,,2,
112562529,https://www.idealista.com/inmueble/112562529/,sale,Córdoba,Córdoba,37.9098904,-4.7798745,True,es,Córdoba,Brillante - Trassierra - Naranjo,Naranjo - Mirabueno,,94900.0,flat,flat,74.0,,,3,1,,False,,False,,,,,renew,False,,,,,,,,,,,,,False,,3,
112569524,https://www.idealista.com/inmueble/112569524/,sale,Córdoba,Córdoba,37.9005151,-4.775183,True,es,Córdoba,Santa Rosa - Valdeolleros,Valdeolleros - Zumbacón - Camping,,189000.0,flat,flat,101.0,,,2,2,,False,,False,,,,,good,True,,,,,,,,,,,,,False,,1,
111274520,https://www.idealista.com/inmueble/111274520/,sale,Córdoba,Córdoba,37.8974697,-4.7760176,True,es,Córdoba,Santa Rosa - Valdeolleros,Santa Rosa - San José,,130000.0,flat,flat,67.0,,,3,1,,False,,False,,,,,good,True,,,,,,,,,,,,,False,,bj,
104028514,https://www.idealista.com/inmueble/104028514/,sale,Córdoba,Córdoba,37.8792713,-4.7723838,True,es,Córdoba,Centro - Casco Histórico,Casco Histórico - Corredera - Ribera,,132500.0,duplex,duplex,45.0,,,1,1,,True,,False,,,,,good,False,,,,,,,,,,,,,False,,bj,
110806505,https://www.idealista.com/inmueble/110806505/,sale,Córdoba,Córdoba,37.8851779,-4.7723566,True,es,Córdoba,Centro - Casco Histórico,Casco Histórico - Ollerías - Marrubial,,204000.0,flat,flat,119.0,,,3,2,,False,,False,,,,,good,False,,,,,,,,,,,,,False,,1,
111718499,https://www.idealista.com/inmueble/111718499/,sale,Córdoba,Córdoba,37.8904404,-4.7823537,True,es,Córdoba,Centro - Casco Histórico,El Vial - Ronda de Tejares,,740000.0,flat,flat,400.0,,,8,5,,False,,False,,,,,good,True,,,,,,,,,,,,,True,,7,
112610471,https://www.idealista.com/inmueble/112610471/,sale,Córdoba,Córdoba,37.8954833,-4.7874234,True,es,Córdoba,Santa Rosa - Valdeolleros,Huerta de la Reina,,179900.0,flat,flat,113.0,,,3,2,,False,,False,,,,,good,False,,,,,,,,,,,,,False,,3,
111512455,https://www.idealista.com/inmueble/111512455/,sale,Córdoba,Córdoba,37.9082749,-4.7768745,True,es,Córdoba,Brillante - Trassierra - Naranjo,Naranjo - Mirabueno,,249500.0,chalet,independantHouse,279.0,,,5,2,,False,,False,,,,,renew,,,,,,,,,,,,,,True,,,
108246437,https://www.idealista.com/inmueble/108246437/,sale,Córdoba,Córdoba,37.8910452,-4.787377,True,es,Córdoba,Centro - Casco Histórico,El Vial - Ronda de Tejares,,415000.0,flat,flat,138.0,,,3,2,,False,,False,,,,,good,True,,,,,,,,,,,,,True,,3,
112374431,https://www.idealista.com/inmueble/112374431/,sale,Córdoba,Córdoba,37.8829365,-4.7742304,True,es,Córdoba,Centro - Casco Histórico,Casco Histórico - Corredera - Ribera,,290000.0,penthouse,penthouse,106.0,,,3,2,,False,,False,,,,,good,False,,,,,,,,,,,,,True,,2,
112548417,https://www.idealista.com/inmueble/112548417/,sale,Córdoba,Córdoba,37.8962446,-4.7732555,True,es,Córdoba,Santa Rosa - Valdeolleros,Valdeolleros - Zumbacón - Camping,,169000.0,flat,flat,103.0,,,3,1,,False,,False,,,,,good,True,,,,,,,,,,,,,False,,,
110017415,https://www.idealista.com/inmueble/110017415/,sale,Córdoba,Córdoba,37.8844939,-4.768087,True,es,Córdoba,Centro - Casco Histórico,Casco Histórico - Corredera - Ribera,,279900.0,duplex,duplex,125.0,,,3,3,,True,,False,,,,,good,False,,,,,,,,,,,,,False,,bj,
108091411,https://www.idealista.com/inmueble/108091411/,sale,Córdoba,Córdoba,37.8897898,-4.7773158,True,es,Córdoba,Centro - Casco Histórico,Casco Histórico - Ollerías - Marrubial,,395000.0,flat,flat,180.0,,,4,2,,False,,False,,,,,good,True,,,,,,,,,,,,,True,,2,
112508361,https://www.idealista.com/inmueble/112508361/,sale,Córdoba,Córdoba,37.884195,-4.7912528,True,es,Córdoba,Ciudad Jardín,Ciudad Jardín,,179500.0,flat,flat,98.0,,,3,1,,False,,False,,,,,good,True,,,,,,,,,,,,,False,,2,
112018362,https://www.idealista.com/inmueble/112018362/,sale,Córdoba,Córdoba,37.87999,-4.7742688,True,es,Córdoba,Centro - Casco Histórico,Casco Histórico - Corredera - Ribera,,117900.0,flat,flat,42.0,,,1,1,,False,,False,,,,,good,False,,,,,,,,,,,,,False,,bj,
112529330,https://www.idealista.com/inmueble/112529330/,sale,Córdoba,Córdoba,37.872742,-4.7748359,True,es,Córdoba,Campo de la Verdad,Campo de la Verdad,,170000.0,chalet,terracedHouse,90.0,,,3,2,,False,,False,,,,,renew,,,,,,,,,,,,,,False,,,
109814318,https://www.idealista.com/inmueble/109814318/,sale,Córdoba,Córdoba,37.8845488,-4.7922751,True,es,Córdoba,Ciudad Jardín,Ciudad Jardín,,89000.0,flat,flat,69.0,,,3,1,,False,,False,,,,,renew,False,,,,,,,,,,,,,False,,4,
109723292,https://www.idealista.com/inmueble/109723292/,sale,Córdoba,Córdoba,37.9111938,-4.7826805,True,es,Córdoba,Brillante - Trassierra - Naranjo,Naranjo - Mirabueno,,500000.0,chalet,independantHouse,107.0,,,4,2,,False,,False,,,,,good,,,,,,,,,,,,,,True,,,
112107284,https://www.idealista.com/inmueble/112107284/,sale,Córdoba,Córdoba,37.8936182,-4.8049852,True,es,Córdoba,Noreña - Figueroa,Tablero,,665000.0,flat,flat,182.0,,,6,3,,False,,False,,,,,good,True,,,,,,,,,,,,,True,,2,
110314277,https://www.idealista.com/inmueble/110314277/,sale,Córdoba,Córdoba,37.8844134,-4.7778043,True,es,Córdoba,Centro - Casco Histórico,Judería - San Basilio,,399900.0,flat,flat,192.0,,,4,2,,False,,False,,,,,good,True,,,,,,,,,,,,,False,,1,
111531253,https://www.idealista.com/inmueble/111531253/,sale,Córdoba,Córdoba,37.8837403,-4.7713098,True,es,Córdoba,Centro - Casco Histórico,Casco Histórico - Corredera - Ribera,,385000.0,chalet,independantHouse,223.0,,,5,3,,False,,False,,,,,good,,,,,,,,,,,,,,True,,,
107233244,https://www.idealista.com/inmueble/107233244/,sale,Córdoba,Córdoba,37.9146974,-4.8121122,True,es,Córdoba,Brillante - Trassierra - Naranjo,Brillante,,1500000.0,chalet,independantHouse,823.0,,,5,6,,False,,False,,,,,good,,,,,,,,,,,,,,True,,,
107861231,https://www.idealista.com/inmueble/107861231/,sale,Córdoba,Córdoba,37.8929775,-4.7609269,True,es,Córdoba,Levante - Lepanto - Fátima,Levante,,139000.0,flat,flat,77.0,,,3,1,,False,,False,,,,,good,True,,,,,,,,,,,,,False,,5,
111464216,https://www.idealista.com/inmueble/111464216/,sale,Córdoba,Córdoba,37.8854035,-4.7775934,True,es,Córdoba,Centro - Casco Histórico,Centro,,375000.0,flat,flat,182.0,,,5,3,,False,,False,,,,,good,True,,,,,,,,,,,,,True,,2,
111196213,https://www.idealista.com/inmueble/111196213/,sale,Córdoba,Córdoba,37.8918526,-4.7625739,True,es,Córdoba,Levante - Lepanto - Fátima,La Viñuela,,217500.0,flat,flat,96.0,,,5,1,,False,,False,,,,,good,True,,,,,,,,,,,,,False,,1,
112553205,https://www.idealista.com/inmueble/112553205/,sale,Córdoba,Córdoba,37.8907242,-4.7727169,True,es,Córdoba,Centro - Casco Histórico,Casco Histórico - Ollerías - Marrubial,,118000.0,flat,flat,50.0,,,2,1,,False,,False,,,,,good,False,,,,,,,,,,,,,False,,,
85437196,https://www.idealista.com/inmueble/85437196/,sale,Córdoba,Córdoba,37.8895141,-4.7839657,True,es,Córdoba,Centro - Casco Histórico,El Vial - Ronda de Tejares,,420000.0,flat,flat,200.0,,,5,3,,False,,False,,,,,renew,True,,,,,,,,,,,,,True,,4,
112542184,https://www.idealista.com/inmueble/112542184/,sale,Córdoba,Córdoba,37.8825069,-4.7535359,True,es,Córdoba,Fuensanta - Zona Arcángel,Fuensanta - Arcángel - Santuario,,129900.0,flat,flat,72.0,,,3,1,,False,,False,,,,,good,True,,,,,,,,,,,,,False,,2,
110875176,https://www.idealista.com/inmueble/110875176/,sale,Córdoba,Córdoba,37.8832233,-4.7892221,True,es,Córdoba,Ciudad Jardín,Ciudad Jardín,,118900.0,flat,flat,61.0,,,2,1,,False,,False,,,,,good,False,,,,,,,,,,,,,False,,1,
112686169,https://www.idealista.com/inmueble/112686169/,sale,Córdoba,Córdoba,37.8893651,-4.7611794,True,es,Córdoba,Levante - Lepanto - Fátima,La Viñuela,,140000.0,flat,flat,66.0,,,2,1,,False,,False,,,,,good,False,,,,,,,,,,,,,False,,3,
112654168,https://www.idealista.com/inmueble/112654168/,sale,Córdoba,Córdoba,37.8922587,-4.7932384,True,es,Córdoba,Noreña - Figueroa,Carretera Trassierra - Colonia de la Paz,,165000.0,flat,flat,89.0,,,3,1,,False,,False,,,,,good,True,,,,,,,,,,,,,False,,2,
112071167,https://www.idealista.com/inmueble/112071167/,sale,Córdoba,Córdoba,37.8631034,-4.7732373,True,es,Córdoba,Campo de la Verdad,Campo de la Verdad,,93000.0,chalet,independantHouse,83.0,,,3,1,,False,,False,,,,,renew,,,,,,,,,,,,,,False,,,
85468170,https://www.idealista.com/inmueble/85468170/,sale,Córdoba,Córdoba,37.8832339,-4.7685151,True,es,Córdoba,Centro - Casco Histórico,Casco Histórico - Corredera - Ribera,,599999.0,chalet,independantHouse,697.0,,,1,5,,False,,False,,,,,good,,,,,,,,,,,,,,False,,,
109898167,https://www.idealista.com/inmueble/109898167/,sale,Córdoba,Córdoba,37.8849937,-4.7716708,True,es,Córdoba,Centro - Casco Histórico,Casco Histórico - Corredera - Ribera,,193900.0,chalet,terracedHouse,114.0,,,3,2,,False,,False,,,,,good,,,,,,,,,,,,,,False,,,
111336164,https://www.idealista.com/inmueble/111336164/,sale,Córdoba,Córdoba,37.8890347,-4.7877353,True,es,Córdoba,Centro - Casco Histórico,Cercadilla - Medina Azahara,,369000.0,flat,flat,129.0,,,3,2,,False,,False,,,,,good,True,,,,,,,,,,,,,True,,6,
110925161,https://www.idealista.com/inmueble/110925161/,sale,Córdoba,Córdoba,37.8833621,-4.7927937,True,es,Córdoba,Ciudad Jardín,Ciudad Jardín,,245000.0,flat,flat,137.0,,,3,2,,False,,False,,,,,good,True,,,,,,,,,,,,,False,,3,
109458139,https://www.idealista.com/inmueble/109458139/,sale,Córdoba,Córdoba,37.8902768,-4.7580828,True,es,Córdoba,Fuensanta - Zona Arcángel,Cañero - Fidiana,,225000.0,chalet,independantHouse,215.0,,,3,2,,False,,False,,,,,good,,,,,,,,,,,,,,False,,,
112574101,https://www.idealista.com/inmueble/112574101/,sale,Córdoba,Córdoba,37.8928135,-4.7685904,True,es,Córdoba,Levante - Lepanto - Fátima,Levante,,129900.0,flat,flat,64.0,,,3,1,,False,,False,,,,,good,False,,,,,,,,,,,,,False,,3,
109647096,https://www.idealista.com/inmueble/109647096/,sale,Córdoba,Córdoba,37.8856839,-4.7753212,True,es,Córdoba,Centro - Casco Histórico,Casco Histórico - Ollerías - Marrubial,,595000.0,chalet,independantHouse,310.0,,,3,2,,False,,False,,,,,good,,,,,,,,,,,,,,True,,,
111477089,https://www.idealista.com/inmueble/111477089/,sale,Córdoba,Córdoba,37.8848471,-4.7720347,True,es,Córdoba,Centro - Casco Histórico,Casco Histórico - Corredera - Ribera,,385000.0,chalet,independantHouse,223.0,,,5,3,,False,,False,,,,,good,,,,,,,,,,,,,,True,,,
112555083,https://www.idealista.com/inmueble/112555083/,sale,Córdoba,Córdoba,37.8878352,-4.7643482,True,es,Córdoba,Centro - Casco Histórico,Casco Histórico - Corredera - Ribera,,200000.0,flat,flat,115.0,,,4,2,,False,,False,,,,,good,False,,,,,,,,,,,,,False,,1,
112646067,https://www.idealista.com/inmueble/112646067/,sale,Córdoba,Córdoba,37.884444,-4.808365,True,es,Córdoba,Noreña - Figueroa,Miralbaida - Parque Azahara,,350000.0,chalet,terracedHouse,240.0,,,4,2,,False,,False,,,,,good,,,,,,,,,,,,,,True,,,
111558045,https://www.idealista.com/inmueble/111558045/,sale,Córdoba,Córdoba,37.8818789,-4.7877323,True,es,Córdoba,Ciudad Jardín,Ciudad Jardín,,350000.0,flat,flat,130.0,,,3,2,,False,,False,,,,,good,True,,,,,,,,,,,,,True,,4,
112577017,https://www.idealista.com/inmueble/112577017/,sale,Córdoba,Córdoba,37.8930028,-4.7681513,True,es,Córdoba,Levante - Lepanto - Fátima,Levante,,129900.0,flat,flat,64.0,,,3,1,,False,,False,,,,,good,False,,,,,,,,,,,,,False,,3,
112555008,https://www.idealista.com/inmueble/112555008/,sale,Córdoba,Córdoba,37.8924127,-4.7668861,True,es,Córdoba,Levante - Lepanto - Fátima,Levante,,129900.0,flat,flat,64.0,,,3,1,,False,,False,,,,,good,False,,,,,,,,,,,,,False,,3,
95493007,https://www.idealista.com/inmueble/95493007/,sale,Córdoba,Córdoba,37.912563,-4.8133329,True,es,Córdoba,Brillante - Trassierra - Naranjo,Brillante,,850000.0,chalet,independantHouse,808.0,,,5,5,,False,,False,,,,,good,,,,,,,,,,,,,,True,,,
111055006,https://www.idealista.com/inmueble/111055006/,sale,Córdoba,Córdoba,37.8740422,-4.7841902,True,es,Córdoba,Centro - Casco Histórico,Judería - San Basilio,,196000.0,flat,flat,60.0,,,3,1,,False,,False,,,,,good,False,,,,,,,,,,,,,False,,1,
112093995,https://www.idealista.com/inmueble/112093995/,sale,Córdoba,Córdoba,37.9100521,-4.7926584,True,es,Córdoba,Brillante - Trassierra - Naranjo,Brillante,,550000.0,chalet,semidetachedHouse,244.0,,,4,3,,False,,False,,,,,good,,,,,,,,,,,,,,False,,,
111739991,https://www.idealista.com/inmueble/111739991/,sale,Córdoba,Córdoba,37.9106358,-4.7786253,True,es,Córdoba,Brillante - Trassierra - Naranjo,Naranjo - Mirabueno,,249500.0,chalet,independantHouse,279.0,,,5,2,,False,,False,,,,,renew,,,,,,,,,,,,,,True,,,
111438994,https://www.idealista.com/inmueble/111438994/,sale,Córdoba,Córdoba,37.9268279,-4.7973917,True,es,Córdoba,Brillante - Trassierra - Naranjo,Brillante,,540000.0,chalet,independantHouse,238.0,,,6,3,,False,,False,,,,,good,,,,,,,,,,,,,,True,,,
104253982,https://www.idealista.com/inmueble/104253982/,sale,Córdoba,Córdoba,37.8843652,-4.7896506,True,es,Córdoba,Ciudad Jardín,Ciudad Jardín,,183500.0,flat,flat,80.0,,,2,1,,False,,False,,,,,good,True,,,,,,,,,,,,,False,,1,
112392980,https://www.idealista.com/inmueble/112392980/,sale,Córdoba,Córdoba,37.8803007,-4.7904631,True,es,Córdoba,Ciudad Jardín,Ciudad Jardín,,145000.0,flat,flat,57.0,,,2,2,,False,,False,,,,,good,False,,,,,,,,,,,,,False,,bj,
106748965,https://www.idealista.com/inmueble/106748965/,sale,Córdoba,Córdoba,37.8924719,-4.7862867,True,es,Córdoba,Centro - Casco Histórico,El Vial - Ronda de Tejares,,415000.0,flat,flat,148.0,,,3,2,,False,,False,,,,,good,True,,,,,,,,,,,,,True,,3,
111498958,https://www.idealista.com/inmueble/111498958/,sale,Córdoba,Córdoba,37.884315,-4.8019602,True,es,Córdoba,Zoco - Poniente - Vistalegre,Zoco - Poniente,,243500.0,penthouse,penthouse,124.0,,,2,1,,False,,False,,,,,good,False,,,,,,,,,,,,,False,,1,
111716935,https://www.idealista.com/inmueble/111716935/,sale,Córdoba,Córdoba,37.8750564,-4.7936887,True,es,Córdoba,Zoco - Poniente - Vistalegre,Vistalegre - Parque Cruz - Universidades,,360000.0,flat,flat,184.0,,,5,2,,False,,False,,,,,good,True,,,,,,,,,,,,,True,,1,
110550928,https://www.idealista.com/inmueble/110550928/,sale,Córdoba,Córdoba,37.8855637,-4.7729072,True,es,Córdoba,Centro - Casco Histórico,Casco Histórico - Ollerías - Marrubial,,205900.0,flat,flat,105.0,,,3,2,,False,,False,,,,,good,False,,,,,,,,,,,,,False,,2,
99370926,https://www.idealista.com/inmueble/99370926/,sale,Córdoba,Córdoba,37.8887554,-4.7787482,True,es,Córdoba,Centro - Casco Histórico,Centro,,1300000.0,chalet,terracedHouse,400.0,,,4,5,,False,,False,,,,,good,,,,,,,,,,,,,,True,,,
111890916,https://www.idealista.com/inmueble/111890916/,sale,Córdoba,Córdoba,37.8844842,-4.773187,True,es,Córdoba,Centro - Casco Histórico,Casco Histórico - Corredera - Ribera,,290000.0,flat,flat,177.0,,,3,2,,False,,False,,,,,good,False,,,,,,,,,,,,,True,,2,
108140904,https://www.idealista.com/inmueble/108140904/,sale,Córdoba,Córdoba,37.8920181,-4.7824704,True,es,Córdoba,Centro - Casco Histórico,El Vial - Ronda de Tejares,,445000.0,flat,flat,167.0,,,3,2,,False,,False,,,,,good,True,,,,,,,,,,,,,True,,1,
111133885,https://www.idealista.com/inmueble/111133885/,sale,Córdoba,Córdoba,37.9256008,-4.7513938,True,es,Córdoba,Brillante - Trassierra - Naranjo,Paraíso Arenal - La Colina,,394900.0,chalet,independantHouse,195.0,,,3,2,,False,,False,,,,,good,,,,,,,,,,,,,,True,,,
107735883,https://www.idealista.com/inmueble/107735883/,sale,Córdoba,Córdoba,37.8821725,-4.7684014,True,es,Córdoba,Centro - Casco Histórico,Casco Histórico - Corredera - Ribera,,270000.0,chalet,independantHouse,567.0,,,10,3,,False,,False,,,,,renew,,,,,,,,,,,,,,False,,,
87099872,https://www.idealista.com/inmueble/87099872/,sale,Córdoba,Córdoba,37.8800601,-4.7766893,True,es,Córdoba,Centro - Casco Histórico,Casco Histórico - Corredera - Ribera,,300000.0,duplex,duplex,123.0,,,3,2,,True,,False,,,,,good,False,,,,,,,,,,,,,True,,2,
112055835,https://www.idealista.com/inmueble/112055835/,sale,Córdoba,Córdoba,37.9165415,-4.8058297,True,es,Córdoba,Brillante - Trassierra - Naranjo,Brillante,,550000.0,chalet,independantHouse,218.0,,,4,3,,False,,False,,,,,renew,,,,,,,,,,,,,,False,,,
106257822,https://www.idealista.com/inmueble/106257822/,sale,Córdoba,Córdoba,37.8860001,-4.7955527,True,es,Córdoba,Ciudad Jardín,Ciudad Jardín,,164900.0,flat,flat,100.0,,,4,1,,False,,False,,,,,good,False,,,,,,,,,,,,,False,,3,
110789766,https://www.idealista.com/inmueble/110789766/,sale,Córdoba,Córdoba,37.8874732,-4.7830008,True,es,Córdoba,Centro - Casco Histórico,El Vial - Ronda de Tejares,,550000.0,flat,flat,236.0,,,4,4,,False,,False,,,,,good,True,,,,,,,,,,,,,True,,3,
109846755,https://www.idealista.com/inmueble/109846755/,sale,Córdoba,Córdoba,37.9203467,-4.8001883,True,es,Córdoba,Brillante - Trassierra - Naranjo,Brillante,,698000.0,chalet,independantHouse,307.0,,,4,3,,False,,False,,,,,good,,,,,,,,,,,,,,True,,,
110942755,https://www.idealista.com/inmueble/110942755/,sale,Córdoba,Córdoba,37.8754429,-4.7928586,True,es,Córdoba,Zoco - Poniente - Vistalegre,Vistalegre - Parque Cruz - Universidades,,379900.0,flat,flat,198.0,,,5,3,,False,,False,,,,,good,True,,,,,,,,,,,,,True,,2,
109884752,https://www.idealista.com/inmueble/109884752/,sale,Córdoba,Córdoba,37.8829515,-4.7606286,True,es,Córdoba,Fuensanta - Zona Arcángel,Fuensanta - Arcángel - Santuario,,123000.0,flat,flat,77.0,,,2,1,,False,,False,,,,,good,False,,,,,,,,,,,,,False,,1,
112427716,https://www.idealista.com/inmueble/112427716/,sale,Córdoba,Córdoba,37.8944503,-4.7731063,True,es,Córdoba,Centro - Casco Histórico,San Cayetano,,239000.0,chalet,terracedHouse,147.0,,,4,2,,False,,False,,,,,good,,,,,,,,,,,,,,False,,,
112121709,https://www.idealista.com/inmueble/112121709/,sale,Córdoba,Córdoba,37.9209272,-4.8012168,True,es,Córdoba,Brillante - Trassierra - Naranjo,Brillante,,990000.0,chalet,independantHouse,422.0,,,6,4,,False,,False,,,,,good,,,,,,,,,,,,,,True,,,
111161706,https://www.idealista.com/inmueble/111161706/,sale,Córdoba,Córdoba,37.895198,-4.7806417,True,es,Córdoba,Santa Rosa - Valdeolleros,Santa Rosa - San José,,210000.0,flat,flat,94.0,,,2,1,,False,,False,,,,,good,False,,,,,,,,,,,,,False,,2,
88541700,https://www.idealista.com/inmueble/88541700/,sale,Córdoba,Córdoba,37.888384,-4.7717796,True,es,Córdoba,Centro - Casco Histórico,Casco Histórico - Ollerías - Marrubial,,830000.0,chalet,independantHouse,725.0,,,6,6,,False,,False,,,,,good,,,,,,,,,,,,,,True,,,
108649684,https://www.idealista.com/inmueble/108649684/,sale,Córdoba,Córdoba,37.9089043,-4.7829074,True,es,Córdoba,Brillante - Trassierra - Naranjo,Naranjo - Mirabueno,,510000.0,chalet,independantHouse,389.0,,,4,2,,False,,False,,,,,good,,,,,,,,,,,,,,True,,,
97897682,https://www.idealista.com/inmueble/97897682/,sale,Córdoba,Córdoba,37.9191171,-4.7881791,True,es,Córdoba,Brillante - Trassierra - Naranjo,Brillante,,775000.0,chalet,independantHouse,600.0,,,9,5,,False,,False,,,,,good,,,,,,,,,,,,,,True,,,
111928666,https://www.idealista.com/inmueble/111928666/,sale,Córdoba,Córdoba,37.878972,-4.7907522,True,es,Córdoba,Ciudad Jardín,Ciudad Jardín,,99999.0,flat,flat,60.0,,,1,1,,False,,False,,,,,good,False,,,,,,,,,,,,,False,,2,
111934660,https://www.idealista.com/inmueble/111934660/,sale,Córdoba,Córdoba,37.9022296,-4.7810978,True,es,Córdoba,Brillante - Trassierra - Naranjo,Brillante,,535000.0,chalet,independantHouse,205.0,,,4,3,,False,,False,,,,,good,,,,,,,,,,,,,,True,,,
111751655,https://www.idealista.com/inmueble/111751655/,sale,Córdoba,Córdoba,37.894114,-4.7643947,True,es,Córdoba,Levante - Lepanto - Fátima,Levante,,180000.0,penthouse,penthouse,105.0,,,3,1,,False,,False,,,,,good,True,,,,,,,,,,,,,False,,4,
110971632,https://www.idealista.com/inmueble/110971632/,sale,Córdoba,Córdoba,37.872352,-4.7775325,True,es,Córdoba,Sector sur - Santa Cruz,Sector sur - Santa Cruz,,349900.0,chalet,independantHouse,151.0,,,4,2,,False,,False,,,,,good,,,,,,,,,,,,,,True,,,
112377621,https://www.idealista.com/inmueble/112377621/,sale,Córdoba,Córdoba,37.9025212,-4.8092241,True,es,Córdoba,Noreña - Figueroa,Tablero,,460000.0,penthouse,penthouse,114.0,,,3,2,,False,,False,,,,,good,True,,,,,,,,,,,,,True,,2,
110547624,https://www.idealista.com/inmueble/110547624/,sale,Córdoba,Córdoba,37.8824079,-4.7795919,True,es,Córdoba,Centro - Casco Histórico,Judería - San Basilio,,409000.0,flat,flat,192.0,,,4,3,,False,,False,,,,,good,True,,,,,,,,,,,,,True,,1,
99000609,https://www.idealista.com/inmueble/99000609/,sale,Córdoba,Córdoba,37.8856236,-4.7697405,True,es,Córdoba,Centro - Casco Histórico,Casco Histórico - Corredera - Ribera,,129000.0,chalet,independantHouse,200.0,,,0,0,,False,,False,,,,,renew,,,,,,,,,,,,,,False,,,
106194573,https://www.idealista.com/inmueble/106194573/,sale,Córdoba,Córdoba,37.8838306,-4.7815457,True,es,Córdoba,Centro - Casco Histórico,Centro,,319000.0,flat,flat,153.0,,,4,2,,False,,False,,,,,good,False,,,,,,,,,,,,,False,,1,
112449567,https://www.idealista.com/inmueble/112449567/,sale,Córdoba,Córdoba,37.8954207,-4.7716285,True,es,Córdoba,Centro - Casco Histórico,San Cayetano,,239000.0,chalet,terracedHouse,147.0,,,4,3,,False,,False,,,,,good,,,,,,,,,,,,,,False,,,
111855553,https://www.idealista.com/inmueble/111855553/,sale,Córdoba,Córdoba,37.9224837,-4.7574492,True,es,Córdoba,Brillante - Trassierra - Naranjo,Paraíso Arenal - La Colina,,138000.0,chalet,independantHouse,90.0,,,3,1,,False,,False,,,,,good,,,,,,,,,,,,,,False,,,
111733548,https://www.idealista.com/inmueble/111733548/,sale,Córdoba,Córdoba,37.8900423,-4.7586851,True,es,Córdoba,Fuensanta - Zona Arcángel,Cañero - Fidiana,,225000.0,chalet,independantHouse,144.0,,,3,2,,False,,False,,,,,good,,,,,,,,,,,,,,False,,,
109187533,https://www.idealista.com/inmueble/109187533/,sale,Córdoba,Córdoba,37.8827034,-4.7793968,True,es,Córdoba,Centro - Casco Histórico,Judería - San Basilio,,413000.0,flat,flat,192.0,,,6,2,,False,,False,,,,,good,True,,,,,,,,,,,,,True,,1,
109699524,https://www.idealista.com/inmueble/109699524/,sale,Córdoba,Córdoba,37.8862342,-4.7760822,True,es,Córdoba,Centro - Casco Histórico,Centro,,159000.0,penthouse,penthouse,40.0,,,1,1,,False,,False,,,,,good,False,,,,,,,,,,,,,False,,3,
109864505,https://www.idealista.com/inmueble/109864505/,sale,Córdoba,Córdoba,37.9183476,-4.8004899,True,es,Córdoba,Brillante - Trassierra - Naranjo,Brillante,,800000.0,chalet,independantHouse,553.0,,,8,5,,False,,False,,,,,good,,,,,,,,,,,,,,False,,,
112542494,https://www.idealista.com/inmueble/112542494/,sale,Córdoba,Córdoba,37.8900045,-4.76666,True,es,Córdoba,Centro - Casco Histórico,Casco Histórico - Ollerías - Marrubial,,145500.0,flat,flat,69.0,,,2,1,,False,,False,,,,,good,False,,,,,,,,,,,,,False,,1,
111465495,https://www.idealista.com/inmueble/111465495/,sale,Córdoba,Córdoba,37.894954,-4.7920002,True,es,Córdoba,Noreña - Figueroa,Tablero,,349000.0,duplex,duplex,183.0,,,4,3,,True,,False,,,,,good,True,,,,,,,,,,,,,True,,3,
111465493,https://www.idealista.com/inmueble/111465493/,sale,Córdoba,Córdoba,37.8805413,-4.79375,True,es,Córdoba,Ciudad Jardín,Ciudad Jardín,,138400.0,flat,flat,80.0,,,3,1,,False,,False,,,,,good,False,,,,,,,,,,,,,False,,2,
105313482,https://www.idealista.com/inmueble/105313482/,sale,Córdoba,Córdoba,37.887801,-4.7817131,True,es,Córdoba,Centro - Casco Histórico,Centro,,225000.0,flat,flat,80.0,,,2,2,,False,,False,,,,,good,True,,,,,,,,,,,,,False,,2,
106994473,https://www.idealista.com/inmueble/106994473/,sale,Córdoba,Córdoba,37.9136479,-4.8123496,True,es,Córdoba,Brillante - Trassierra - Naranjo,Brillante,,1500000.0,chalet,independantHouse,752.0,,,5,5,,False,,False,,,,,good,,,,,,,,,,,,,,True,,,
110764452,https://www.idealista.com/inmueble/110764452/,sale,Córdoba,Córdoba,37.8836784,-4.7801998,True,es,Córdoba,Centro - Casco Histórico,Judería - San Basilio,,449900.0,flat,flat,117.0,,,5,2,,False,,False,,,,,good,True,,,,,,,,,,,,,False,,1,
112023424,https://www.idealista.com/inmueble/112023424/,sale,Córdoba,Córdoba,37.9025281,-4.8002703,True,es,Córdoba,Noreña - Figueroa,Tablero,,600000.0,flat,flat,158.0,,,4,2,,False,,False,,,,,good,True,,,,,,,,,,,,,True,,bj,
110834424,https://www.idealista.com/inmueble/110834424/,sale,Córdoba,Córdoba,37.8937366,-4.7586767,True,es,Córdoba,Levante - Lepanto - Fátima,La Viñuela,,86900.0,flat,flat,55.0,,,3,1,,False,,False,,,,,renew,False,,,,,,,,,,,,,False,,4,
112411418,https://www.idealista.com/inmueble/112411418/,sale,Córdoba,Córdoba,37.9073194,-4.7816637,True,es,Córdoba,Brillante - Trassierra - Naranjo,Naranjo - Mirabueno,,156500.0,duplex,duplex,102.0,,,3,3,,True,,False,,,,,good,False,,,,,,,,,,,,,False,,bj,
111994414,https://www.idealista.com/inmueble/111994414/,sale,Córdoba,Córdoba,37.8840913,-4.7763046,True,es,Córdoba,Centro - Casco Histórico,Centro,,149000.0,flat,flat,40.0,,,1,1,,False,,False,,,,,good,False,,,,,,,,,,,,,False,,1,
110936403,https://www.idealista.com/inmueble/110936403/,sale,Córdoba,Córdoba,37.8933361,-4.797969,True,es,Córdoba,Noreña - Figueroa,Tablero,,255000.0,flat,flat,99.0,,,3,2,,False,,False,,,,,good,True,,,,,,,,,,,,,True,,4,
96069333,https://www.idealista.com/inmueble/96069333/,sale,Córdoba,Córdoba,37.8846378,-4.7795087,True,es,Córdoba,Centro - Casco Histórico,Centro,,355000.0,flat,flat,165.0,,,4,2,,False,,False,,,,,good,True,,,,,,,,,,,,,True,,4,
111360316,https://www.idealista.com/inmueble/111360316/,sale,Córdoba,Córdoba,37.8893596,-4.7664957,True,es,Córdoba,Levante - Lepanto - Fátima,La Viñuela,,215000.0,flat,flat,92.0,,,4,2,,False,,False,,,,,good,True,,,,,,,,,,,,,True,,2,
112018311,https://www.idealista.com/inmueble/112018311/,sale,Córdoba,Córdoba,37.8987427,-4.8001592,True,es,Córdoba,Noreña - Figueroa,Tablero,,600000.0,flat,flat,158.0,,,4,2,,False,,False,,,,,good,True,,,,,,,,,,,,,True,,bj,
111409302,https://www.idealista.com/inmueble/111409302/,sale,Córdoba,Córdoba,37.8959727,-4.7723586,True,es,Córdoba,Santa Rosa - Valdeolleros,Valdeolleros - Zumbacón - Camping,,424800.0,penthouse,penthouse,126.0,,,4,2,,False,,False,,,,,good,True,,,,,,,,,,,,,True,,3,
110412308,https://www.idealista.com/inmueble/110412308/,sale,Córdoba,Córdoba,37.8846291,-4.7920315,True,es,Córdoba,Centro - Casco Histórico,Cercadilla - Medina Azahara,,462000.0,flat,flat,186.0,,,6,6,,False,,False,,,,,good,False,,,,,,,,,,,,,False,,-1,
112548290,https://www.idealista.com/inmueble/112548290/,sale,Córdoba,Córdoba,37.8850465,-4.794339,True,es,Córdoba,Centro - Casco Histórico,Cercadilla - Medina Azahara,,235000.0,flat,flat,105.0,,,4,2,,False,,False,,,,,good,True,,,,,,,,,,,,,False,,4,
109739273,https://www.idealista.com/inmueble/109739273/,sale,Córdoba,Córdoba,37.8865387,-4.7926042,True,es,Córdoba,Ciudad Jardín,Ciudad Jardín,,246000.0,flat,flat,104.0,,,2,2,,False,,False,,,,,good,True,,,,,,,,,,,,,True,,,
112555265,https://www.idealista.com/inmueble/112555265/,sale,Córdoba,Córdoba,37.8964234,-4.7762869,True,es,Córdoba,Santa Rosa - Valdeolleros,Santa Rosa - San José,,125000.0,flat,flat,45.0,,,1,1,,False,,False,,,,,good,False,,,,,,,,,,,,,False,,bj,
110853257,https://www.idealista.com/inmueble/110853257/,sale,Córdoba,Córdoba,37.8945078,-4.7598323,True,es,Córdoba,Levante - Lepanto - Fátima,Levante,,385000.0,chalet,independantHouse,264.0,,,6,2,,False,,False,,,,,good,,,,,,,,,,,,,,False,,,
107557245,https://www.idealista.com/inmueble/107557245/,sale,Córdoba,Córdoba,37.8772215,-4.7742243,True,es,Córdoba,Campo de la Verdad,Campo de la Verdad,,164000.0,chalet,independantHouse,92.0,,,4,1,,False,,False,,,,,good,,,,,,,,,,,,,,False,,,
112618243,https://www.idealista.com/inmueble/112618243/,sale,Córdoba,Córdoba,37.8668969,-4.776763,True,es,Córdoba,Sector sur - Santa Cruz,Sector sur - Santa Cruz,,170000.0,flat,flat,93.0,,,3,1,,False,,False,,,,,good,True,,,,,,,,,,,,,False,,5,
112501215,https://www.idealista.com/inmueble/112501215/,sale,Córdoba,Córdoba,37.8929343,-4.7554061,True,es,Córdoba,Levante - Lepanto - Fátima,El Cairo,,110000.0,flat,flat,75.0,,,3,1,,False,,False,,,,,renew,False,,,,,,,,,,,,,False,,3,
111908194,https://www.idealista.com/inmueble/111908194/,sale,Córdoba,Córdoba,37.8820126,-4.7938345,True,es,Córdoba,Ciudad Jardín,Ciudad Jardín,,140000.0,flat,flat,54.0,,,2,1,,False,,False,,,,,good,False,,,,,,,,,,,,,False,,bj,
112566164,https://www.idealista.com/inmueble/112566164/,sale,Córdoba,Córdoba,37.8863289,-4.7865192,True,es,Córdoba,Centro - Casco Histórico,Cercadilla - Medina Azahara,,277000.0,flat,flat,82.0,,,2,1,,False,,False,,,,,good,True,,,,,,,,,,,,,False,,4,
112564145,https://www.idealista.com/inmueble/112564145/,sale,Córdoba,Córdoba,37.8978885,-4.7709103,True,es,Córdoba,Santa Rosa - Valdeolleros,Valdeolleros - Zumbacón - Camping,,290000.0,chalet,terracedHouse,140.0,,,3,2,,False,,False,,,,,good,,,,,,,,,,,,,,True,,,
112629138,https://www.idealista.com/inmueble/112629138/,sale,Córdoba,Córdoba,37.8809998,-4.7823696,False,es,Córdoba,Centro - Casco Histórico,Judería - San Basilio,,174000.0,flat,flat,70.0,,,3,1,,False,,False,,,,,good,False,,,,,,,,,,,,,False,,1,
112559112,https://www.idealista.com/inmueble/112559112/,sale,Córdoba,Córdoba,37.8953002,-4.7658912,True,es,Córdoba,Levante - Lepanto - Fátima,Levante,,129900.0,flat,flat,64.0,,,3,1,,False,,False,,,,,good,False,,,,,,,,,,,,,False,,4,
109849103,https://www.idealista.com/inmueble/109849103/,sale,Córdoba,Córdoba,37.8795473,-4.7730671,True,es,Córdoba,Centro - Casco Histórico,Casco Histórico - Corredera - Ribera,,125000.0,flat,flat,95.0,,,1,1,,False,,False,,,,,good,False,,,,,,,,,,,,,False,,,
111314087,https://www.idealista.com/inmueble/111314087/,sale,Córdoba,Córdoba,37.8885516,-4.7744976,True,es,Córdoba,Centro - Casco Histórico,Casco Histórico - Ollerías - Marrubial,,256000.0,flat,flat,95.0,,,4,1,,False,,False,,,,,good,False,,,,,,,,,,,,,True,,2,
112615059,https://www.idealista.com/inmueble/112615059/,sale,Córdoba,Córdoba,37.9065853,-4.7928551,True,es,Córdoba,Brillante - Trassierra - Naranjo,Brillante,,550000.0,chalet,independantHouse,244.0,,,3,3,,False,,False,,,,,good,,,,,,,,,,,,,,True,,,
109768045,https://www.idealista.com/inmueble/109768045/,sale,Córdoba,Córdoba,37.8883783,-4.770548,True,es,Córdoba,Centro - Casco Histórico,Casco Histórico - Ollerías - Marrubial,,820000.0,chalet,independantHouse,725.0,,,7,6,,False,,False,,,,,good,,,,,,,,,,,,,,True,,,
111146037,https://www.idealista.com/inmueble/111146037/,sale,Córdoba,Córdoba,37.8954968,-4.7757601,True,es,Córdoba,Santa Rosa - Valdeolleros,Santa Rosa - San José,,125000.0,flat,flat,60.0,,,1,1,,False,,False,,,,,good,False,,,,,,,,,,,,,False,,bj,
109022031,https://www.idealista.com/inmueble/109022031/,sale,Córdoba,Córdoba,37.8748095,-4.7761655,True,es,Córdoba,Campo de la Verdad,Campo de la Verdad,,280170.0,chalet,terracedHouse,100.0,,,3,2,,False,,False,,,,,good,,,,,,,,,,,,,,True,,,
112566016,https://www.idealista.com/inmueble/112566016/,sale,Córdoba,Córdoba,37.884566,-4.7612052,True,es,Córdoba,Fuensanta - Zona Arcángel,Fuensanta - Arcángel - Santuario,,178000.0,flat,flat,90.0,,,3,2,,False,,False,,,,,good,True,,,,,,,,,,,,,False,,7,
112096005,https://www.idealista.com/inmueble/112096005/,sale,Córdoba,Córdoba,37.8786316,-4.780505,True,es,Córdoba,Centro - Casco Histórico,Judería - San Basilio,,320000.0,flat,flat,150.0,,,8,8,,False,,False,,,,,renew,False,,,,,,,,,,,,,False,,1,
111214997,https://www.idealista.com/inmueble/111214997/,sale,Córdoba,Córdoba,37.9111156,-4.7812795,True,es,Córdoba,Brillante - Trassierra - Naranjo,Naranjo - Mirabueno,,159500.0,flat,flat,100.0,,,3,2,,False,,False,,,,,good,False,,,,,,,,,,,,,False,,ss,
85436981,https://www.idealista.com/inmueble/85436981/,sale,Córdoba,Córdoba,37.8856064,-4.7800282,True,es,Córdoba,Centro - Casco Histórico,Centro,,1300000.0,chalet,independantHouse,367.0,,,4,5,,False,,False,,,,,good,,,,,,,,,,,,,,True,,,
111226930,https://www.idealista.com/inmueble/111226930/,sale,Córdoba,Córdoba,37.8989362,-4.776992,True,es,Córdoba,Santa Rosa - Valdeolleros,Valdeolleros - Zumbacón - Camping,,163900.0,flat,flat,74.0,,,3,1,,False,,False,,,,,good,True,,,,,,,,,,,,,False,,2,
112330897,https://www.idealista.com/inmueble/112330897/,sale,Córdoba,Córdoba,37.8792818,-4.7921916,False,es,Córdoba,Ciudad Jardín,Ciudad Jardín,,79000.0,flat,flat,57.0,,,3,1,,False,,False,,,,,good,False,,,,,,,,,,,,,False,,3,
111267807,https://www.idealista.com/inmueble/111267807/,sale,Córdoba,Córdoba,37.911252,-4.8020977,True,es,Córdoba,Brillante - Trassierra - Naranjo,Brillante,,1000000.0,chalet,independantHouse,813.0,,,11,9,,False,,False,,,,,good,,,,,,,,,,,,,,True,,,
111394750,https://www.idealista.com/inmueble/111394750/,sale,Córdoba,Córdoba,37.9006772,-4.7890406,True,es,Córdoba,Noreña - Figueroa,Tablero,,796000.0,chalet,independantHouse,460.0,,,6,3,,False,,False,,,,,good,,,,,,,,,,,,,,True,,,
85540677,https://www.idealista.com/inmueble/85540677/,sale,Córdoba,Córdoba,37.8963901,-4.8029518,True,es,Córdoba,Noreña - Figueroa,Tablero,,430000.0,penthouse,penthouse,143.0,,,3,2,,False,,False,,,,,good,True,,,,,,,,,,,,,False,,5,
102470672,https://www.idealista.com/inmueble/102470672/,sale,Córdoba,Córdoba,37.88857,-4.7716498,True,es,Córdoba,Centro - Casco Histórico,Casco Histórico - Ollerías - Marrubial,,449000.0,chalet,independantHouse,428.0,,,5,4,,False,,False,,,,,good,,,,,,,,,,,,,,True,,,
107236654,https://www.idealista.com/inmueble/107236654/,sale,Córdoba,Córdoba,37.887795,-4.7717723,True,es,Córdoba,Centro - Casco Histórico,Casco Histórico - Ollerías - Marrubial,,259800.0,chalet,independantHouse,177.0,,,5,2,,False,,False,,,,,good,,,,,,,,,,,,,,False,,,
112555637,https://www.idealista.com/inmueble/112555637/,sale,Córdoba,Córdoba,37.895074,-4.7672667,True,es,Córdoba,Levante - Lepanto - Fátima,Levante,,129900.0,flat,flat,64.0,,,3,1,,False,,False,,,,,good,False,,,,,,,,,,,,,False,,4,
111471633,https://www.idealista.com/inmueble/111471633/,sale,Córdoba,Córdoba,37.8905898,-4.7830858,True,es,Córdoba,Centro - Casco Histórico,El Vial - Ronda de Tejares,,159900.0,flat,flat,53.0,,,1,1,,False,,False,,,,,good,True,,,,,,,,,,,,,False,,4,
105561634,https://www.idealista.com/inmueble/105561634/,sale,Córdoba,Córdoba,37.8752976,-4.7952685,True,es,Córdoba,Zoco - Poniente - Vistalegre,Zoco - Poniente,,114000.0,flat,flat,36.0,,,1,1,,False,,False,,,,,good,True,,,,,,,,,,,,,False,,1,
111508601,https://www.idealista.com/inmueble/111508601/,sale,Córdoba,Córdoba,37.889695,-4.7632247,True,es,Córdoba,Levante - Lepanto - Fátima,La Viñuela,,220500.0,flat,flat,90.0,,,3,1,,False,,False,,,,,good,True,,,,,,,,,,,,,True,,2,
111813588,https://www.idealista.com/inmueble/111813588/,sale,Córdoba,Córdoba,37.8903217,-4.7724468,True,es,Córdoba,Centro - Casco Histórico,Casco Histórico - Ollerías - Marrubial,,850000.0,chalet,independantHouse,725.0,,,6,5,,False,,False,,,,,good,,,,,,,,,,,,,,True,,,
96599577,https://www.idealista.com/inmueble/96599577/,sale,Córdoba,Córdoba,37.922675,-4.7947764,True,es,Córdoba,Brillante - Trassierra - Naranjo,Brillante,,690000.0,chalet,independantHouse,452.0,,,10,6,,False,,False,,,,,good,,,,,,,,,,,,,,True,,,
112555565,https://www.idealista.com/inmueble/112555565/,sale,Córdoba,Córdoba,37.8998368,-4.7752486,True,es,Córdoba,Santa Rosa - Valdeolleros,Valdeolleros - Zumbacón - Camping,,189000.0,flat,flat,101.0,,,2,2,,False,,False,,,,,good,True,,,,,,,,,,,,,False,,1,
110550538,https://www.idealista.com/inmueble/110550538/,sale,Córdoba,Córdoba,37.8853124,-4.7790029,True,es,Córdoba,Centro - Casco Histórico,Centro,,358000.0,flat,flat,87.0,,,2,2,,False,,False,,,,,good,True,,,,,,,,,,,,,False,,2,
107617533,https://www.idealista.com/inmueble/107617533/,sale,Córdoba,Córdoba,37.8905938,-4.7728338,True,es,Córdoba,Centro - Casco Histórico,Casco Histórico - Ollerías - Marrubial,,820000.0,chalet,independantHouse,725.0,,,7,6,,False,,False,,,,,good,,,,,,,,,,,,,,True,,,
112608531,https://www.idealista.com/inmueble/112608531/,sale,Córdoba,Córdoba,37.8699732,-4.7768122,True,es,Córdoba,Sector sur - Santa Cruz,Sector sur - Santa Cruz,,130000.0,flat,flat,62.0,,,3,1,,False,,False,,,,,good,True,,,,,,,,,,,,,False,,3,
110508514,https://www.idealista.com/inmueble/110508514/,sale,Córdoba,Córdoba,37.8861601,-4.781856,True,es,Córdoba,Centro - Casco Histórico,Centro,,389000.0,flat,flat,160.0,,,6,2,,False,,False,,,,,renew,True,,,,,,,,,,,,,False,,2,
96883483,https://www.idealista.com/inmueble/96883483/,sale,Córdoba,Córdoba,37.888408,-4.7800625,True,es,Córdoba,Centro - Casco Histórico,El Vial - Ronda de Tejares,,390000.0,flat,flat,175.0,,,3,2,,False,,False,,,,,renew,True,,,,,,,,,,,,,False,,1,
112551472,https://www.idealista.com/inmueble/112551472/,sale,Córdoba,Córdoba,37.8972184,-4.7556979,True,es,Córdoba,Levante - Lepanto - Fátima,Fátima - Campiñuela,,167000.0,flat,flat,72.0,,,3,1,,False,,False,,,,,good,True,,,,,,,,,,,,,False,,2,
112006458,https://www.idealista.com/inmueble/112006458/,sale,Córdoba,Córdoba,37.8857814,-4.7742954,True,es,Córdoba,Centro - Casco Histórico,Casco Histórico - Ollerías - Marrubial,,165000.0,flat,flat,49.0,,,2,1,,False,,False,,,,,good,False,,,,,,,,,,,,,False,,2,
112264454,https://www.idealista.com/inmueble/112264454/,sale,Córdoba,Córdoba,37.8838845,-4.7915233,True,es,Córdoba,Ciudad Jardín,Ciudad Jardín,,131500.0,flat,flat,81.0,,,4,1,,False,,False,,,,,renew,False,,,,,,,,,,,,,False,,,
111801460,https://www.idealista.com/inmueble/111801460/,sale,Córdoba,Córdoba,37.8791862,-4.7713012,True,es,Córdoba,Centro - Casco Histórico,Casco Histórico - Corredera - Ribera,,289000.0,chalet,independantHouse,317.0,,,7,2,,False,,False,,,,,renew,,,,,,,,,,,,,,False,,,
110880439,https://www.idealista.com/inmueble/110880439/,sale,Córdoba,Córdoba,37.8824721,-4.7703007,True,es,Córdoba,Centro - Casco Histórico,Casco Histórico - Corredera - Ribera,,167900.0,flat,flat,114.0,,,3,2,,False,,False,,,,,renew,False,,,,,,,,,,,,,False,,1,
107837444,https://www.idealista.com/inmueble/107837444/,sale,Córdoba,Córdoba,37.9137034,-4.7864317,True,es,Córdoba,Brillante - Trassierra - Naranjo,Brillante,,800000.0,chalet,independantHouse,812.0,,,6,6,,False,,False,,,,,good,,,,,,,,,,,,,,True,,,
112389427,https://www.idealista.com/inmueble/112389427/,sale,Córdoba,Córdoba,37.9078225,-4.7765023,True,es,Córdoba,Brillante - Trassierra - Naranjo,Naranjo - Mirabueno,,159000.0,flat,flat,50.0,,,2,1,,False,,False,,,,,good,False,,,,,,,,,,,,,False,,bj,
103875415,https://www.idealista.com/inmueble/103875415/,sale,Córdoba,Córdoba,37.9154681,-4.7881692,True,es,Córdoba,Brillante - Trassierra - Naranjo,Brillante,,600000.0,chalet,independantHouse,566.0,,,7,2,,False,,False,,,,,good,,,,,,,,,,,,,,True,,,
107385373,https://www.idealista.com/inmueble/107385373/,sale,Córdoba,Córdoba,37.8881683,-4.7607988,True,es,Córdoba,Levante - Lepanto - Fátima,La Viñuela,,115000.0,flat,flat,70.0,,,2,1,,False,,False,,,,,good,False,,,,,,,,,,,,,False,,2,
112565368,https://www.idealista.com/inmueble/112565368/,sale,Córdoba,Córdoba,37.8846329,-4.7921339,True,es,Córdoba,Centro - Casco Histórico,Cercadilla - Medina Azahara,,240000.0,flat,flat,108.0,,,3,2,,False,,False,,,,,good,True,,,,,,,,,,,,,True,,4,
110803305,https://www.idealista.com/inmueble/110803305/,sale,Córdoba,Córdoba,37.8863217,-4.7819058,True,es,Córdoba,Centro - Casco Histórico,Centro,,625000.0,flat,flat,416.0,,,8,5,,False,,False,,,,,renew,True,,,,,,,,,,,,,True,,3,
111637284,https://www.idealista.com/inmueble/111637284/,sale,Córdoba,Córdoba,37.879987,-4.7698141,True,es,Córdoba,Centro - Casco Histórico,Casco Histórico - Corredera - Ribera,,99000.0,flat,flat,35.0,,,1,1,,False,,False,,,,,good,False,,,,,,,,,,,,,False,,bj,
112560223,https://www.idealista.com/inmueble/112560223/,sale,Córdoba,Córdoba,37.8649578,-4.7754292,True,es,Córdoba,Sector sur - Santa Cruz,Sector sur - Santa Cruz,,54600.0,flat,flat,60.0,,,2,1,,False,,False,,,,,good,True,,,,,,,,,,,,,False,,,
112541183,https://www.idealista.com/inmueble/112541183/,sale,Córdoba,Córdoba,37.904535,-4.782935,True,es,Córdoba,Brillante - Trassierra - Naranjo,Brillante,,535000.0,chalet,independantHouse,205.0,,,4,3,,False,,False,,,,,good,,,,,,,,,,,,,,True,,,
111418093,https://www.idealista.com/inmueble/111418093/,sale,Córdoba,Córdoba,37.9116373,-4.7806505,True,es,Córdoba,Brillante - Trassierra - Naranjo,Naranjo - Mirabueno,,155900.0,flat,flat,98.0,,,3,3,,False,,False,,,,,good,False,,,,,,,,,,,,,False,,,
112447036,https://www.idealista.com/inmueble/112447036/,sale,Córdoba,Córdoba,37.8811275,-4.7841282,True,es,Córdoba,Centro - Casco Histórico,Judería - San Basilio,,165000.0,flat,flat,108.0,,,3,2,,False,,False,,,,,renew,True,,,,,,,,,,,,,False,,2,
112648015,https://www.idealista.com/inmueble/112648015/,sale,Córdoba,Córdoba,37.8886207,-4.7643635,True,es,Córdoba,Levante - Lepanto - Fátima,La Viñuela,,179000.0,penthouse,penthouse,120.0,,,3,2,,False,,False,,,,,good,False,,,,,,,,,,,,,False,,3,
111250019,https://www.idealista.com/inmueble/111250019/,sale,Córdoba,Córdoba,37.8805861,-4.7661795,True,es,Córdoba,Centro - Casco Histórico,Casco Histórico - Corredera - Ribera,,175000.0,flat,flat,100.0,,,2,2,,False,,False,,,,,good,False,,,,,,,,,,,,,False,,bj,
112586959,https://www.idealista.com/inmueble/112586959/,sale,Córdoba,Córdoba,37.8809617,-4.7689944,True,es,Córdoba,Centro - Casco Histórico,Casco Histórico - Corredera - Ribera,,250000.0,penthouse,penthouse,77.0,,,3,1,,False,,False,,,,,good,False,,,,,,,,,,,,,False,,1,
112589956,https://www.idealista.com/inmueble/112589956/,sale,Córdoba,Córdoba,37.8843801,-4.8117523,True,es,Córdoba,Noreña - Figueroa,Miralbaida - Parque Azahara,,350000.0,chalet,independantHouse,231.0,,,4,2,,False,,False,,,,,good,,,,,,,,,,,,,,True,,,
112105925,https://www.idealista.com/inmueble/112105925/,sale,Córdoba,Córdoba,37.8968904,-4.7694663,True,es,Córdoba,Santa Rosa - Valdeolleros,Valdeolleros - Zumbacón - Camping,,129900.0,flat,flat,73.0,,,2,2,,False,,False,,,,,good,False,,,,,,,,,,,,,False,,,
110402917,https://www.idealista.com/inmueble/110402917/,sale,Córdoba,Córdoba,37.8600438,-4.7832691,True,es,Córdoba,Sector sur - Santa Cruz,Sector sur - Santa Cruz,,95000.0,flat,flat,115.0,,,4,2,,False,,False,,,,,renew,False,,,,,,,,,,,,,False,,2,
109512907,https://www.idealista.com/inmueble/109512907/,sale,Córdoba,Córdoba,37.8848968,-4.7777213,True,es,Córdoba,Centro - Casco Histórico,Centro,,230000.0,flat,flat,90.0,,,2,2,,False,,False,,,,,good,True,,,,,,,,,,,,,True,,1,
108586854,https://www.idealista.com/inmueble/108586854/,sale,Córdoba,Córdoba,37.8787781,-4.7821358,True,es,Córdoba,Centro - Casco Histórico,Judería - San Basilio,,190000.0,flat,flat,102.0,,,2,2,,False,,False,,,,,good,True,,,,,,,,,,,,,False,,bj,
112558812,https://www.idealista.com/inmueble/112558812/,sale,Córdoba,Córdoba,37.8651856,-4.7770607,True,es,Córdoba,Sector sur - Santa Cruz,Sector sur - Santa Cruz,,56999.0,flat,flat,54.0,,,2,1,,False,,False,,,,,renew,True,,,,,,,,,,,,,False,,1,
112054811,https://www.idealista.com/inmueble/112054811/,sale,Córdoba,Córdoba,37.8874347,-4.7768846,True,es,Córdoba,Centro - Casco Histórico,Casco Histórico - Ollerías - Marrubial,,325000.0,chalet,independantHouse,118.0,,,4,2,,False,,False,,,,,good,,,,,,,,,,,,,,False,,,
112668688,https://www.idealista.com/inmueble/112668688/,sale,Córdoba,Córdoba,37.8792667,-4.770356,True,es,Córdoba,Centro - Casco Histórico,Casco Histórico - Corredera - Ribera,,110000.0,flat,flat,49.0,,,1,1,,False,,False,,,,,good,False,,,,,,,,,,,,,False,,,
112563656,https://www.idealista.com/inmueble/112563656/,sale,Córdoba,Córdoba,37.8860111,-4.7608332,True,es,Córdoba,Fuensanta - Zona Arcángel,Fuensanta - Arcángel - Santuario,,179700.0,flat,flat,89.0,,,3,2,,False,,False,,,,,good,True,,,,,,,,,,,,,False,,7,
112165656,https://www.idealista.com/inmueble/112165656/,sale,Córdoba,Córdoba,37.8825632,-4.7788067,True,es,Córdoba,Centro - Casco Histórico,Centro,,245000.0,flat,flat,120.0,,,4,2,,False,,False,,,,,good,True,,,,,,,,,,,,,False,,1,
112452624,https://www.idealista.com/inmueble/112452624/,sale,Córdoba,Córdoba,37.8939944,-4.7700912,True,es,Córdoba,Centro - Casco Histórico,San Cayetano,,239000.0,chalet,independantHouse,160.0,,,4,3,,False,,False,,,,,good,,,,,,,,,,,,,,False,,,
109392599,https://www.idealista.com/inmueble/109392599/,sale,Córdoba,Córdoba,37.8922208,-4.7947637,True,es,Córdoba,Noreña - Figueroa,Carretera Trassierra - Colonia de la Paz,,99000.0,flat,flat,63.0,,,3,1,,False,,False,,,,,renew,False,,,,,,,,,,,,,False,,1,
112341558,https://www.idealista.com/inmueble/112341558/,sale,Córdoba,Córdoba,37.8973866,-4.7797297,True,es,Córdoba,Santa Rosa - Valdeolleros,Santa Rosa - San José,,120000.0,studio,studio,40.0,,,0,1,,False,,True,,,,,good,False,,,,,,,,,,,,,False,,,
112606502,https://www.idealista.com/inmueble/112606502/,sale,Córdoba,Córdoba,37.8804029,-4.7925059,True,es,Córdoba,Ciudad Jardín,Ciudad Jardín,,229900.0,flat,flat,138.0,,,4,2,,False,,False,,,,,good,True,,,,,,,,,,,,,False,,1,
112499340,https://www.idealista.com/inmueble/112499340/,sale,Córdoba,Córdoba,37.8881213,-4.8158586,True,es,Córdoba,Noreña - Figueroa,Noreña - Turruñuelos,,350000.0,flat,flat,109.0,,,3,2,,False,,False,,,,,good,True,,,,,,,,,,,,,True,,4,
112610271,https://www.idealista.com/inmueble/112610271/,sale,Córdoba,Córdoba,37.9097788,-4.7786011,True,es,Córdoba,Brillante - Trassierra - Naranjo,Naranjo - Mirabueno,,94900.0,flat,flat,74.0,,,3,1,,False,,False,,,,,renew,False,,,,,,,,,,,,,False,,3,
109841251,https://www.idealista.com/inmueble/109841251/,sale,Córdoba,Córdoba,37.8941636,-4.7585821,True,es,Córdoba,Levante - Lepanto - Fátima,La Viñuela,,327000.0,flat,flat,93.0,,,3,2,,False,,False,,,,,good,True,,,,,,,,,,,,,True,,,
112589228,https://www.idealista.com/inmueble/112589228/,sale,Córdoba,Córdoba,37.8880753,-4.7690423,True,es,Córdoba,Centro - Casco Histórico,Casco Histórico - Ollerías - Marrubial,,94500.0,flat,flat,53.0,,,3,1,,False,,False,,,,,good,False,,,,,,,,,,,,,False,,3,
111238173,https://www.idealista.com/inmueble/111238173/,sale,Córdoba,Córdoba,37.9107371,-4.7815446,True,es,Córdoba,Brillante - Trassierra - Naranjo,Naranjo - Mirabueno,,172500.0,flat,flat,98.0,,,3,3,,False,,False,,,,,good,False,,,,,,,,,,,,,False,,,
112575151,https://www.idealista.com/inmueble/112575151/,sale,Córdoba,Córdoba,37.8917699,-4.7647858,True,es,Córdoba,Levante - Lepanto - Fátima,Levante,,136500.0,flat,flat,68.0,,,3,1,,False,,False,,,,,good,True,,,,,,,,,,,,,False,,,
112416102,https://www.idealista.com/inmueble/112416102/,sale,Córdoba,Córdoba,37.8910521,-4.7643532,True,es,Córdoba,Levante - Lepanto - Fátima,La Viñuela,,200000.0,flat,flat,83.0,,,3,1,,False,,False,,,,,good,True,,,,,,,,,,,,,False,,3,
111737105,https://www.idealista.com/inmueble/111737105/,sale,Córdoba,Córdoba,37.8582997,-4.7815861,False,es,Córdoba,Sector sur - Santa Cruz,Sector sur - Santa Cruz,,65000.0,flat,flat,74.0,,,3,1,,False,,False,,,,,good,False,,,,,,,,,,,,,False,,2,
110081096,https://www.idealista.com/inmueble/110081096/,sale,Córdoba,Córdoba,37.8634314,-4.7734435,True,es,Córdoba,Campo de la Verdad,Campo de la Verdad,,135000.0,chalet,independantHouse,116.0,,,3,2,,False,,False,,,,,good,,,,,,,,,,,,,,False,,,
111434083,https://www.idealista.com/inmueble/111434083/,sale,Córdoba,Córdoba,37.8973125,-4.77424,True,es,Córdoba,Santa Rosa - Valdeolleros,Valdeolleros - Zumbacón - Camping,,179000.0,flat,flat,108.0,,,3,2,,False,,False,,,,,good,True,,,,,,,,,,,,,True,,,
111164999,https://www.idealista.com/inmueble/111164999/,sale,Córdoba,Córdoba,37.8894284,-4.7848151,True,es,Córdoba,Centro - Casco Histórico,El Vial - Ronda de Tejares,,395000.0,flat,flat,165.0,,,4,3,,False,,False,,,,,good,True,,,,,,,,,,,,,True,,3,
112141980,https://www.idealista.com/inmueble/112141980/,sale,Córdoba,Córdoba,37.8759209,-4.7835002,True,es,Córdoba,Centro - Casco Histórico,Judería - San Basilio,,135000.0,flat,flat,60.0,,,1,1,,False,,False,,,,,good,True,,,,,,,,,,,,,False,,bj,
111878971,https://www.idealista.com/inmueble/111878971/,sale,Córdoba,Córdoba,37.8946685,-4.7630685,True,es,Córdoba,Levante - Lepanto - Fátima,Levante,,116000.0,flat,flat,80.0,,,2,1,,False,,False,,,,,renew,True,,,,,,,,,,,,,False,,bj,
112114929,https://www.idealista.com/inmueble/112114929/,sale,Córdoba,Córdoba,37.8834685,-4.7865334,True,es,Córdoba,Centro - Casco Histórico,Centro,,388900.0,flat,flat,143.0,,,4,2,,False,,False,,,,,good,True,,,,,,,,,,,,,True,,2,
112643884,https://www.idealista.com/inmueble/112643884/,sale,Córdoba,Córdoba,37.8809062,-4.7948596,True,es,Córdoba,Zoco - Poniente - Vistalegre,Huerta de la Marquesa,,155000.0,flat,flat,85.0,,,3,1,,False,,False,,,,,good,True,,,,,,,,,,,,,False,,bj,
108951849,https://www.idealista.com/inmueble/108951849/,sale,Córdoba,Córdoba,37.8946369,-4.7785969,True,es,Córdoba,Santa Rosa - Valdeolleros,Santa Rosa - San José,,143500.0,studio,studio,53.0,,,0,1,,False,,True,,,,,good,False,,,,,,,,,,,,,False,,,
112419828,https://www.idealista.com/inmueble/112419828/,sale,Córdoba,Córdoba,37.886538,-4.7756522,True,es,Córdoba,Centro - Casco Histórico,Casco Histórico - Ollerías - Marrubial,,325000.0,chalet,independantHouse,118.0,,,4,2,,False,,False,,,,,good,,,,,,,,,,,,,,False,,,
109564802,https://www.idealista.com/inmueble/109564802/,sale,Córdoba,Córdoba,37.8819268,-4.7698321,False,es,Córdoba,Centro - Casco Histórico,Casco Histórico - Corredera - Ribera,,158500.0,chalet,independantHouse,194.0,,,6,2,,False,,False,,,,,renew,,,,,,,,,,,,,,False,,,
109803783,https://www.idealista.com/inmueble/109803783/,sale,Córdoba,Córdoba,37.8902921,-4.7834964,False,es,Córdoba,Centro - Casco Histórico,El Vial - Ronda de Tejares,,247000.0,flat,flat,102.0,,,3,2,,False,,False,,,,,good,True,,,,,,,,,,,,,False,,3,
110304774,https://www.idealista.com/inmueble/110304774/,sale,Córdoba,Córdoba,37.8830642,-4.7711239,False,es,Córdoba,Centro - Casco Histórico,Casco Histórico - Corredera - Ribera,,256000.0,flat,flat,42.0,,,1,1,,False,,False,,,,,good,True,,,,,,,,,,,,,False,,bj,
112376770,https://www.idealista.com/inmueble/112376770/,sale,Córdoba,Córdoba,37.8901488,-4.7651865,True,es,Córdoba,Levante - Lepanto - Fátima,La Viñuela,,220000.0,flat,flat,107.0,,,4,2,,False,,False,,,,,good,True,,,,,,,,,,,,,False,,3,
111279763,https://www.idealista.com/inmueble/111279763/,sale,Córdoba,Córdoba,37.8836385,-4.7732669,True,es,Córdoba,Centro - Casco Histórico,Casco Histórico - Corredera - Ribera,,420000.0,chalet,terracedHouse,368.0,,,4,2,,False,,False,,,,,good,,,,,,,,,,,,,,False,,,
111716705,https://www.idealista.com/inmueble/111716705/,sale,Córdoba,Córdoba,37.8926289,-4.760867,True,es,Córdoba,Levante - Lepanto - Fátima,Levante,,120000.0,flat,flat,85.0,,,3,1,,False,,False,,,,,good,False,,,,,,,,,,,,,False,,3,
112636621,https://www.idealista.com/inmueble/112636621/,sale,Córdoba,Córdoba,37.891606,-4.7673275,True,es,Córdoba,Levante - Lepanto - Fátima,Levante,,165000.0,flat,flat,75.0,,,3,1,,False,,False,,,,,good,True,,,,,,,,,,,,,False,,bj,
111819605,https://www.idealista.com/inmueble/111819605/,sale,Córdoba,Córdoba,37.8970872,-4.7743432,True,es,Córdoba,Santa Rosa - Valdeolleros,Santa Rosa - San José,,139000.0,studio,studio,48.0,,,0,1,,False,,True,,,,,good,False,,,,,,,,,,,,,False,,,
111990602,https://www.idealista.com/inmueble/111990602/,sale,Córdoba,Córdoba,37.8920087,-4.7841018,True,es,Córdoba,Santa Rosa - Valdeolleros,Huerta de la Reina,,195000.0,flat,flat,115.0,,,4,2,,False,,False,,,,,good,False,,,,,,,,,,,,,False,,1,
111819570,https://www.idealista.com/inmueble/111819570/,sale,Córdoba,Córdoba,37.8941344,-4.7736749,True,es,Córdoba,Santa Rosa - Valdeolleros,Santa Rosa - San José,,139000.0,studio,studio,50.0,,,0,1,,False,,True,,,,,good,False,,,,,,,,,,,,,False,,,
111819543,https://www.idealista.com/inmueble/111819543/,sale,Córdoba,Córdoba,37.8948852,-4.7735652,True,es,Córdoba,Santa Rosa - Valdeolleros,Santa Rosa - San José,,127000.0,studio,studio,51.0,,,0,1,,False,,True,,,,,good,False,,,,,,,,,,,,,False,,,
111665539,https://www.idealista.com/inmueble/111665539/,sale,Córdoba,Córdoba,37.8971035,-4.7729865,True,es,Córdoba,Santa Rosa - Valdeolleros,Valdeolleros - Zumbacón - Camping,,179900.0,flat,flat,90.0,,,4,2,,False,,False,,,,,good,False,,,,,,,,,,,,,False,,2,
111145524,https://www.idealista.com/inmueble/111145524/,sale,Córdoba,Córdoba,37.9004785,-4.7599461,True,es,Córdoba,Levante - Lepanto - Fátima,Fátima - Campiñuela,,85000.0,flat,flat,79.0,,,3,1,,False,,False,,,,,good,,,,,,,,,,,,,,False,,,
110023503,https://www.idealista.com/inmueble/110023503/,sale,Córdoba,Córdoba,37.8964483,-4.763049,True,es,Córdoba,Levante - Lepanto - Fátima,Levante,,99850.0,studio,studio,45.0,,,0,1,,False,,True,,,,,good,False,,,,,,,,,,,,,False,,,
112374495,https://www.idealista.com/inmueble/112374495/,sale,Córdoba,Córdoba,37.8768966,-4.7751578,True,es,Córdoba,Campo de la Verdad,Campo de la Verdad,,230000.0,chalet,terracedHouse,136.0,,,3,2,,False,,False,,,,,good,,,,,,,,,,,,,,False,,,
110743475,https://www.idealista.com/inmueble/110743475/,sale,Córdoba,Córdoba,37.8652625,-4.7706241,True,es,Córdoba,Campo de la Verdad,Campo de la Verdad,,76000.0,chalet,independantHouse,67.0,,,3,2,,False,,False,,,,,renew,,,,,,,,,,,,,,False,,,
111057466,https://www.idealista.com/inmueble/111057466/,sale,Córdoba,Córdoba,37.8815177,-4.7717156,True,es,Córdoba,Centro - Casco Histórico,Casco Histórico - Corredera - Ribera,,246000.0,chalet,independantHouse,200.0,,,4,2,,False,,False,,,,,good,,,,,,,,,,,,,,True,,,
112023387,https://www.idealista.com/inmueble/112023387/,sale,Córdoba,Córdoba,37.8650776,-4.7705941,True,es,Córdoba,Campo de la Verdad,Campo de la Verdad,,93000.0,chalet,terracedHouse,83.0,,,3,1,,False,,False,,,,,good,,,,,,,,,,,,,,False,,,
112346352,https://www.idealista.com/inmueble/112346352/,sale,Córdoba,Córdoba,37.8890676,-4.7815027,True,es,Córdoba,Centro - Casco Histórico,El Vial - Ronda de Tejares,,480000.0,flat,flat,190.0,,,4,3,,False,,False,,,,,good,True,,,,,,,,,,,,,False,,1,
112165353,https://www.idealista.com/inmueble/112165353/,sale,Córdoba,Córdoba,37.8881042,-4.7799047,True,es,Córdoba,Centro - Casco Histórico,Centro,,243000.0,flat,flat,90.0,,,2,2,,False,,False,,,,,good,True,,,,,,,,,,,,,False,,7,
111717295,https://www.idealista.com/inmueble/111717295/,sale,Córdoba,Córdoba,37.8873263,-4.7785043,True,es,Córdoba,Centro - Casco Histórico,Centro,,400000.0,flat,flat,200.0,,,5,3,,False,,False,,,,,good,True,,,,,,,,,,,,,True,,4,
111711258,https://www.idealista.com/inmueble/111711258/,sale,Córdoba,Córdoba,37.8795505,-4.7646413,True,es,Córdoba,Fuensanta - Zona Arcángel,Fuensanta - Arcángel - Santuario,,93500.0,studio,studio,42.0,,,0,1,,False,,True,,,,,good,False,,,,,,,,,,,,,False,,,
111039153,https://www.idealista.com/inmueble/111039153/,sale,Córdoba,Córdoba,37.8776895,-4.7918888,True,es,Córdoba,Zoco - Poniente - Vistalegre,Vistalegre - Parque Cruz - Universidades,,365000.0,flat,flat,120.0,,,3,2,,False,,False,,,,,good,True,,,,,,,,,,,,,True,,,
109867093,https://www.idealista.com/inmueble/109867093/,sale,Córdoba,Córdoba,37.8827231,-4.7739678,True,es,Córdoba,Centro - Casco Histórico,Casco Histórico - Corredera - Ribera,,129000.0,flat,flat,65.0,,,1,1,,False,,False,,,,,good,False,,,,,,,,,,,,,False,,,
112527090,https://www.idealista.com/inmueble/112527090/,sale,Córdoba,Córdoba,37.886167,-4.7609652,True,es,Córdoba,Fuensanta - Zona Arcángel,Fuensanta - Arcángel - Santuario,,179600.0,flat,flat,105.0,,,3,2,,False,,False,,,,,good,True,,,,,,,,,,,,,False,,,
112085066,https://www.idealista.com/inmueble/112085066/,sale,Córdoba,Córdoba,37.868946,-4.7742402,True,es,Córdoba,Sector sur - Santa Cruz,Sector sur - Santa Cruz,,170000.0,flat,flat,93.0,,,3,1,,False,,False,,,,,good,True,,,,,,,,,,,,,False,,5,
110168050,https://www.idealista.com/inmueble/110168050/,sale,Córdoba,Córdoba,37.8831746,-4.7817009,True,es,Córdoba,Centro - Casco Histórico,Centro,,385000.0,flat,flat,189.0,,,6,3,,False,,False,,,,,good,True,,,,,,,,,,,,,True,,2,
112619027,https://www.idealista.com/inmueble/112619027/,sale,Córdoba,Córdoba,37.8892439,-4.7714812,True,es,Córdoba,Centro - Casco Histórico,Casco Histórico - Ollerías - Marrubial,,103000.0,flat,flat,39.0,,,1,1,,False,,False,,,,,good,False,,,,,,,,,,,,,False,,bj,
110431015,https://www.idealista.com/inmueble/110431015/,sale,Córdoba,Córdoba,37.8897454,-4.7758538,True,es,Córdoba,Centro - Casco Histórico,Casco Histórico - Ollerías - Marrubial,,339000.0,chalet,independantHouse,235.0,,,7,3,,False,,False,,,,,good,,,,,,,,,,,,,,False,,,
112629977,https://www.idealista.com/inmueble/112629977/,sale,Córdoba,Córdoba,37.8703499,-4.7768247,True,es,Córdoba,Sector sur - Santa Cruz,Sector sur - Santa Cruz,,136000.0,chalet,chalet,73.0,,,2,1,,False,,False,,,,,good,,,,,,,,,,,,,,False,,,
112392966,https://www.idealista.com/inmueble/112392966/,sale,Córdoba,Córdoba,37.8791242,-4.7753933,True,es,Córdoba,Centro - Casco Histórico,Casco Histórico - Corredera - Ribera,,220000.0,flat,flat,123.0,,,4,2,,False,,False,,,,,good,False,,,,,,,,,,,,,False,,1,
112611945,https://www.idealista.com/inmueble/112611945/,sale,Córdoba,Córdoba,37.9013164,-4.756414,True,es,Córdoba,Levante - Lepanto - Fátima,Fátima - Campiñuela,,215900.0,flat,flat,115.0,,,3,2,,False,,False,,,,,good,True,,,,,,,,,,,,,True,,4,
110703937,https://www.idealista.com/inmueble/110703937/,sale,Córdoba,Córdoba,37.8930788,-4.7874009,False,es,Córdoba,Santa Rosa - Valdeolleros,Huerta de la Reina,,114500.0,flat,flat,57.0,,,2,1,,False,,False,,,,,good,,,,,,,,,,,,,,False,,,
112668932,https://www.idealista.com/inmueble/112668932/,sale,Córdoba,Córdoba,37.8916486,-4.7614681,True,es,Córdoba,Levante - Lepanto - Fátima,La Viñuela,,140000.0,flat,flat,66.0,,,2,1,,False,,False,,,,,good,False,,,,,,,,,,,,,False,,3,
112629900,https://www.idealista.com/inmueble/112629900/,sale,Córdoba,Córdoba,37.8946305,-4.801575,True,es,Córdoba,Noreña - Figueroa,Tablero,,395325.0,chalet,chalet,143.0,,,5,2,,False,,False,,,,,good,,,,,,,,,,,,,,True,,,
111411900,https://www.idealista.com/inmueble/111411900/,sale,Córdoba,Córdoba,37.8761966,-4.7757483,True,es,Córdoba,Campo de la Verdad,Campo de la Verdad,,269000.0,chalet,independantHouse,120.0,,,3,2,,False,,False,,,,,good,,,,,,,,,,,,,,True,,,
112645876,https://www.idealista.com/inmueble/112645876/,sale,Córdoba,Córdoba,37.8678778,-4.7759478,True,es,Córdoba,Sector sur - Santa Cruz,Sector sur - Santa Cruz,,98000.0,flat,flat,60.0,,,3,1,,False,,False,,,,,good,False,,,,,,,,,,,,,False,,,
111635852,https://www.idealista.com/inmueble/111635852/,sale,Córdoba,Córdoba,37.8665066,-4.8071033,True,es,Córdoba,Periurbano oeste,El Higuerón,,380000.0,chalet,independantHouse,350.0,,,7,4,,False,,False,,,,,good,,,,,,,,,,,,,,True,,,
110895832,https://www.idealista.com/inmueble/110895832/,sale,Córdoba,Córdoba,37.8954035,-4.7497244,True,es,Córdoba,Levante - Lepanto - Fátima,Fátima - Campiñuela,,188000.0,flat,flat,117.0,,,2,1,,False,,False,,,,,good,False,,,,,,,,,,,,,False,,bj,
112618746,https://www.idealista.com/inmueble/112618746/,sale,Córdoba,Córdoba,37.8913664,-4.7730441,True,es,Córdoba,Centro - Casco Histórico,Casco Histórico - Ollerías - Marrubial,,109500.0,flat,flat,49.0,,,1,1,,False,,False,,,,,good,False,,,,,,,,,,,,,False,,bj,
110431745,https://www.idealista.com/inmueble/110431745/,sale,Córdoba,Córdoba,37.8878378,-4.7913554,True,es,Córdoba,Centro - Casco Histórico,Cercadilla - Medina Azahara,,615000.0,flat,flat,272.0,,,6,6,,False,,False,,,,,good,False,,,,,,,,,,,,,False,,,
109689739,https://www.idealista.com/inmueble/109689739/,sale,Córdoba,Córdoba,37.9191276,-4.8023411,True,es,Córdoba,Brillante - Trassierra - Naranjo,Brillante,,990000.0,chalet,independantHouse,540.0,,,6,4,,False,,False,,,,,good,,,,,,,,,,,,,,True,,,
112411719,https://www.idealista.com/inmueble/112411719/,sale,Córdoba,Córdoba,37.8846815,-4.7816554,True,es,Córdoba,Centro - Casco Histórico,Centro,,385000.0,flat,flat,189.0,,,6,3,,False,,False,,,,,good,True,,,,,,,,,,,,,True,,2,
111541720,https://www.idealista.com/inmueble/111541720/,sale,Córdoba,Córdoba,37.8879244,-4.7750787,True,es,Córdoba,Centro - Casco Histórico,Casco Histórico - Ollerías - Marrubial,,210000.0,flat,flat,57.0,,,2,1,,False,,False,,,,,good,False,,,,,,,,,,,,,True,,1,
112625714,https://www.idealista.com/inmueble/112625714/,sale,Córdoba,Córdoba,37.8618169,-4.777837,True,es,Córdoba,Sector sur - Santa Cruz,Sector sur - Santa Cruz,,58000.0,flat,flat,56.0,,,3,1,,False,,False,,,,,good,True,,,,,,,,,,,,,False,,2,
107315701,https://www.idealista.com/inmueble/107315701/,sale,Córdoba,Córdoba,37.8808482,-4.8149424,False,es,Córdoba,Noreña - Figueroa,Miralbaida - Parque Azahara,,85540.0,flat,flat,67.0,,,2,1,,False,,False,,,,,good,True,,,,,,,,,,,,,False,,1,
112449559,https://www.idealista.com/inmueble/112449559/,sale,Córdoba,Córdoba,37.8772073,-4.7910331,True,es,Córdoba,Ciudad Jardín,Ciudad Jardín,,229900.0,flat,flat,129.0,,,4,2,,False,,False,,,,,good,True,,,,,,,,,,,,,False,,,
112022550,https://www.idealista.com/inmueble/112022550/,sale,Córdoba,Córdoba,37.9076416,-4.7809213,True,es,Córdoba,Brillante - Trassierra - Naranjo,Naranjo - Mirabueno,,156500.0,flat,flat,98.0,,,3,2,,False,,False,,,,,good,False,,,,,,,,,,,,,False,,,
112673482,https://www.idealista.com/inmueble/112673482/,sale,Córdoba,Córdoba,37.8919549,-4.7618854,True,es,Córdoba,Levante - Lepanto - Fátima,La Viñuela,,140000.0,flat,flat,66.0,,,2,1,,False,,False,,,,,good,False,,,,,,,,,,,,,False,,3,
112413482,https://www.idealista.com/inmueble/112413482/,sale,Córdoba,Córdoba,37.8806626,-4.782906,True,es,Córdoba,Centro - Casco Histórico,Centro,,385000.0,flat,flat,181.0,,,5,2,,False,,False,,,,,good,True,,,,,,,,,,,,,True,,,
110670441,https://www.idealista.com/inmueble/110670441/,sale,Córdoba,Córdoba,37.905663,-4.7446175,True,es,Córdoba,Levante - Lepanto - Fátima,Fátima - Campiñuela,,300000.0,chalet,independantHouse,384.0,,,5,5,,False,,False,,,,,good,,,,,,,,,,,,,,True,,,
85467381,https://www.idealista.com/inmueble/85467381/,sale,Córdoba,Córdoba,37.8983098,-4.7991381,True,es,Córdoba,Noreña - Figueroa,Tablero,,385000.0,flat,flat,125.0,,,3,2,,False,,False,,,,,good,True,,,,,,,,,,,,,True,,,
112447378,https://www.idealista.com/inmueble/112447378/,sale,Córdoba,Córdoba,37.8923237,-4.7760853,True,es,Córdoba,Centro - Casco Histórico,Casco Histórico - Ollerías - Marrubial,,186000.0,flat,flat,56.0,,,1,1,,False,,False,,,,,good,False,,,,,,,,,,,,,False,,1,
112428365,https://www.idealista.com/inmueble/112428365/,sale,Córdoba,Córdoba,37.8985167,-4.762676,True,es,Córdoba,Levante - Lepanto - Fátima,Fátima - Campiñuela,,123600.0,studio,studio,40.0,,,0,1,,False,,True,,,,,good,False,,,,,,,,,,,,,False,,,
111528362,https://www.idealista.com/inmueble/111528362/,sale,Córdoba,Córdoba,37.8771105,-4.7917477,True,es,Córdoba,Zoco - Poniente - Vistalegre,Vistalegre - Parque Cruz - Universidades,,360000.0,flat,flat,184.0,,,5,2,,False,,False,,,,,good,True,,,,,,,,,,,,,True,,1,
112615342,https://www.idealista.com/inmueble/112615342/,sale,Córdoba,Córdoba,37.8650437,-4.7785008,True,es,Córdoba,Sector sur - Santa Cruz,Sector sur - Santa Cruz,,60000.0,flat,flat,54.0,,,2,1,,False,,False,,,,,renew,False,,,,,,,,,,,,,False,,1,
111213347,https://www.idealista.com/inmueble/111213347/,sale,Córdoba,Córdoba,37.9097896,-4.7794321,True,es,Córdoba,Brillante - Trassierra - Naranjo,Naranjo - Mirabueno,,160000.0,flat,flat,100.0,,,3,2,,False,,False,,,,,good,False,,,,,,,,,,,,,False,,,
110017269,https://www.idealista.com/inmueble/110017269/,sale,Córdoba,Córdoba,37.884425,-4.7746228,True,es,Córdoba,Centro - Casco Histórico,Casco Histórico - Corredera - Ribera,,409000.0,flat,flat,128.0,,,3,3,,False,,False,,,,,good,False,,,,,,,,,,,,,False,,2,
110165259,https://www.idealista.com/inmueble/110165259/,sale,Córdoba,Córdoba,37.8828278,-4.7791398,True,es,Córdoba,Centro - Casco Histórico,Centro,,385000.0,flat,flat,189.0,,,6,3,,False,,False,,,,,good,True,,,,,,,,,,,,,True,,2,
112669226,https://www.idealista.com/inmueble/112669226/,sale,Córdoba,Córdoba,37.8920699,-4.7611589,True,es,Córdoba,Levante - Lepanto - Fátima,La Viñuela,,140000.0,flat,flat,66.0,,,2,1,,False,,False,,,,,good,False,,,,,,,,,,,,,False,,3,
110677174,https://www.idealista.com/inmueble/110677174/,sale,Córdoba,Córdoba,37.8837432,-4.7648796,True,es,Córdoba,Fuensanta - Zona Arcángel,Fuensanta - Arcángel - Santuario,,105000.0,flat,flat,100.0,,,3,2,,False,,False,,,,,good,True,,,,,,,,,,,,,False,,,
112596124,https://www.idealista.com/inmueble/112596124/,sale,Córdoba,Córdoba,37.8691781,-4.7724921,True,es,Córdoba,Campo de la Verdad,Campo de la Verdad,,104000.0,chalet,terracedHouse,97.0,,,2,1,,False,,False,,,,,renew,,,,,,,,,,,,,,False,,,
112645118,https://www.idealista.com/inmueble/112645118/,sale,Córdoba,Córdoba,37.8699172,-4.7765573,True,es,Córdoba,Sector sur - Santa Cruz,Sector sur - Santa Cruz,,120000.0,flat,flat,67.0,,,2,1,,False,,False,,,,,good,False,,,,,,,,,,,,,False,,3,
109340098,https://www.idealista.com/inmueble/109340098/,sale,Córdoba,Córdoba,37.9110655,-4.7828566,True,es,Córdoba,Brillante - Trassierra - Naranjo,Naranjo - Mirabueno,,512000.0,chalet,independantHouse,220.0,,,4,2,,False,,False,,,,,good,,,,,,,,,,,,,,True,,,
112611086,https://www.idealista.com/inmueble/112611086/,sale,Córdoba,Córdoba,37.8669234,-4.7724413,True,es,Córdoba,Campo de la Verdad,Campo de la Verdad,,175500.0,chalet,independantHouse,133.0,,,4,2,,False,,False,,,,,good,,,,,,,,,,,,,,False,,,
112273067,https://www.idealista.com/inmueble/112273067/,sale,Córdoba,Córdoba,37.8800328,-4.774192,True,es,Córdoba,Centro - Casco Histórico,Casco Histórico - Corredera - Ribera,,220000.0,flat,flat,123.0,,,4,2,,False,,False,,,,,good,False,,,,,,,,,,,,,False,,1,
112519055,https://www.idealista.com/inmueble/112519055/,sale,Córdoba,Córdoba,37.8943778,-4.7718038,True,es,Córdoba,Centro - Casco Histórico,San Cayetano,,260000.0,chalet,terracedHouse,141.0,,,3,2,,False,,False,,,,,good,,,,,,,,,,,,,,True,,,
112054023,https://www.idealista.com/inmueble/112054023/,sale,Córdoba,Córdoba,37.8653349,-4.7710393,True,es,Córdoba,Campo de la Verdad,Campo de la Verdad,,85000.0,chalet,chalet,70.0,,,2,1,,False,,False,,,,,good,,,,,,,,,,,,,,False,,,
112548011,https://www.idealista.com/inmueble/112548011/,sale,Córdoba,Córdoba,37.8922825,-4.7803376,True,es,Córdoba,Centro - Casco Histórico,El Vial - Ronda de Tejares,,238000.0,flat,flat,68.0,,,1,1,,False,,False,,,,,good,True,,,,,,,,,,,,,False,,5,
112510993,https://www.idealista.com/inmueble/112510993/,sale,Córdoba,Córdoba,37.8689324,-4.7678257,True,es,Córdoba,Campo de la Verdad,Campo de la Verdad,,220000.0,duplex,duplex,83.0,,,3,2,,True,,False,,,,,good,True,,,,,,,,,,,,,True,,3,
111787911,https://www.idealista.com/inmueble/111787911/,sale,Córdoba,Córdoba,37.9198402,-4.7977443,True,es,Córdoba,Brillante - Trassierra - Naranjo,Brillante,,698000.0,chalet,chalet,307.0,,,7,3,,False,,False,,,,,good,,,,,,,,,,,,,,False,,,
111511914,https://www.idealista.com/inmueble/111511914/,sale,Córdoba,Córdoba,37.9107357,-4.779359,True,es,Córdoba,Brillante - Trassierra - Naranjo,Naranjo - Mirabueno,,249500.0,chalet,independantHouse,279.0,,,5,2,,False,,False,,,,,renew,,,,,,,,,,,,,,True,,,
111944900,https://www.idealista.com/inmueble/111944900/,sale,Córdoba,Córdoba,37.9021644,-4.7899123,True,es,Córdoba,Brillante - Trassierra - Naranjo,Brillante,,489000.0,flat,flat,180.0,,,5,4,,False,,False,,,,,good,False,,,,,,,,,,,,,True,,1,
112557872,https://www.idealista.com/inmueble/112557872/,sale,Córdoba,Córdoba,37.8956052,-4.7671927,True,es,Córdoba,Levante - Lepanto - Fátima,Levante,,129900.0,flat,flat,64.0,,,3,1,,False,,False,,,,,good,False,,,,,,,,,,,,,False,,4,
111944853,https://www.idealista.com/inmueble/111944853/,sale,Córdoba,Córdoba,37.8994107,-4.7835734,True,es,Córdoba,Santa Rosa - Valdeolleros,Santa Rosa - San José,,230000.0,flat,flat,82.0,,,3,1,,False,,False,,,,,renew,True,,,,,,,,,,,,,True,,4,
112557841,https://www.idealista.com/inmueble/112557841/,sale,Córdoba,Córdoba,37.8966482,-4.774877,True,es,Córdoba,Santa Rosa - Valdeolleros,Valdeolleros - Zumbacón - Camping,,189000.0,flat,flat,101.0,,,2,2,,False,,False,,,,,good,True,,,,,,,,,,,,,False,,1,
111970840,https://www.idealista.com/inmueble/111970840/,sale,Córdoba,Córdoba,37.8852007,-4.7751343,True,es,Córdoba,Centro - Casco Histórico,Casco Histórico - Ollerías - Marrubial,,165000.0,flat,flat,49.0,,,2,1,,False,,False,,,,,good,False,,,,,,,,,,,,,False,,2,
112559830,https://www.idealista.com/inmueble/112559830/,sale,Córdoba,Córdoba,37.8652371,-4.7780089,True,es,Córdoba,Sector sur - Santa Cruz,Sector sur - Santa Cruz,,58600.0,flat,flat,54.0,,,2,1,,False,,False,,,,,good,True,,,,,,,,,,,,,False,,1,
112668827,https://www.idealista.com/inmueble/112668827/,sale,Córdoba,Córdoba,37.8890274,-4.7607204,True,es,Córdoba,Levante - Lepanto - Fátima,La Viñuela,,140000.0,flat,flat,66.0,,,2,1,,False,,False,,,,,good,False,,,,,,,,,,,,,False,,3,
112475807,https://www.idealista.com/inmueble/112475807/,sale,Córdoba,Córdoba,37.8845467,-4.7928092,True,es,Córdoba,Ciudad Jardín,Ciudad Jardín,,229500.0,flat,flat,96.0,,,3,2,,False,,False,,,,,good,False,,,,,,,,,,,,,False,,1,
110950790,https://www.idealista.com/inmueble/110950790/,sale,Córdoba,Córdoba,37.8959861,-4.7609014,True,es,Córdoba,Levante - Lepanto - Fátima,Levante,,115500.0,flat,flat,50.0,,,1,1,,False,,False,,,,,good,False,,,,,,,,,,,,,False,,bj,
109631793,https://www.idealista.com/inmueble/109631793/,sale,Córdoba,Córdoba,37.8850443,-4.7723834,True,es,Córdoba,Centro - Casco Histórico,Casco Histórico - Corredera - Ribera,,590000.0,chalet,independantHouse,681.0,,,4,2,,False,,False,,,,,renew,,,,,,,,,,,,,,False,,,
112434775,https://www.idealista.com/inmueble/112434775/,sale,Córdoba,Córdoba,37.8796626,-4.78549,True,es,Córdoba,Centro - Casco Histórico,Judería - San Basilio,,199900.0,flat,flat,86.0,,,3,2,,False,,False,,,,,good,False,,,,,,,,,,,,,False,,2,
112105778,https://www.idealista.com/inmueble/112105778/,sale,Córdoba,Córdoba,37.8906626,-4.7658423,True,es,Córdoba,Levante - Lepanto - Fátima,La Viñuela,,208000.0,flat,flat,92.0,,,3,2,,False,,False,,,,,good,True,,,,,,,,,,,,,True,,2,
112668721,https://www.idealista.com/inmueble/112668721/,sale,Córdoba,Córdoba,37.888831,-4.7626259,True,es,Córdoba,Levante - Lepanto - Fátima,La Viñuela,,140000.0,flat,flat,66.0,,,2,1,,False,,False,,,,,good,False,,,,,,,,,,,,,False,,3,
110928720,https://www.idealista.com/inmueble/110928720/,sale,Córdoba,Córdoba,37.8972433,-4.7541771,True,es,Córdoba,Levante - Lepanto - Fátima,El Cairo,,124500.0,flat,flat,45.0,,,2,1,,False,,False,,,,,good,False,,,,,,,,,,,,,False,,bj,
112642715,https://www.idealista.com/inmueble/112642715/,sale,Córdoba,Córdoba,37.8594006,-4.7748372,True,es,Córdoba,Sector sur - Santa Cruz,Sector sur - Santa Cruz,,59900.0,flat,flat,74.0,,,3,1,,False,,False,,,,,renew,False,,,,,,,,,,,,,False,,1,
112225650,https://www.idealista.com/inmueble/112225650/,sale,Córdoba,Córdoba,37.8824807,-4.773518,True,es,Córdoba,Centro - Casco Histórico,Casco Histórico - Corredera - Ribera,,169600.0,flat,flat,114.0,,,3,2,,False,,False,,,,,good,False,,,,,,,,,,,,,False,,1,
112647614,https://www.idealista.com/inmueble/112647614/,sale,Córdoba,Córdoba,37.8914671,-4.7678024,True,es,Córdoba,Centro - Casco Histórico,Casco Histórico - Ollerías - Marrubial,,119000.0,chalet,independantHouse,141.0,,,4,1,,False,,False,,,,,renew,,,,,,,,,,,,,,False,,,
112040565,https://www.idealista.com/inmueble/112040565/,sale,Córdoba,Córdoba,37.8816679,-4.7937083,True,es,Córdoba,Ciudad Jardín,Ciudad Jardín,,179000.0,flat,flat,80.0,,,3,1,,False,,False,,,,,good,True,,,,,,,,,,,,,False,,1,
110332504,https://www.idealista.com/inmueble/110332504/,sale,Córdoba,Córdoba,37.8816462,-4.7787156,True,es,Córdoba,Centro - Casco Histórico,Judería - San Basilio,,408000.0,flat,flat,192.0,,,4,3,,False,,False,,,,,good,True,,,,,,,,,,,,,False,,1,
112647498,https://www.idealista.com/inmueble/112647498/,sale,Córdoba,Córdoba,37.8813651,-4.7985371,True,es,Córdoba,Zoco - Poniente - Vistalegre,Zoco - Poniente,,359900.0,flat,flat,111.0,,,3,2,,False,,False,,,,,good,True,,,,,,,,,,,,,True,,3,
110733466,https://www.idealista.com/inmueble/110733466/,sale,Córdoba,Córdoba,37.8889195,-4.7829835,True,es,Córdoba,Centro - Casco Histórico,Centro,,625000.0,flat,flat,416.0,,,8,5,,False,,False,,,,,renew,True,,,,,,,,,,,,,True,,3,
112607456,https://www.idealista.com/inmueble/112607456/,sale,Córdoba,Córdoba,37.8823676,-4.7986125,True,es,Córdoba,Zoco - Poniente - Vistalegre,Zoco - Poniente,,360000.0,flat,flat,85.0,,,2,2,,False,,False,,,,,good,False,,,,,,,,,,,,,True,,,
111540395,https://www.idealista.com/inmueble/111540395/,sale,Córdoba,Córdoba,37.8893287,-4.7733858,True,es,Córdoba,Centro - Casco Histórico,Casco Histórico - Ollerías - Marrubial,,210000.0,flat,flat,57.0,,,2,1,,False,,False,,,,,good,False,,,,,,,,,,,,,True,,1,
111210313,https://www.idealista.com/inmueble/111210313/,sale,Córdoba,Córdoba,37.8952619,-4.8039249,False,es,Córdoba,Noreña - Figueroa,Tablero,,330000.0,flat,flat,133.0,,,4,2,,False,,False,,,,,good,True,,,,,,,,,,,,,True,,5,
112531300,https://www.idealista.com/inmueble/112531300/,sale,Córdoba,Córdoba,37.8830247,-4.7951007,False,es,Córdoba,Zoco - Poniente - Vistalegre,Huerta de la Marquesa,,155000.0,flat,flat,90.0,,,3,1,,False,,False,,,,,good,True,,,,,,,,,,,,,False,,bj,
111927287,https://www.idealista.com/inmueble/111927287/,sale,Córdoba,Córdoba,37.9039871,-4.787669,True,es,Córdoba,Brillante - Trassierra - Naranjo,Brillante,,489000.0,flat,flat,180.0,,,5,4,,False,,False,,,,,good,False,,,,,,,,,,,,,True,,1,
111029285,https://www.idealista.com/inmueble/111029285/,sale,Córdoba,Córdoba,37.8900357,-4.7711841,True,es,Córdoba,Centro - Casco Histórico,Casco Histórico - Ollerías - Marrubial,,240000.0,flat,flat,115.0,,,3,3,,False,,False,,,,,good,False,,,,,,,,,,,,,True,,1,
111508283,https://www.idealista.com/inmueble/111508283/,sale,Córdoba,Córdoba,37.8946295,-4.7591128,True,es,Córdoba,Levante - Lepanto - Fátima,Levante,,169950.0,flat,flat,120.0,,,4,2,,False,,False,,,,,good,False,,,,,,,,,,,,,False,,3,
110163256,https://www.idealista.com/inmueble/110163256/,sale,Córdoba,Córdoba,37.8837511,-4.7732873,True,es,Córdoba,Centro - Casco Histórico,Casco Histórico - Corredera - Ribera,,90000.0,flat,flat,38.0,,,2,1,,False,,False,,,,,good,False,,,,,,,,,,,,,False,,bj,
110271251,https://www.idealista.com/inmueble/110271251/,sale,Córdoba,Córdoba,37.901685,-4.7918151,True,es,Córdoba,Noreña - Figueroa,Tablero,,780000.0,chalet,independantHouse,402.0,,,8,5,,False,,False,,,,,good,,,,,,,,,,,,,,True,,,
111678232,https://www.idealista.com/inmueble/111678232/,sale,Córdoba,Córdoba,37.8886655,-4.7642321,True,es,Córdoba,Levante - Lepanto - Fátima,La Viñuela,,155000.0,penthouse,penthouse,84.0,,,3,1,,False,,False,,,,,good,True,,,,,,,,,,,,,False,,4,
104957217,https://www.idealista.com/inmueble/104957217/,sale,Córdoba,Córdoba,37.8879884,-4.7824445,True,es,Córdoba,Centro - Casco Histórico,El Vial - Ronda de Tejares,,421053.0,flat,flat,175.0,,,4,2,,False,,False,,,,,good,True,,,,,,,,,,,,,False,,1,
112182217,https://www.idealista.com/inmueble/112182217/,sale,Córdoba,Córdoba,37.888059,-4.7750153,True,es,Córdoba,Centro - Casco Histórico,Casco Histórico - Ollerías - Marrubial,,210000.0,flat,flat,57.0,,,2,1,,False,,False,,,,,good,False,,,,,,,,,,,,,True,,1,
110728215,https://www.idealista.com/inmueble/110728215/,sale,Córdoba,Córdoba,37.8753263,-4.7853752,True,es,Córdoba,Centro - Casco Histórico,Judería - San Basilio,,198500.0,flat,flat,90.0,,,2,1,,False,,False,,,,,good,False,,,,,,,,,,,,,False,,1,
111802205,https://www.idealista.com/inmueble/111802205/,sale,Córdoba,Córdoba,37.8870346,-4.7715246,True,es,Córdoba,Centro - Casco Histórico,Casco Histórico - Corredera - Ribera,,175000.0,flat,flat,104.0,,,3,1,,False,,False,,,,,good,False,,,,,,,,,,,,,True,,3,
111768205,https://www.idealista.com/inmueble/111768205/,sale,Córdoba,Córdoba,37.8921607,-4.7688206,True,es,Córdoba,Centro - Casco Histórico,Casco Histórico - Ollerías - Marrubial,,190000.0,chalet,independantHouse,277.0,,,3,1,,False,,False,,,,,renew,,,,,,,,,,,,,,False,,,
111399182,https://www.idealista.com/inmueble/111399182/,sale,Córdoba,Córdoba,37.8830858,-4.7931472,True,es,Córdoba,Ciudad Jardín,Ciudad Jardín,,198000.0,flat,flat,80.0,,,3,1,,False,,False,,,,,good,True,,,,,,,,,,,,,False,,1,
111889175,https://www.idealista.com/inmueble/111889175/,sale,Córdoba,Córdoba,37.8830425,-4.7715109,True,es,Córdoba,Centro - Casco Histórico,Casco Histórico - Corredera - Ribera,,268000.0,chalet,independantHouse,380.0,,,6,3,,False,,False,,,,,good,,,,,,,,,,,,,,True,,,
110127174,https://www.idealista.com/inmueble/110127174/,sale,Córdoba,Córdoba,37.8769977,-4.7890577,True,es,Córdoba,Ciudad Jardín,Ciudad Jardín,,183500.0,flat,flat,100.0,,,4,1,,False,,False,,,,,good,False,,,,,,,,,,,,,False,,3,
112395168,https://www.idealista.com/inmueble/112395168/,sale,Córdoba,Córdoba,37.8806293,-4.7690966,True,es,Córdoba,Fuensanta - Zona Arcángel,Fuensanta - Arcángel - Santuario,,120000.0,flat,flat,48.0,,,1,1,,False,,False,,,,,renew,False,,,,,,,,,,,,,False,,,
112076152,https://www.idealista.com/inmueble/112076152/,sale,Córdoba,Córdoba,37.8824577,-4.781648,True,es,Córdoba,Centro - Casco Histórico,Centro,,345000.0,flat,flat,189.0,,,6,3,,False,,False,,,,,good,True,,,,,,,,,,,,,True,,2,
110764142,https://www.idealista.com/inmueble/110764142/,sale,Córdoba,Córdoba,37.8878868,-4.7798809,True,es,Córdoba,Centro - Casco Histórico,Centro,,625000.0,flat,flat,416.0,,,8,5,,False,,False,,,,,renew,True,,,,,,,,,,,,,True,,3,
112634139,https://www.idealista.com/inmueble/112634139/,sale,Córdoba,Córdoba,37.8831351,-4.7702001,True,es,Córdoba,Centro - Casco Histórico,Casco Histórico - Corredera - Ribera,,184900.0,flat,flat,109.0,,,2,2,,False,,False,,,,,good,False,,,,,,,,,,,,,False,,1,
111927140,https://www.idealista.com/inmueble/111927140/,sale,Córdoba,Córdoba,37.8974777,-4.7827035,True,es,Córdoba,Santa Rosa - Valdeolleros,Santa Rosa - San José,,230000.0,flat,flat,82.0,,,3,1,,False,,False,,,,,renew,True,,,,,,,,,,,,,True,,4,
112525131,https://www.idealista.com/inmueble/112525131/,sale,Córdoba,Córdoba,37.8965279,-4.7944475,False,es,Córdoba,Noreña - Figueroa,Tablero,,335000.0,flat,flat,112.0,,,3,2,,False,,False,,,,,good,True,,,,,,,,,,,,,True,,2,
111526121,https://www.idealista.com/inmueble/111526121/,sale,Córdoba,Córdoba,37.8759044,-4.7916828,True,es,Córdoba,Zoco - Poniente - Vistalegre,Vistalegre - Parque Cruz - Universidades,,360000.0,flat,flat,184.0,,,5,2,,False,,False,,,,,good,True,,,,,,,,,,,,,True,,1,
112588109,https://www.idealista.com/inmueble/112588109/,sale,Córdoba,Córdoba,37.8853547,-4.8173524,True,es,Córdoba,Noreña - Figueroa,Miralbaida - Parque Azahara,,299000.0,chalet,independantHouse,151.0,,,4,2,,False,,False,,,,,good,,,,,,,,,,,,,,True,,,
99720102,https://www.idealista.com/inmueble/99720102/,sale,Córdoba,Córdoba,37.8814561,-4.7709135,True,es,Córdoba,Centro - Casco Histórico,Casco Histórico - Corredera - Ribera,,158000.0,chalet,independantHouse,240.0,,,7,2,,False,,False,,,,,renew,,,,,,,,,,,,,,False,,,
112525095,https://www.idealista.com/inmueble/112525095/,sale,Córdoba,Córdoba,37.8917877,-4.7660861,True,es,Córdoba,Centro - Casco Histórico,Casco Histórico - Ollerías - Marrubial,,145500.0,flat,flat,69.0,,,2,1,,False,,False,,,,,good,False,,,,,,,,,,,,,False,,1,
112542079,https://www.idealista.com/inmueble/112542079/,sale,Córdoba,Córdoba,37.9029135,-4.7878188,True,es,Córdoba,Brillante - Trassierra - Naranjo,Brillante,,489000.0,chalet,independantHouse,180.0,,,5,4,,False,,False,,,,,good,,,,,,,,,,,,,,True,,,
112340081,https://www.idealista.com/inmueble/112340081/,sale,Córdoba,Córdoba,37.899871,-4.7761305,True,es,Córdoba,Santa Rosa - Valdeolleros,Valdeolleros - Zumbacón - Camping,,221500.0,flat,flat,109.0,,,4,2,,False,,False,,,,,good,True,,,,,,,,,,,,,True,,4,
108502025,https://www.idealista.com/inmueble/108502025/,sale,Córdoba,Córdoba,37.9104013,-4.7800854,True,es,Córdoba,Brillante - Trassierra - Naranjo,Naranjo - Mirabueno,,500000.0,chalet,independantHouse,750.0,,,4,3,,False,,False,,,,,good,,,,,,,,,,,,,,True,,,
112226008,https://www.idealista.com/inmueble/112226008/,sale,Córdoba,Córdoba,37.8944678,-4.7841431,True,es,Córdoba,Santa Rosa - Valdeolleros,Huerta de la Reina,,250000.0,flat,flat,120.0,,,3,2,,False,,False,,,,,good,False,,,,,,,,,,,,,True,,1,
112027999,https://www.idealista.com/inmueble/112027999/,sale,Córdoba,Córdoba,37.8825553,-4.7939862,True,es,Córdoba,Ciudad Jardín,Ciudad Jardín,,179000.0,flat,flat,90.0,,,3,1,,False,,False,,,,,good,True,,,,,,,,,,,,,False,,1,
111716004,https://www.idealista.com/inmueble/111716004/,sale,Córdoba,Córdoba,37.8892393,-4.7623807,False,es,Córdoba,Levante - Lepanto - Fátima,La Viñuela,,125000.0,flat,flat,62.0,,,2,1,,False,,False,,,,,good,False,,,,,,,,,,,,,False,,3,
112104986,https://www.idealista.com/inmueble/112104986/,sale,Córdoba,Córdoba,37.8870027,-4.7766967,True,es,Córdoba,Centro - Casco Histórico,Casco Histórico - Ollerías - Marrubial,,165000.0,flat,flat,49.0,,,2,1,,False,,False,,,,,good,False,,,,,,,,,,,,,False,,2,
110244983,https://www.idealista.com/inmueble/110244983/,sale,Córdoba,Córdoba,37.9076296,-4.7945427,True,es,Córdoba,Brillante - Trassierra - Naranjo,Brillante,,770000.0,chalet,independantHouse,325.0,,,5,4,,False,,False,,,,,good,,,,,,,,,,,,,,True,,,
112555976,https://www.idealista.com/inmueble/112555976/,sale,Córdoba,Córdoba,37.8973413,-4.7734222,True,es,Córdoba,Santa Rosa - Valdeolleros,Valdeolleros - Zumbacón - Camping,,189000.0,flat,flat,101.0,,,2,2,,False,,False,,,,,good,True,,,,,,,,,,,,,False,,1,
111722966,https://www.idealista.com/inmueble/111722966/,sale,Córdoba,Córdoba,37.8772456,-4.7915945,True,es,Córdoba,Zoco - Poniente - Vistalegre,Vistalegre - Parque Cruz - Universidades,,360000.0,flat,flat,184.0,,,5,2,,False,,False,,,,,good,True,,,,,,,,,,,,,True,,1,
111150963,https://www.idealista.com/inmueble/111150963/,sale,Córdoba,Córdoba,37.9124198,-4.7776722,True,es,Córdoba,Brillante - Trassierra - Naranjo,Naranjo - Mirabueno,,212000.0,flat,flat,113.0,,,3,2,,False,,False,,,,,good,False,,,,,,,,,,,,,True,,2,
111977928,https://www.idealista.com/inmueble/111977928/,sale,Córdoba,Córdoba,37.8879363,-4.783519,True,es,Córdoba,Centro - Casco Histórico,Centro,,240000.0,flat,flat,120.0,,,3,2,,False,,False,,,,,good,True,,,,,,,,,,,,,False,,2,
112559903,https://www.idealista.com/inmueble/112559903/,sale,Córdoba,Córdoba,37.8951807,-4.765984,True,es,Córdoba,Levante - Lepanto - Fátima,Levante,,129900.0,flat,flat,64.0,,,3,1,,False,,False,,,,,good,False,,,,,,,,,,,,,False,,4,
112432902,https://www.idealista.com/inmueble/112432902/,sale,Córdoba,Córdoba,37.8827335,-4.7542176,True,es,Córdoba,Fuensanta - Zona Arcángel,Fuensanta - Arcángel - Santuario,,129900.0,flat,flat,72.0,,,3,1,,False,,False,,,,,good,True,,,,,,,,,,,,,False,,2,
112095907,https://www.idealista.com/inmueble/112095907/,sale,Córdoba,Córdoba,37.8908668,-4.7732583,True,es,Córdoba,Centro - Casco Histórico,Casco Histórico - Ollerías - Marrubial,,210000.0,flat,flat,57.0,,,2,1,,False,,False,,,,,good,False,,,,,,,,,,,,,True,,1,
112560885,https://www.idealista.com/inmueble/112560885/,sale,Córdoba,Córdoba,37.8813862,-4.7746607,True,es,Córdoba,Centro - Casco Histórico,Casco Histórico - Corredera - Ribera,,117900.0,flat,flat,49.0,,,1,1,,False,,False,,,,,good,False,,,,,,,,,,,,,False,,bj,
105533881,https://www.idealista.com/inmueble/105533881/,sale,Córdoba,Córdoba,37.8786723,-4.7897365,True,es,Córdoba,Ciudad Jardín,Ciudad Jardín,,256300.0,flat,flat,95.0,,,3,1,,False,,False,,,,,good,True,,,,,,,,,,,,,False,,3,
110418881,https://www.idealista.com/inmueble/110418881/,sale,Córdoba,Córdoba,37.8905082,-4.7739574,True,es,Córdoba,Centro - Casco Histórico,Casco Histórico - Ollerías - Marrubial,,339000.0,chalet,independantHouse,235.0,,,7,3,,False,,False,,,,,good,,,,,,,,,,,,,,False,,,
110547843,https://www.idealista.com/inmueble/110547843/,sale,Córdoba,Córdoba,37.907467,-4.7751897,True,es,Córdoba,Brillante - Trassierra - Naranjo,Naranjo - Mirabueno,,364000.0,chalet,terracedHouse,241.0,,,3,3,,False,,False,,,,,good,,,,,,,,,,,,,,True,,,
105333834,https://www.idealista.com/inmueble/105333834/,sale,Córdoba,Córdoba,37.9144428,-4.7968905,True,es,Córdoba,Brillante - Trassierra - Naranjo,Brillante,,829500.0,chalet,independantHouse,611.0,,,5,6,,False,,False,,,,,good,,,,,,,,,,,,,,True,,,
112008799,https://www.idealista.com/inmueble/112008799/,sale,Córdoba,Córdoba,37.8957167,-4.769078,True,es,Córdoba,Santa Rosa - Valdeolleros,Valdeolleros - Zumbacón - Camping,,290000.0,chalet,terracedHouse,140.0,,,3,2,,False,,False,,,,,good,,,,,,,,,,,,,,True,,,
112604780,https://www.idealista.com/inmueble/112604780/,sale,Córdoba,Córdoba,37.9080351,-4.7822496,True,es,Córdoba,Brillante - Trassierra - Naranjo,Naranjo - Mirabueno,,139000.0,flat,flat,73.0,,,2,1,,False,,False,,,,,good,False,,,,,,,,,,,,,False,,2,
112193781,https://www.idealista.com/inmueble/112193781/,sale,Córdoba,Córdoba,37.9195632,-4.8018164,True,es,Córdoba,Brillante - Trassierra - Naranjo,Brillante,,640000.0,chalet,independantHouse,336.0,,,4,3,,False,,False,,,,,good,,,,,,,,,,,,,,True,,,
112588773,https://www.idealista.com/inmueble/112588773/,sale,Córdoba,Córdoba,37.8778432,-4.7645411,True,es,Córdoba,Fuensanta - Zona Arcángel,Fuensanta - Arcángel - Santuario,,125000.0,flat,flat,64.0,,,3,1,,False,,False,,,,,renew,True,,,,,,,,,,,,,False,,1,
111729756,https://www.idealista.com/inmueble/111729756/,sale,Córdoba,Córdoba,37.8826763,-4.7757191,True,es,Córdoba,Centro - Casco Histórico,Casco Histórico - Corredera - Ribera,,258000.0,flat,flat,120.0,,,4,2,,False,,False,,,,,good,False,,,,,,,,,,,,,True,,2,
112647714,https://www.idealista.com/inmueble/112647714/,sale,Córdoba,Córdoba,37.8712661,-4.7776631,True,es,Córdoba,Sector sur - Santa Cruz,Sector sur - Santa Cruz,,139000.0,flat,flat,80.0,,,3,1,,False,,False,,,,,renew,True,,,,,,,,,,,,,False,,3,
111558707,https://www.idealista.com/inmueble/111558707/,sale,Córdoba,Córdoba,37.8877846,-4.7733621,True,es,Córdoba,Centro - Casco Histórico,Casco Histórico - Ollerías - Marrubial,,210000.0,flat,flat,57.0,,,2,1,,False,,False,,,,,good,False,,,,,,,,,,,,,True,,1,
112565659,https://www.idealista.com/inmueble/112565659/,sale,Córdoba,Córdoba,37.9081421,-4.7771386,True,es,Córdoba,Brillante - Trassierra - Naranjo,Naranjo - Mirabueno,,94900.0,flat,flat,74.0,,,3,1,,False,,False,,,,,renew,False,,,,,,,,,,,,,False,,3,
112565643,https://www.idealista.com/inmueble/112565643/,sale,Córdoba,Córdoba,37.9280223,-4.7567321,True,es,Córdoba,Brillante - Trassierra - Naranjo,Paraíso Arenal - La Colina,,340000.0,chalet,terracedHouse,248.0,,,4,3,,False,,False,,,,,good,,,,,,,,,,,,,,True,,,
111175643,https://www.idealista.com/inmueble/111175643/,sale,Córdoba,Córdoba,37.8834461,-4.7729661,True,es,Córdoba,Centro - Casco Histórico,Casco Histórico - Corredera - Ribera,,168000.0,flat,flat,118.0,,,3,2,,False,,False,,,,,good,False,,,,,,,,,,,,,False,,1,
107621618,https://www.idealista.com/inmueble/107621618/,sale,Córdoba,Córdoba,37.8803662,-4.7739261,True,es,Córdoba,Centro - Casco Histórico,Casco Histórico - Corredera - Ribera,,128000.0,duplex,duplex,54.0,,,1,1,,True,,False,,,,,good,False,,,,,,,,,,,,,False,,1,
112156593,https://www.idealista.com/inmueble/112156593/,sale,Córdoba,Córdoba,37.8952694,-4.7734045,True,es,Córdoba,Centro - Casco Histórico,San Cayetano,,379000.0,flat,flat,148.0,,,3,2,,False,,False,,,,,good,True,,,,,,,,,,,,,True,,2,
109520590,https://www.idealista.com/inmueble/109520590/,sale,Córdoba,Córdoba,37.8854317,-4.7735197,True,es,Córdoba,Centro - Casco Histórico,Casco Histórico - Corredera - Ribera,,265000.0,chalet,independantHouse,225.0,,,4,2,,False,,False,,,,,renew,,,,,,,,,,,,,,False,,,
112160535,https://www.idealista.com/inmueble/112160535/,sale,Córdoba,Córdoba,37.8947461,-4.7847292,True,es,Córdoba,Santa Rosa - Valdeolleros,Huerta de la Reina,,220000.0,chalet,terracedHouse,160.0,,,7,3,,False,,False,,,,,renew,,,,,,,,,,,,,,False,,,
112469517,https://www.idealista.com/inmueble/112469517/,sale,Córdoba,Córdoba,37.8801801,-4.7771667,True,es,Córdoba,Centro - Casco Histórico,Judería - San Basilio,,480000.0,chalet,independantHouse,438.0,,,9,4,,False,,False,,,,,good,,,,,,,,,,,,,,False,,,
112028510,https://www.idealista.com/inmueble/112028510/,sale,Córdoba,Córdoba,37.8837846,-4.7549629,True,es,Córdoba,Fuensanta - Zona Arcángel,Fuensanta - Arcángel - Santuario,,129900.0,flat,flat,72.0,,,3,1,,False,,False,,,,,good,True,,,,,,,,,,,,,False,,2,
112614506,https://www.idealista.com/inmueble/112614506/,sale,Córdoba,Córdoba,37.8906241,-4.7687174,True,es,Córdoba,Centro - Casco Histórico,Casco Histórico - Ollerías - Marrubial,,145500.0,flat,flat,69.0,,,2,1,,False,,False,,,,,good,False,,,,,,,,,,,,,False,,1,
110888506,https://www.idealista.com/inmueble/110888506/,sale,Córdoba,Córdoba,37.8662401,-4.7796539,True,es,Córdoba,Sector sur - Santa Cruz,Sector sur - Santa Cruz,,38000.0,flat,flat,57.0,,,3,1,,False,,False,,,,,good,False,,,,,,,,,,,,,False,,bj,
112133488,https://www.idealista.com/inmueble/112133488/,sale,Córdoba,Córdoba,37.8921715,-4.7892764,True,es,Córdoba,Noreña - Figueroa,Carretera Trassierra - Colonia de la Paz,,125000.0,flat,flat,105.0,,,3,1,,False,,False,,,,,good,False,,,,,,,,,,,,,False,,2,
111792490,https://www.idealista.com/inmueble/111792490/,sale,Córdoba,Córdoba,37.8930342,-4.7795883,True,es,Córdoba,Centro - Casco Histórico,San Cayetano,,240000.0,flat,flat,109.0,,,3,2,,False,,False,,,,,good,True,,,,,,,,,,,,,False,,5,
111729482,https://www.idealista.com/inmueble/111729482/,sale,Córdoba,Córdoba,37.8931382,-4.7569881,True,es,Córdoba,Levante - Lepanto - Fátima,La Viñuela,,115000.0,flat,flat,70.0,,,3,1,,False,,False,,,,,good,False,,,,,,,,,,,,,False,,2,
112555464,https://www.idealista.com/inmueble/112555464/,sale,Córdoba,Córdoba,37.8930921,-4.7649785,True,es,Córdoba,Levante - Lepanto - Fátima,Levante,,129900.0,flat,flat,64.0,,,3,1,,False,,False,,,,,good,False,,,,,,,,,,,,,False,,3,
112100458,https://www.idealista.com/inmueble/112100458/,sale,Córdoba,Córdoba,37.9093216,-4.7919226,True,es,Córdoba,Brillante - Trassierra - Naranjo,Brillante,,550000.0,chalet,independantHouse,244.0,,,4,3,,False,,False,,,,,good,,,,,,,,,,,,,,False,,,
111991434,https://www.idealista.com/inmueble/111991434/,sale,Córdoba,Córdoba,37.8855092,-4.7848891,True,es,Córdoba,Centro - Casco Histórico,Centro,,240000.0,flat,flat,107.0,,,3,2,,False,,False,,,,,good,True,,,,,,,,,,,,,False,,2,
112144412,https://www.idealista.com/inmueble/112144412/,sale,Córdoba,Córdoba,37.900642,-4.7567555,True,es,Córdoba,Levante - Lepanto - Fátima,Fátima - Campiñuela,,218500.0,flat,flat,113.0,,,3,2,,False,,False,,,,,good,True,,,,,,,,,,,,,True,,4,
111172416,https://www.idealista.com/inmueble/111172416/,sale,Córdoba,Córdoba,37.8833852,-4.7958761,True,es,Córdoba,Ciudad Jardín,Ciudad Jardín,,160000.0,flat,flat,79.0,,,3,1,,False,,False,,,,,good,True,,,,,,,,,,,,,False,,1,
111855410,https://www.idealista.com/inmueble/111855410/,sale,Córdoba,Córdoba,37.8768381,-4.7848583,True,es,Córdoba,Centro - Casco Histórico,Judería - San Basilio,,196000.0,flat,flat,60.0,,,3,1,,False,,False,,,,,good,False,,,,,,,,,,,,,False,,1,
110888409,https://www.idealista.com/inmueble/110888409/,sale,Córdoba,Córdoba,37.8776691,-4.7925228,True,es,Córdoba,Ciudad Jardín,Ciudad Jardín,,79000.0,flat,flat,57.0,,,3,1,,False,,False,,,,,good,False,,,,,,,,,,,,,False,,3,
110829382,https://www.idealista.com/inmueble/110829382/,sale,Córdoba,Córdoba,37.8732456,-4.7746119,True,es,Córdoba,Campo de la Verdad,Campo de la Verdad,,139000.0,chalet,independantHouse,65.0,,,2,1,,False,,False,,,,,renew,,,,,,,,,,,,,,False,,,
112103340,https://www.idealista.com/inmueble/112103340/,sale,Córdoba,Córdoba,37.8683727,-4.7735247,True,es,Córdoba,Campo de la Verdad,Campo de la Verdad,,147000.0,chalet,independantHouse,56.0,,,2,1,,False,,False,,,,,good,,,,,,,,,,,,,,False,,,
112499334,https://www.idealista.com/inmueble/112499334/,sale,Córdoba,Córdoba,37.8964025,-4.8120562,True,es,Córdoba,Noreña - Figueroa,Tablero,,340000.0,chalet,independantHouse,189.0,,,5,3,,False,,False,,,,,good,,,,,,,,,,,,,,True,,,
110170333,https://www.idealista.com/inmueble/110170333/,sale,Córdoba,Córdoba,37.8825747,-4.7798004,True,es,Córdoba,Centro - Casco Histórico,Centro,,385000.0,flat,flat,189.0,,,6,3,,False,,False,,,,,good,True,,,,,,,,,,,,,True,,2,
111566320,https://www.idealista.com/inmueble/111566320/,sale,Córdoba,Córdoba,37.8716862,-4.778685,True,es,Córdoba,Sector sur - Santa Cruz,Sector sur - Santa Cruz,,163500.0,flat,flat,77.0,,,2,2,,False,,False,,,,,good,True,,,,,,,,,,,,,False,,6,
111911292,https://www.idealista.com/inmueble/111911292/,sale,Córdoba,Córdoba,37.8987129,-4.7545772,True,es,Córdoba,Levante - Lepanto - Fátima,Fátima - Campiñuela,,156000.0,flat,flat,85.0,,,3,1,,False,,False,,,,,good,True,,,,,,,,,,,,,False,,2,
110327295,https://www.idealista.com/inmueble/110327295/,sale,Córdoba,Córdoba,37.8796144,-4.7722413,True,es,Córdoba,Centro - Casco Histórico,Casco Histórico - Corredera - Ribera,,246000.0,chalet,independantHouse,200.0,,,4,2,,False,,False,,,,,good,,,,,,,,,,,,,,True,,,
111409277,https://www.idealista.com/inmueble/111409277/,sale,Córdoba,Córdoba,37.895518,-4.7690261,True,es,Córdoba,Santa Rosa - Valdeolleros,Valdeolleros - Zumbacón - Camping,,424800.0,penthouse,penthouse,126.0,,,4,2,,False,,False,,,,,good,True,,,,,,,,,,,,,True,,3,
108240254,https://www.idealista.com/inmueble/108240254/,sale,Córdoba,Córdoba,37.9109271,-4.7956618,True,es,Córdoba,Brillante - Trassierra - Naranjo,Brillante,,750000.0,chalet,independantHouse,350.0,,,6,4,,False,,False,,,,,good,,,,,,,,,,,,,,True,,,
111642245,https://www.idealista.com/inmueble/111642245/,sale,Córdoba,Córdoba,37.869148,-4.7789803,True,es,Córdoba,Sector sur - Santa Cruz,Sector sur - Santa Cruz,,164500.0,flat,flat,77.0,,,2,2,,False,,False,,,,,good,True,,,,,,,,,,,,,False,,6,
111986234,https://www.idealista.com/inmueble/111986234/,sale,Córdoba,Córdoba,37.8885684,-4.7532727,True,es,Córdoba,Fuensanta - Zona Arcángel,Cañero - Fidiana,,154000.0,chalet,independantHouse,97.0,,,3,1,,False,,False,,,,,renew,,,,,,,,,,,,,,False,,,
111943184,https://www.idealista.com/inmueble/111943184/,sale,Córdoba,Córdoba,37.9055345,-4.7880716,True,es,Córdoba,Brillante - Trassierra - Naranjo,Brillante,,489000.0,flat,flat,180.0,,,5,4,,False,,False,,,,,good,False,,,,,,,,,,,,,True,,1,
111321154,https://www.idealista.com/inmueble/111321154/,sale,Córdoba,Córdoba,37.8848352,-4.7718836,False,es,Córdoba,Centro - Casco Histórico,Casco Histórico - Corredera - Ribera,,163500.0,flat,flat,81.0,,,1,1,,False,,False,,,,,good,False,,,,,,,,,,,,,False,,bj,
111394146,https://www.idealista.com/inmueble/111394146/,sale,Córdoba,Córdoba,37.8801894,-4.8167162,True,es,Córdoba,Noreña - Figueroa,Miralbaida - Parque Azahara,,119000.0,flat,flat,82.0,,,2,1,,False,,False,,,,,good,False,,,,,,,,,,,,,False,,,
112024106,https://www.idealista.com/inmueble/112024106/,sale,Córdoba,Córdoba,37.9098505,-4.7790675,True,es,Córdoba,Brillante - Trassierra - Naranjo,Naranjo - Mirabueno,,157800.0,flat,flat,98.0,,,3,3,,False,,False,,,,,good,False,,,,,,,,,,,,,False,,bj,
111730045,https://www.idealista.com/inmueble/111730045/,sale,Córdoba,Córdoba,37.8944027,-4.770564,True,es,Córdoba,Santa Rosa - Valdeolleros,Valdeolleros - Zumbacón - Camping,,424800.0,penthouse,penthouse,126.0,,,4,2,,False,,False,,,,,good,True,,,,,,,,,,,,,True,,3,
107917023,https://www.idealista.com/inmueble/107917023/,sale,Córdoba,Córdoba,37.881994,-4.7767673,True,es,Córdoba,Centro - Casco Histórico,Casco Histórico - Corredera - Ribera,,680000.0,chalet,independantHouse,547.0,,,10,4,,False,,False,,,,,good,,,,,,,,,,,,,,True,,,
111331015,https://www.idealista.com/inmueble/111331015/,sale,Córdoba,Córdoba,37.8917908,-4.7641523,True,es,Córdoba,Levante - Lepanto - Fátima,La Viñuela,,137000.0,flat,flat,70.0,,,3,1,,False,,False,,,,,good,True,,,,,,,,,,,,,False,,3,
110189973,https://www.idealista.com/inmueble/110189973/,sale,Córdoba,Córdoba,37.8954825,-4.7605661,False,es,Córdoba,Levante - Lepanto - Fátima,Levante,,92000.0,flat,flat,71.0,,,2,1,,False,,False,,,,,good,False,,,,,,,,,,,,,False,,4,
110460963,https://www.idealista.com/inmueble/110460963/,sale,Córdoba,Córdoba,37.8903479,-4.761111,True,es,Córdoba,Levante - Lepanto - Fátima,La Viñuela,,450000.0,chalet,independantHouse,490.0,,,6,4,,False,,False,,,,,good,,,,,,,,,,,,,,True,,,
110479952,https://www.idealista.com/inmueble/110479952/,sale,Córdoba,Córdoba,37.8840063,-4.7698246,True,es,Córdoba,Centro - Casco Histórico,Casco Histórico - Corredera - Ribera,,285000.0,chalet,independantHouse,347.0,,,6,3,,False,,False,,,,,renew,,,,,,,,,,,,,,True,,,
107040929,https://www.idealista.com/inmueble/107040929/,sale,Córdoba,Córdoba,37.8800892,-4.8130331,True,es,Córdoba,Noreña - Figueroa,Miralbaida - Parque Azahara,,85540.0,flat,flat,67.0,,,2,1,,False,,False,,,,,good,False,,,,,,,,,,,,,False,,7,
112322896,https://www.idealista.com/inmueble/112322896/,sale,Córdoba,Córdoba,37.8994268,-4.7571086,True,es,Córdoba,Levante - Lepanto - Fátima,Fátima - Campiñuela,,107900.0,studio,studio,43.0,,,0,1,,False,,True,,,,,good,False,,,,,,,,,,,,,False,,,
111951891,https://www.idealista.com/inmueble/111951891/,sale,Córdoba,Córdoba,37.9027462,-4.7897374,True,es,Córdoba,Brillante - Trassierra - Naranjo,Brillante,,489000.0,flat,flat,180.0,,,5,4,,False,,False,,,,,good,False,,,,,,,,,,,,,True,,1,
107686886,https://www.idealista.com/inmueble/107686886/,sale,Córdoba,Córdoba,37.8792289,-4.7729053,True,es,Córdoba,Centro - Casco Histórico,Casco Histórico - Corredera - Ribera,,133000.0,duplex,duplex,40.0,,,1,1,,True,,False,,,,,good,False,,,,,,,,,,,,,False,,1,
111438874,https://www.idealista.com/inmueble/111438874/,sale,Córdoba,Córdoba,37.8885147,-4.7706824,True,es,Córdoba,Centro - Casco Histórico,Casco Histórico - Ollerías - Marrubial,,750000.0,chalet,independantHouse,725.0,,,8,6,,False,,False,,,,,good,,,,,,,,,,,,,,True,,,
111890849,https://www.idealista.com/inmueble/111890849/,sale,Córdoba,Córdoba,37.9041978,-4.7800203,True,es,Córdoba,Brillante - Trassierra - Naranjo,Brillante,,535000.0,chalet,independantHouse,205.0,,,4,3,,False,,False,,,,,good,,,,,,,,,,,,,,True,,,
109830849,https://www.idealista.com/inmueble/109830849/,sale,Córdoba,Córdoba,37.8726287,-4.7781681,True,es,Córdoba,Sector sur - Santa Cruz,Sector sur - Santa Cruz,,279900.0,chalet,semidetachedHouse,151.0,,,4,2,,False,,False,,,,,good,,,,,,,,,,,,,,True,,,
111921837,https://www.idealista.com/inmueble/111921837/,sale,Córdoba,Córdoba,37.8903247,-4.7624887,True,es,Córdoba,Levante - Lepanto - Fátima,La Viñuela,,154900.0,penthouse,penthouse,65.0,,,3,1,,False,,False,,,,,good,True,,,,,,,,,,,,,False,,,
109762842,https://www.idealista.com/inmueble/109762842/,sale,Córdoba,Córdoba,37.8759077,-4.7825636,True,es,Córdoba,Centro - Casco Histórico,Judería - San Basilio,,199000.0,flat,flat,87.0,,,3,2,,False,,False,,,,,good,False,,,,,,,,,,,,,False,,bj,
111447765,https://www.idealista.com/inmueble/111447765/,sale,Córdoba,Córdoba,37.8919255,-4.7864539,True,es,Córdoba,Centro - Casco Histórico,El Vial - Ronda de Tejares,,419900.0,flat,flat,116.0,,,2,2,,False,,False,,,,,good,True,,,,,,,,,,,,,True,,3,
111395750,https://www.idealista.com/inmueble/111395750/,sale,Córdoba,Córdoba,37.8879335,-4.7714199,True,es,Córdoba,Centro - Casco Histórico,Casco Histórico - Ollerías - Marrubial,,94500.0,flat,flat,53.0,,,3,1,,False,,False,,,,,good,False,,,,,,,,,,,,,False,,3,
112375722,https://www.idealista.com/inmueble/112375722/,sale,Córdoba,Córdoba,37.8948803,-4.756367,True,es,Córdoba,Levante - Lepanto - Fátima,Fátima - Campiñuela,,123500.0,studio,studio,42.0,,,0,1,,False,,True,,,,,good,False,,,,,,,,,,,,,False,,bj,
112542710,https://www.idealista.com/inmueble/112542710/,sale,Córdoba,Córdoba,37.8685912,-4.7759825,True,es,Córdoba,Campo de la Verdad,Campo de la Verdad,,95000.0,chalet,terracedHouse,59.0,,,2,1,,False,,False,,,,,good,,,,,,,,,,,,,,False,,,
99723687,https://www.idealista.com/inmueble/99723687/,sale,Córdoba,Córdoba,37.8651904,-4.7734717,True,es,Córdoba,Campo de la Verdad,Campo de la Verdad,,140000.0,chalet,independantHouse,194.0,,,3,2,,False,,False,,,,,good,,,,,,,,,,,,,,False,,,
104898686,https://www.idealista.com/inmueble/104898686/,sale,Córdoba,Córdoba,37.8896084,-4.7871757,True,es,Córdoba,Centro - Casco Histórico,El Vial - Ronda de Tejares,,450000.0,flat,flat,183.0,,,3,2,,False,,False,,,,,good,True,,,,,,,,,,,,,True,,1,
111267682,https://www.idealista.com/inmueble/111267682/,sale,Córdoba,Córdoba,37.9203404,-4.7565616,True,es,Córdoba,Brillante - Trassierra - Naranjo,Paraíso Arenal - La Colina,,139000.0,countryHouse,countryHouse,137.0,,,3,3,,False,,False,,,,,renew,,,,,,,,,,,,,,False,,,
106066667,https://www.idealista.com/inmueble/106066667/,sale,Córdoba,Córdoba,37.8828638,-4.7703889,True,es,Córdoba,Centro - Casco Histórico,Casco Histórico - Corredera - Ribera,,194500.0,chalet,independantHouse,114.0,,,3,2,,False,,False,,,,,good,,,,,,,,,,,,,,False,,,
112365641,https://www.idealista.com/inmueble/112365641/,sale,Córdoba,Córdoba,37.8768323,-4.7731966,True,es,Córdoba,Campo de la Verdad,Campo de la Verdad,,320000.0,chalet,terracedHouse,162.0,,,2,3,,False,,False,,,,,good,,,,,,,,,,,,,,True,,,
111028636,https://www.idealista.com/inmueble/111028636/,sale,Córdoba,Córdoba,37.9040925,-4.7902366,True,es,Córdoba,Brillante - Trassierra - Naranjo,Brillante,,715000.0,chalet,independantHouse,647.0,,,7,4,,False,,False,,,,,renew,,,,,,,,,,,,,,True,,,
109776638,https://www.idealista.com/inmueble/109776638/,sale,Córdoba,Córdoba,37.8792711,-4.789317,True,es,Córdoba,Zoco - Poniente - Vistalegre,Vistalegre - Parque Cruz - Universidades,,408000.0,flat,flat,175.0,,,5,3,,False,,False,,,,,good,True,,,,,,,,,,,,,True,,3,
110585631,https://www.idealista.com/inmueble/110585631/,sale,Córdoba,Córdoba,37.8871762,-4.7736929,True,es,Córdoba,Centro - Casco Histórico,Casco Histórico - Corredera - Ribera,,204500.0,flat,flat,105.0,,,3,2,,False,,False,,,,,good,False,,,,,,,,,,,,,False,,2,
112427605,https://www.idealista.com/inmueble/112427605/,sale,Córdoba,Córdoba,37.8821178,-4.7939103,True,es,Córdoba,Ciudad Jardín,Ciudad Jardín,,149000.0,flat,flat,70.0,,,3,1,,False,,False,,,,,good,True,,,,,,,,,,,,,False,,2,
112456582,https://www.idealista.com/inmueble/112456582/,sale,Córdoba,Córdoba,37.8589473,-4.7746678,True,es,Córdoba,Sector sur - Santa Cruz,Sector sur - Santa Cruz,,215000.0,chalet,independantHouse,125.0,,,4,2,,False,,False,,,,,good,,,,,,,,,,,,,,True,,,
111931584,https://www.idealista.com/inmueble/111931584/,sale,Córdoba,Córdoba,37.8999488,-4.7832001,True,es,Córdoba,Santa Rosa - Valdeolleros,Santa Rosa - San José,,230000.0,flat,flat,82.0,,,3,1,,False,,False,,,,,renew,True,,,,,,,,,,,,,True,,4,
111405567,https://www.idealista.com/inmueble/111405567/,sale,Córdoba,Córdoba,37.8978528,-4.7740933,True,es,Córdoba,Santa Rosa - Valdeolleros,Valdeolleros - Zumbacón - Camping,,179000.0,flat,flat,105.0,,,3,2,,False,,False,,,,,good,True,,,,,,,,,,,,,True,,bj,
112594542,https://www.idealista.com/inmueble/112594542/,sale,Córdoba,Córdoba,37.8965495,-4.8113792,True,es,Córdoba,Noreña - Figueroa,Tablero,,340000.0,chalet,independantHouse,200.0,,,5,3,,False,,False,,,,,good,,,,,,,,,,,,,,False,,,
94688523,https://www.idealista.com/inmueble/94688523/,sale,Córdoba,Córdoba,37.9103758,-4.7857624,True,es,Córdoba,Brillante - Trassierra - Naranjo,Brillante,,800000.0,chalet,independantHouse,450.0,,,7,4,,False,,False,,,,,good,,,,,,,,,,,,,,True,,,
110613469,https://www.idealista.com/inmueble/110613469/,sale,Córdoba,Córdoba,37.8628879,-4.7761517,False,es,Córdoba,Sector sur - Santa Cruz,Sector sur - Santa Cruz,,41000.0,flat,flat,57.0,,,3,1,,False,,False,,,,,good,True,,,,,,,,,,,,,False,,,
112195459,https://www.idealista.com/inmueble/112195459/,sale,Córdoba,Córdoba,37.8680953,-4.7738212,True,es,Córdoba,Campo de la Verdad,Campo de la Verdad,,104000.0,chalet,independantHouse,80.0,,,2,1,,False,,False,,,,,renew,,,,,,,,,,,,,,False,,,
110443406,https://www.idealista.com/inmueble/110443406/,sale,Córdoba,Córdoba,37.8820693,-4.7671629,True,es,Córdoba,Fuensanta - Zona Arcángel,Fuensanta - Arcángel - Santuario,,75000.0,flat,flat,108.0,,,3,2,,False,,False,,,,,good,False,,,,,,,,,,,,,False,,,
112453392,https://www.idealista.com/inmueble/112453392/,sale,Córdoba,Córdoba,37.8979319,-4.7566985,False,es,Córdoba,Levante - Lepanto - Fátima,Fátima - Campiñuela,,139900.0,flat,flat,80.0,,,2,1,,False,,False,,,,,good,True,,,,,,,,,,,,,False,,bj,
112596383,https://www.idealista.com/inmueble/112596383/,sale,Córdoba,Córdoba,37.9039081,-4.7621412,True,es,Córdoba,Santa Rosa - Valdeolleros,Valdeolleros - Zumbacón - Camping,,198000.0,flat,flat,113.0,,,3,2,,False,,False,,,,,good,False,,,,,,,,,,,,,False,,4,
111842380,https://www.idealista.com/inmueble/111842380/,sale,Córdoba,Córdoba,37.8929519,-4.7871112,True,es,Córdoba,Santa Rosa - Valdeolleros,Huerta de la Reina,,190000.0,flat,flat,107.0,,,4,2,,False,,False,,,,,good,False,,,,,,,,,,,,,True,,1,
110029370,https://www.idealista.com/inmueble/110029370/,sale,Córdoba,Córdoba,37.9086408,-4.7875222,True,es,Córdoba,Brillante - Trassierra - Naranjo,Brillante,,1200000.0,chalet,independantHouse,586.0,,,5,6,,False,,False,,,,,good,,,,,,,,,,,,,,True,,,
82492368,https://www.idealista.com/inmueble/82492368/,sale,Córdoba,Córdoba,37.8885364,-4.7750635,True,es,Córdoba,Centro - Casco Histórico,Centro,,1300000.0,chalet,independantHouse,400.0,,,4,4,,False,,False,,,,,good,,,,,,,,,,,,,,True,,,
111026337,https://www.idealista.com/inmueble/111026337/,sale,Córdoba,Córdoba,37.8660469,-4.777352,False,es,Córdoba,Sector sur - Santa Cruz,Sector sur - Santa Cruz,,98000.0,flat,flat,60.0,,,3,1,,False,,False,,,,,good,False,,,,,,,,,,,,,False,,bj,
111943321,https://www.idealista.com/inmueble/111943321/,sale,Córdoba,Córdoba,37.8991794,-4.7838887,True,es,Córdoba,Santa Rosa - Valdeolleros,Santa Rosa - San José,,230000.0,flat,flat,82.0,,,3,1,,False,,False,,,,,renew,True,,,,,,,,,,,,,True,,4,
110829311,https://www.idealista.com/inmueble/110829311/,sale,Córdoba,Córdoba,37.8709132,-4.7742288,True,es,Córdoba,Campo de la Verdad,Campo de la Verdad,,139000.0,chalet,independantHouse,65.0,,,2,1,,False,,False,,,,,renew,,,,,,,,,,,,,,False,,,
112009307,https://www.idealista.com/inmueble/112009307/,sale,Córdoba,Córdoba,37.8870547,-4.7833043,True,es,Córdoba,Centro - Casco Histórico,Centro,,240000.0,flat,flat,126.0,,,3,2,,False,,False,,,,,good,True,,,,,,,,,,,,,False,,2,
111540303,https://www.idealista.com/inmueble/111540303/,sale,Córdoba,Córdoba,37.9005043,-4.7805256,True,es,Córdoba,Santa Rosa - Valdeolleros,Valdeolleros - Zumbacón - Camping,,137000.0,penthouse,penthouse,75.0,,,4,1,,False,,False,,,,,good,False,,,,,,,,,,,,,False,,3,
111913293,https://www.idealista.com/inmueble/111913293/,sale,Córdoba,Córdoba,37.8674555,-4.7726165,False,es,Córdoba,Campo de la Verdad,Campo de la Verdad,,160000.0,chalet,semidetachedHouse,127.0,,,3,2,,False,,False,,,,,good,,,,,,,,,,,,,,False,,,
110996287,https://www.idealista.com/inmueble/110996287/,sale,Córdoba,Córdoba,37.8710611,-4.7747812,True,es,Córdoba,Campo de la Verdad,Campo de la Verdad,,139000.0,chalet,independantHouse,65.0,,,2,1,,False,,False,,,,,renew,,,,,,,,,,,,,,False,,,
112609283,https://www.idealista.com/inmueble/112609283/,sale,Córdoba,Córdoba,37.9033611,-4.7790353,True,es,Córdoba,Brillante - Trassierra - Naranjo,Brillante,,535000.0,chalet,independantHouse,205.0,,,4,3,,False,,False,,,,,good,,,,,,,,,,,,,,True,,,
112172238,https://www.idealista.com/inmueble/112172238/,sale,Córdoba,Córdoba,37.891671,-4.7927481,True,es,Córdoba,Noreña - Figueroa,Carretera Trassierra - Colonia de la Paz,,116000.0,flat,flat,45.0,,,1,1,,False,,False,,,,,good,False,,,,,,,,,,,,,False,,2,
110219242,https://www.idealista.com/inmueble/110219242/,sale,Córdoba,Córdoba,37.8810162,-4.7880891,True,es,Córdoba,Ciudad Jardín,Ciudad Jardín,,185000.0,flat,flat,100.0,,,4,1,,False,,False,,,,,good,False,,,,,,,,,,,,,False,,3,
112172217,https://www.idealista.com/inmueble/112172217/,sale,Córdoba,Córdoba,37.8701944,-4.7705114,True,es,Córdoba,Campo de la Verdad,Campo de la Verdad,,98000.0,chalet,chalet,65.0,,,2,1,,False,,False,,,,,good,,,,,,,,,,,,,,False,,,
112385206,https://www.idealista.com/inmueble/112385206/,sale,Córdoba,Córdoba,37.8823329,-4.7940885,True,es,Córdoba,Ciudad Jardín,Ciudad Jardín,,193000.0,flat,flat,73.0,,,3,1,,False,,False,,,,,good,True,,,,,,,,,,,,,False,,1,
112686193,https://www.idealista.com/inmueble/112686193/,sale,Córdoba,Córdoba,37.8920191,-4.772141,True,es,Córdoba,Centro - Casco Histórico,Casco Histórico - Ollerías - Marrubial,,101500.0,flat,flat,36.0,,,1,1,,False,,False,,,,,good,False,,,,,,,,,,,,,False,,,
111347182,https://www.idealista.com/inmueble/111347182/,sale,Córdoba,Córdoba,37.8896987,-4.7725167,True,es,Córdoba,Centro - Casco Histórico,Casco Histórico - Ollerías - Marrubial,,210000.0,flat,flat,57.0,,,2,1,,False,,False,,,,,good,False,,,,,,,,,,,,,True,,1,
112172159,https://www.idealista.com/inmueble/112172159/,sale,Córdoba,Córdoba,37.8668174,-4.7815936,True,es,Córdoba,Sector sur - Santa Cruz,Sector sur - Santa Cruz,,93000.0,chalet,chalet,59.0,,,1,1,,False,,False,,,,,good,,,,,,,,,,,,,,False,,,
112172077,https://www.idealista.com/inmueble/112172077/,sale,Córdoba,Córdoba,37.8679328,-4.7751016,True,es,Córdoba,Sector sur - Santa Cruz,Sector sur - Santa Cruz,,66000.0,chalet,chalet,58.0,,,1,1,,False,,False,,,,,good,,,,,,,,,,,,,,False,,,
112172073,https://www.idealista.com/inmueble/112172073/,sale,Córdoba,Córdoba,37.8635874,-4.780871,True,es,Córdoba,Sector sur - Santa Cruz,Sector sur - Santa Cruz,,75000.0,flat,flat,59.0,,,1,1,,False,,False,,,,,good,False,,,,,,,,,,,,,False,,bj,
112172072,https://www.idealista.com/inmueble/112172072/,sale,Córdoba,Córdoba,37.8692405,-4.7724048,True,es,Córdoba,Campo de la Verdad,Campo de la Verdad,,77000.0,chalet,chalet,69.0,,,2,1,,False,,False,,,,,good,,,,,,,,,,,,,,False,,,
112172054,https://www.idealista.com/inmueble/112172054/,sale,Córdoba,Córdoba,37.8639337,-4.7817097,True,es,Córdoba,Sector sur - Santa Cruz,Sector sur - Santa Cruz,,67000.0,flat,flat,57.0,,,1,1,,False,,False,,,,,good,False,,,,,,,,,,,,,False,,2,
112171978,https://www.idealista.com/inmueble/112171978/,sale,Córdoba,Córdoba,37.8811899,-4.8188329,True,es,Córdoba,Noreña - Figueroa,Miralbaida - Parque Azahara,,141000.0,flat,flat,85.0,,,3,2,,False,,False,,,,,good,False,,,,,,,,,,,,,False,,1,
107695974,https://www.idealista.com/inmueble/107695974/,sale,Córdoba,Córdoba,37.8813289,-4.7795274,True,es,Córdoba,Centro - Casco Histórico,Judería - San Basilio,,449900.0,flat,flat,117.0,,,5,2,,False,,False,,,,,good,True,,,,,,,,,,,,,False,,1,
112232960,https://www.idealista.com/inmueble/112232960/,sale,Córdoba,Córdoba,37.8705028,-4.7781117,True,es,Córdoba,Sector sur - Santa Cruz,Sector sur - Santa Cruz,,75000.0,chalet,chalet,65.0,,,2,1,,False,,False,,,,,good,,,,,,,,,,,,,,False,,,
111464941,https://www.idealista.com/inmueble/111464941/,sale,Córdoba,Córdoba,37.8872114,-4.7848092,True,es,Córdoba,Centro - Casco Histórico,El Vial - Ronda de Tejares,,368000.0,flat,flat,129.0,,,3,2,,False,,False,,,,,good,True,,,,,,,,,,,,,True,,6,
112347930,https://www.idealista.com/inmueble/112347930/,sale,Córdoba,Córdoba,37.8779623,-4.7889258,True,es,Córdoba,Ciudad Jardín,Ciudad Jardín,,320000.0,flat,flat,175.0,,,4,2,,False,,False,,,,,good,True,,,,,,,,,,,,,True,,4,
109826879,https://www.idealista.com/inmueble/109826879/,sale,Córdoba,Córdoba,37.8806062,-4.7745013,True,es,Córdoba,Centro - Casco Histórico,Casco Histórico - Corredera - Ribera,,128000.0,duplex,duplex,60.0,,,1,1,,True,,False,,,,,good,False,,,,,,,,,,,,,False,,1,
100650856,https://www.idealista.com/inmueble/100650856/,sale,Córdoba,Córdoba,37.8687601,-4.7731459,True,es,Córdoba,Campo de la Verdad,Campo de la Verdad,,144600.0,chalet,independantHouse,112.0,,,4,1,,False,,False,,,,,good,,,,,,,,,,,,,,False,,,
112163781,https://www.idealista.com/inmueble/112163781/,sale,Córdoba,Córdoba,37.925515,-4.7594255,True,es,Córdoba,Brillante - Trassierra - Naranjo,Paraíso Arenal - La Colina,,264000.0,chalet,chalet,109.0,,,3,2,,False,,False,,,,,good,,,,,,,,,,,,,,False,,,
110108717,https://www.idealista.com/inmueble/110108717/,sale,Córdoba,Córdoba,37.8727509,-4.7719725,False,es,Córdoba,Campo de la Verdad,Campo de la Verdad,,185000.0,flat,flat,109.0,,,3,2,,False,,False,,,,,good,True,,,,,,,,,,,,,False,,2,
111564684,https://www.idealista.com/inmueble/111564684/,sale,Córdoba,Córdoba,37.8902961,-4.7693656,False,es,Córdoba,Centro - Casco Histórico,Casco Histórico - Ollerías - Marrubial,,190000.0,chalet,terracedHouse,250.0,,,5,1,,False,,False,,,,,renew,,,,,,,,,,,,,,False,,,
111933668,https://www.idealista.com/inmueble/111933668/,sale,Córdoba,Córdoba,37.8812235,-4.8153253,True,es,Córdoba,Noreña - Figueroa,Miralbaida - Parque Azahara,,98000.0,flat,flat,95.0,,,3,2,,False,,False,,,,,good,False,,,,,,,,,,,,,False,,4,
111979581,https://www.idealista.com/inmueble/111979581/,sale,Córdoba,Córdoba,37.8875697,-4.751721,True,es,Córdoba,Fuensanta - Zona Arcángel,Cañero - Fidiana,,154000.0,chalet,independantHouse,97.0,,,3,1,,False,,False,,,,,renew,,,,,,,,,,,,,,False,,,
109972466,https://www.idealista.com/inmueble/109972466/,sale,Córdoba,Córdoba,37.8636251,-4.7715227,True,es,Córdoba,Campo de la Verdad,Campo de la Verdad,,106000.0,flat,flat,69.0,,,3,1,,False,,False,,,,,good,False,,,,,,,,,,,,,False,,4,
106218396,https://www.idealista.com/inmueble/106218396/,sale,Córdoba,Córdoba,37.9020387,-4.7572256,True,es,Córdoba,Levante - Lepanto - Fátima,Fátima - Campiñuela,,127300.0,flat,flat,87.0,,,3,2,,False,,False,,,,,good,False,,,,,,,,,,,,,False,,3,
112172385,https://www.idealista.com/inmueble/112172385/,sale,Córdoba,Córdoba,37.8967607,-4.765411,True,es,Córdoba,Levante - Lepanto - Fátima,Levante,,197000.0,flat,flat,112.0,,,4,2,,False,,False,,,,,good,False,,,,,,,,,,,,,False,,2,
106908377,https://www.idealista.com/inmueble/106908377/,sale,Córdoba,Córdoba,37.8847709,-4.7706873,True,es,Córdoba,Centro - Casco Histórico,Casco Histórico - Corredera - Ribera,,183000.0,flat,flat,114.0,,,4,3,,False,,False,,,,,good,False,,,,,,,,,,,,,False,,2,
112689341,https://www.idealista.com/inmueble/112689341/,sale,Córdoba,Córdoba,37.8706598,-4.792473,False,es,Córdoba,Zoco - Poniente - Vistalegre,Vistalegre - Parque Cruz - Universidades,,170000.0,flat,flat,70.0,,,3,1,,False,,False,,,,,good,False,,,,,,,,,,,,,False,,bj,
112409301,https://www.idealista.com/inmueble/112409301/,sale,Córdoba,Córdoba,37.9036856,-4.7829987,True,es,Córdoba,Brillante - Trassierra - Naranjo,Brillante,,535000.0,chalet,independantHouse,205.0,,,4,3,,False,,False,,,,,good,,,,,,,,,,,,,,True,,,
111885284,https://www.idealista.com/inmueble/111885284/,sale,Córdoba,Córdoba,37.8844388,-4.7701529,True,es,Córdoba,Centro - Casco Histórico,Casco Histórico - Corredera - Ribera,,175000.0,flat,flat,105.0,,,3,1,,False,,False,,,,,good,False,,,,,,,,,,,,,False,,,
112172199,https://www.idealista.com/inmueble/112172199/,sale,Córdoba,Córdoba,37.8865627,-4.7680001,True,es,Córdoba,Centro - Casco Histórico,Casco Histórico - Corredera - Ribera,,149000.0,chalet,chalet,80.0,,,2,1,,False,,False,,,,,good,,,,,,,,,,,,,,False,,,
111328168,https://www.idealista.com/inmueble/111328168/,sale,Córdoba,Córdoba,37.896963,-4.7813653,True,es,Córdoba,Santa Rosa - Valdeolleros,Santa Rosa - San José,,193000.0,flat,flat,53.0,,,1,1,,False,,False,,,,,good,True,,,,,,,,,,,,,False,,,
112381157,https://www.idealista.com/inmueble/112381157/,sale,Córdoba,Córdoba,37.8839084,-4.7900826,True,es,Córdoba,Ciudad Jardín,Ciudad Jardín,,345000.0,flat,flat,133.0,,,4,2,,False,,False,,,,,good,True,,,,,,,,,,,,,True,,6,
112224152,https://www.idealista.com/inmueble/112224152/,sale,Córdoba,Córdoba,37.8879079,-4.7895592,True,es,Córdoba,Centro - Casco Histórico,Cercadilla - Medina Azahara,,368380.0,flat,flat,111.0,,,3,2,,False,,False,,,,,good,True,,,,,,,,,,,,,True,,,
112483123,https://www.idealista.com/inmueble/112483123/,sale,Córdoba,Córdoba,37.8971321,-4.7803411,True,es,Córdoba,Santa Rosa - Valdeolleros,Santa Rosa - San José,,175000.0,flat,flat,67.0,,,2,1,,False,,False,,,,,good,True,,,,,,,,,,,,,False,,1,
109302085,https://www.idealista.com/inmueble/109302085/,sale,Córdoba,Córdoba,37.8640974,-4.7774241,True,es,Córdoba,Sector sur - Santa Cruz,Sector sur - Santa Cruz,,40000.0,flat,flat,48.0,,,2,1,,False,,False,,,,,good,False,,,,,,,,,,,,,False,,,
112126083,https://www.idealista.com/inmueble/112126083/,sale,Córdoba,Córdoba,37.8890633,-4.7668005,True,es,Córdoba,Levante - Lepanto - Fátima,La Viñuela,,208000.0,flat,flat,92.0,,,3,2,,False,,False,,,,,good,True,,,,,,,,,,,,,False,,,
112171993,https://www.idealista.com/inmueble/112171993/,sale,Córdoba,Córdoba,37.8906569,-4.7725016,True,es,Córdoba,Centro - Casco Histórico,Casco Histórico - Ollerías - Marrubial,,186000.0,flat,flat,57.0,,,1,1,,False,,False,,,,,good,False,,,,,,,,,,,,,False,,1,
111691979,https://www.idealista.com/inmueble/111691979/,sale,Córdoba,Córdoba,37.8945636,-4.7938401,True,es,Córdoba,Noreña - Figueroa,Tablero,,315000.0,flat,flat,100.0,,,2,2,,False,,False,,,,,good,True,,,,,,,,,,,,,True,,,
112682955,https://www.idealista.com/inmueble/112682955/,sale,Córdoba,Córdoba,37.8835173,-4.7897031,True,es,Córdoba,Ciudad Jardín,Ciudad Jardín,,179000.0,flat,flat,100.0,,,4,2,,False,,False,,,,,good,True,,,,,,,,,,,,,False,,4,
108894953,https://www.idealista.com/inmueble/108894953/,sale,Córdoba,Córdoba,37.8623507,-4.7737602,True,es,Córdoba,Campo de la Verdad,Campo de la Verdad,,43000.0,chalet,independantHouse,47.0,,,3,1,,False,,False,,,,,good,,,,,,,,,,,,,,False,,,
112315947,https://www.idealista.com/inmueble/112315947/,sale,Córdoba,Córdoba,37.9081728,-4.7814298,True,es,Córdoba,Brillante - Trassierra - Naranjo,Naranjo - Mirabueno,,157600.0,flat,flat,98.0,,,3,3,,False,,False,,,,,good,False,,,,,,,,,,,,,False,,,
112655902,https://www.idealista.com/inmueble/112655902/,sale,Córdoba,Córdoba,37.8947159,-4.7638569,True,es,Córdoba,Levante - Lepanto - Fátima,Levante,,139000.0,flat,flat,78.0,,,3,1,,False,,False,,,,,good,False,,,,,,,,,,,,,False,,3,
112524858,https://www.idealista.com/inmueble/112524858/,sale,Córdoba,Córdoba,37.8860143,-4.7638837,True,es,Córdoba,Levante - Lepanto - Fátima,La Viñuela,,135000.0,flat,flat,126.0,,,4,2,,False,,False,,,,,good,False,,,,,,,,,,,,,False,,,
112429831,https://www.idealista.com/inmueble/112429831/,sale,Córdoba,Córdoba,37.8666425,-4.779367,True,es,Córdoba,Sector sur - Santa Cruz,Sector sur - Santa Cruz,,72000.0,flat,flat,53.0,,,3,1,,False,,False,,,,,good,False,,,,,,,,,,,,,False,,5,
112388777,https://www.idealista.com/inmueble/112388777/,sale,Córdoba,Córdoba,37.8783726,-4.7901417,True,es,Córdoba,Ciudad Jardín,Ciudad Jardín,,229900.0,flat,flat,129.0,,,4,2,,False,,False,,,,,good,True,,,,,,,,,,,,,False,,,
111707768,https://www.idealista.com/inmueble/111707768/,sale,Córdoba,Córdoba,37.890196,-4.7642932,True,es,Córdoba,Levante - Lepanto - Fátima,La Viñuela,,236000.0,flat,flat,104.0,,,4,2,,False,,False,,,,,good,True,,,,,,,,,,,,,False,,,
111706748,https://www.idealista.com/inmueble/111706748/,sale,Córdoba,Córdoba,37.8755275,-4.7940356,True,es,Córdoba,Zoco - Poniente - Vistalegre,Vistalegre - Parque Cruz - Universidades,,360000.0,flat,flat,184.0,,,5,2,,False,,False,,,,,good,True,,,,,,,,,,,,,True,,1,
111379732,https://www.idealista.com/inmueble/111379732/,sale,Córdoba,Córdoba,37.8936127,-4.7609694,True,es,Córdoba,Levante - Lepanto - Fátima,La Viñuela,,205000.0,flat,flat,77.0,,,3,2,,False,,False,,,,,good,True,,,,,,,,,,,,,False,,,
110011728,https://www.idealista.com/inmueble/110011728/,sale,Córdoba,Córdoba,37.8807059,-4.7717893,True,es,Córdoba,Centro - Casco Histórico,Casco Histórico - Corredera - Ribera,,255000.0,chalet,terracedHouse,200.0,,,4,2,,False,,False,,,,,good,,,,,,,,,,,,,,False,,,
112596687,https://www.idealista.com/inmueble/112596687/,sale,Córdoba,Córdoba,37.896923,-4.7538966,True,es,Córdoba,Levante - Lepanto - Fátima,Fátima - Campiñuela,,140000.0,flat,flat,62.0,,,3,1,,False,,False,,,,,good,False,,,,,,,,,,,,,False,,2,
99274678,https://www.idealista.com/inmueble/99274678/,sale,Córdoba,Córdoba,37.8847527,-4.7760847,True,es,Córdoba,Centro - Casco Histórico,Centro,,280000.0,chalet,chalet,281.0,,,6,4,,False,,False,,,,,renew,,,,,,,,,,,,,,False,,,
82239670,https://www.idealista.com/inmueble/82239670/,sale,Córdoba,Córdoba,37.886821,-4.7942049,True,es,Córdoba,Centro - Casco Histórico,Cercadilla - Medina Azahara,,200000.0,flat,flat,69.0,,,2,1,,False,,False,,,,,good,True,,,,,,,,,,,,,False,,1,
112572657,https://www.idealista.com/inmueble/112572657/,sale,Córdoba,Córdoba,37.8848154,-4.7588131,True,es,Córdoba,Fuensanta - Zona Arcángel,Fuensanta - Arcángel - Santuario,,155000.0,flat,flat,79.0,,,3,1,,False,,False,,,,,renew,False,,,,,,,,,,,,,True,,3,
111553617,https://www.idealista.com/inmueble/111553617/,sale,Córdoba,Córdoba,37.8663213,-4.7798455,True,es,Córdoba,Sector sur - Santa Cruz,Sector sur - Santa Cruz,,110000.0,chalet,terracedHouse,75.0,,,3,1,,False,,False,,,,,good,,,,,,,,,,,,,,False,,,
112204578,https://www.idealista.com/inmueble/112204578/,sale,Córdoba,Córdoba,37.8896697,-4.7700921,True,es,Córdoba,Centro - Casco Histórico,Casco Histórico - Ollerías - Marrubial,,195000.0,flat,flat,95.0,,,3,2,,False,,False,,,,,good,False,,,,,,,,,,,,,False,,,
112527569,https://www.idealista.com/inmueble/112527569/,sale,Córdoba,Córdoba,37.8841454,-4.759834,True,es,Córdoba,Fuensanta - Zona Arcángel,Fuensanta - Arcángel - Santuario,,178500.0,flat,flat,89.0,,,3,2,,False,,False,,,,,good,True,,,,,,,,,,,,,False,,7,
111548553,https://www.idealista.com/inmueble/111548553/,sale,Córdoba,Córdoba,37.8622302,-4.7783459,True,es,Córdoba,Sector sur - Santa Cruz,Sector sur - Santa Cruz,,58000.0,flat,flat,57.0,,,3,1,,False,,False,,,,,good,True,,,,,,,,,,,,,False,,1,
111396487,https://www.idealista.com/inmueble/111396487/,sale,Córdoba,Córdoba,37.8881672,-4.7877961,True,es,Córdoba,Centro - Casco Histórico,Cercadilla - Medina Azahara,,368380.0,flat,flat,129.0,,,3,2,,False,,False,,,,,good,True,,,,,,,,,,,,,True,,,
112549466,https://www.idealista.com/inmueble/112549466/,sale,Córdoba,Córdoba,37.88364,-4.7972913,True,es,Córdoba,Zoco - Poniente - Vistalegre,Huerta de la Marquesa,,155000.0,flat,flat,90.0,,,3,1,,False,,False,,,,,good,True,,,,,,,,,,,,,False,,bj,
112280427,https://www.idealista.com/inmueble/112280427/,sale,Córdoba,Córdoba,37.867049,-4.7787396,True,es,Córdoba,Sector sur - Santa Cruz,Sector sur - Santa Cruz,,78500.0,flat,flat,57.0,,,3,1,,False,,False,,,,,good,False,,,,,,,,,,,,,False,,1,
112639413,https://www.idealista.com/inmueble/112639413/,sale,Córdoba,Córdoba,37.8895138,-4.7872898,True,es,Córdoba,Noreña - Figueroa,Carretera Trassierra - Colonia de la Paz,,179900.0,flat,flat,100.0,,,3,1,,False,,False,,,,,good,True,,,,,,,,,,,,,False,,3,
112539388,https://www.idealista.com/inmueble/112539388/,sale,Córdoba,Córdoba,37.8862617,-4.7625014,True,es,Córdoba,Fuensanta - Zona Arcángel,Fuensanta - Arcángel - Santuario,,178500.0,flat,flat,90.0,,,3,2,,False,,False,,,,,good,True,,,,,,,,,,,,,False,,,
112452359,https://www.idealista.com/inmueble/112452359/,sale,Córdoba,Córdoba,37.8965965,-4.7963212,True,es,Córdoba,Noreña - Figueroa,Tablero,,335000.0,flat,flat,112.0,,,3,2,,False,,False,,,,,good,True,,,,,,,,,,,,,True,,2,
109583338,https://www.idealista.com/inmueble/109583338/,sale,Córdoba,Córdoba,37.8801038,-4.7824471,True,es,Córdoba,Centro - Casco Histórico,Centro,,137000.0,penthouse,penthouse,80.0,,,2,1,,False,,False,,,,,good,False,,,,,,,,,,,,,False,,,
112687323,https://www.idealista.com/inmueble/112687323/,sale,Córdoba,Córdoba,37.907461,-4.7773118,True,es,Córdoba,Brillante - Trassierra - Naranjo,Naranjo - Mirabueno,,94900.0,flat,flat,74.0,,,3,1,,False,,False,,,,,renew,False,,,,,,,,,,,,,False,,3,
112501322,https://www.idealista.com/inmueble/112501322/,sale,Córdoba,Córdoba,37.8901561,-4.7868713,True,es,Córdoba,Santa Rosa - Valdeolleros,Huerta de la Reina,,159000.0,flat,flat,60.0,,,3,1,,False,,False,,,,,good,False,,,,,,,,,,,,,False,,3,
112565309,https://www.idealista.com/inmueble/112565309/,sale,Córdoba,Córdoba,37.8850632,-4.7591491,True,es,Córdoba,Fuensanta - Zona Arcángel,Fuensanta - Arcángel - Santuario,,178500.0,flat,flat,89.0,,,3,2,,False,,False,,,,,good,True,,,,,,,,,,,,,False,,7,
111440284,https://www.idealista.com/inmueble/111440284/,sale,Córdoba,Córdoba,37.8860391,-4.7800286,True,es,Córdoba,Centro - Casco Histórico,Centro,,415000.0,flat,flat,157.0,,,4,2,,False,,False,,,,,good,True,,,,,,,,,,,,,True,,2,
110629290,https://www.idealista.com/inmueble/110629290/,sale,Córdoba,Córdoba,37.8811663,-4.7884082,True,es,Córdoba,Ciudad Jardín,Ciudad Jardín,,133000.0,flat,flat,74.0,,,2,1,,False,,False,,,,,good,False,,,,,,,,,,,,,False,,4,
111546264,https://www.idealista.com/inmueble/111546264/,sale,Córdoba,Córdoba,37.8901445,-4.7750483,True,es,Córdoba,Centro - Casco Histórico,Casco Histórico - Ollerías - Marrubial,,210000.0,flat,flat,57.0,,,2,1,,False,,False,,,,,good,False,,,,,,,,,,,,,True,,1,
112358233,https://www.idealista.com/inmueble/112358233/,sale,Córdoba,Córdoba,37.8988432,-4.7627381,True,es,Córdoba,Levante - Lepanto - Fátima,Fátima - Campiñuela,,120000.0,flat,flat,38.0,,,1,1,,False,,False,,,,,good,False,,,,,,,,,,,,,False,,,
111908215,https://www.idealista.com/inmueble/111908215/,sale,Córdoba,Córdoba,37.9088626,-4.7756466,True,es,Córdoba,Brillante - Trassierra - Naranjo,Naranjo - Mirabueno,,223000.0,flat,flat,145.0,,,3,1,,False,,False,,,,,good,True,,,,,,,,,,,,,True,,2,
112367206,https://www.idealista.com/inmueble/112367206/,sale,Córdoba,Córdoba,37.8637598,-4.7785005,True,es,Córdoba,Sector sur - Santa Cruz,Sector sur - Santa Cruz,,119900.0,chalet,semidetachedHouse,82.0,,,3,1,,False,,False,,,,,good,,,,,,,,,,,,,,False,,,
112279198,https://www.idealista.com/inmueble/112279198/,sale,Córdoba,Córdoba,37.8902906,-4.7860275,True,es,Córdoba,Santa Rosa - Valdeolleros,Huerta de la Reina,,330000.0,flat,flat,147.0,,,4,2,,False,,False,,,,,good,False,,,,,,,,,,,,,True,,,
112571178,https://www.idealista.com/inmueble/112571178/,sale,Córdoba,Córdoba,37.8924758,-4.7551144,True,es,Córdoba,Fuensanta - Zona Arcángel,Cañero - Fidiana,,249000.0,penthouse,penthouse,76.0,,,2,1,,False,,False,,,,,good,True,,,,,,,,,,,,,True,,3,
112165175,https://www.idealista.com/inmueble/112165175/,sale,Córdoba,Córdoba,37.8964174,-4.8124896,True,es,Córdoba,Noreña - Figueroa,Tablero,,340000.0,chalet,terracedHouse,189.0,,,4,3,,False,,False,,,,,good,,,,,,,,,,,,,,True,,,
110936179,https://www.idealista.com/inmueble/110936179/,sale,Córdoba,Córdoba,37.8825462,-4.7902701,True,es,Córdoba,Ciudad Jardín,Ciudad Jardín,,255000.0,flat,flat,137.0,,,3,2,,False,,False,,,,,good,True,,,,,,,,,,,,,False,,3,
111691165,https://www.idealista.com/inmueble/111691165/,sale,Córdoba,Córdoba,37.8849888,-4.7690514,True,es,Córdoba,Centro - Casco Histórico,Casco Histórico - Corredera - Ribera,,238000.0,duplex,duplex,64.0,,,3,2,,True,,False,,,,,good,False,,,,,,,,,,,,,True,,1,
111501159,https://www.idealista.com/inmueble/111501159/,sale,Córdoba,Córdoba,37.9114423,-4.7783749,True,es,Córdoba,Brillante - Trassierra - Naranjo,Naranjo - Mirabueno,,249500.0,chalet,independantHouse,279.0,,,5,2,,False,,False,,,,,renew,,,,,,,,,,,,,,False,,,
111360161,https://www.idealista.com/inmueble/111360161/,sale,Córdoba,Córdoba,37.890944,-4.7635178,True,es,Córdoba,Levante - Lepanto - Fátima,La Viñuela,,208000.0,flat,flat,92.0,,,3,2,,False,,False,,,,,good,True,,,,,,,,,,,,,False,,2,
112590145,https://www.idealista.com/inmueble/112590145/,sale,Córdoba,Córdoba,37.8838018,-4.7801901,True,es,Córdoba,Centro - Casco Histórico,Centro,,159000.0,flat,flat,50.0,,,1,1,,False,,False,,,,,good,False,,,,,,,,,,,,,False,,,
112083133,https://www.idealista.com/inmueble/112083133/,sale,Córdoba,Córdoba,37.8909703,-4.7876834,True,es,Córdoba,Santa Rosa - Valdeolleros,Huerta de la Reina,,116900.0,flat,flat,76.0,,,3,1,,False,,False,,,,,renew,False,,,,,,,,,,,,,False,,3,
112323108,https://www.idealista.com/inmueble/112323108/,sale,Córdoba,Córdoba,37.8960545,-4.7593874,True,es,Córdoba,Levante - Lepanto - Fátima,Levante,,155000.0,flat,flat,87.0,,,3,1,,False,,False,,,,,good,False,,,,,,,,,,,,,False,,,
111767104,https://www.idealista.com/inmueble/111767104/,sale,Córdoba,Córdoba,37.8841699,-4.7686697,True,es,Córdoba,Centro - Casco Histórico,Casco Histórico - Corredera - Ribera,,230000.0,chalet,independantHouse,128.0,,,5,2,,False,,False,,,,,good,,,,,,,,,,,,,,False,,,
112680092,https://www.idealista.com/inmueble/112680092/,sale,Córdoba,Córdoba,37.8922896,-4.7638617,True,es,Córdoba,Levante - Lepanto - Fátima,La Viñuela,,148000.0,flat,flat,79.0,,,3,1,,False,,False,,,,,renew,True,,,,,,,,,,,,,False,,3,
112270097,https://www.idealista.com/inmueble/112270097/,sale,Córdoba,Córdoba,37.8675685,-4.7812332,True,es,Córdoba,Sector sur - Santa Cruz,Sector sur - Santa Cruz,,149900.0,flat,flat,91.0,,,3,1,,False,,False,,,,,good,True,,,,,,,,,,,,,False,,5,
111039096,https://www.idealista.com/inmueble/111039096/,sale,Córdoba,Córdoba,37.8790566,-4.758009,True,es,Córdoba,Fuensanta - Zona Arcángel,Fuensanta - Arcángel - Santuario,,229000.0,flat,flat,90.0,,,3,2,,False,,False,,,,,good,True,,,,,,,,,,,,,True,,2,
112302055,https://www.idealista.com/inmueble/112302055/,sale,Córdoba,Córdoba,37.891972,-4.7702624,True,es,Córdoba,Centro - Casco Histórico,Casco Histórico - Ollerías - Marrubial,,289900.0,chalet,terracedHouse,106.0,,,3,4,,False,,False,,,,,good,,,,,,,,,,,,,,False,,,
110734023,https://www.idealista.com/inmueble/110734023/,sale,Córdoba,Córdoba,37.8664786,-4.7698112,True,es,Córdoba,Campo de la Verdad,Campo de la Verdad,,179900.0,chalet,independantHouse,162.0,,,6,3,,False,,False,,,,,good,,,,,,,,,,,,,,False,,,
111069014,https://www.idealista.com/inmueble/111069014/,sale,Córdoba,Córdoba,37.8837358,-4.7826167,True,es,Córdoba,Centro - Casco Histórico,Centro,,149000.0,studio,studio,40.0,,,0,1,,False,,True,,,,,good,False,,,,,,,,,,,,,False,,,
112201997,https://www.idealista.com/inmueble/112201997/,sale,Córdoba,Córdoba,37.8788374,-4.7741191,True,es,Córdoba,Centro - Casco Histórico,Casco Histórico - Corredera - Ribera,,220000.0,flat,flat,123.0,,,4,2,,False,,False,,,,,good,False,,,,,,,,,,,,,False,,1,
111336993,https://www.idealista.com/inmueble/111336993/,sale,Córdoba,Córdoba,37.8664856,-4.7767538,True,es,Córdoba,Sector sur - Santa Cruz,Sector sur - Santa Cruz,,79000.0,flat,flat,57.0,,,3,1,,False,,False,,,,,good,False,,,,,,,,,,,,,False,,1,
111368950,https://www.idealista.com/inmueble/111368950/,sale,Córdoba,Córdoba,37.8842539,-4.7923018,True,es,Córdoba,Ciudad Jardín,Ciudad Jardín,,179000.0,flat,flat,73.0,,,3,1,,False,,False,,,,,good,True,,,,,,,,,,,,,False,,1,
110677940,https://www.idealista.com/inmueble/110677940/,sale,Córdoba,Córdoba,37.8823815,-4.7860382,True,es,Córdoba,Ciudad Jardín,Ciudad Jardín,,119900.0,flat,flat,61.0,,,1,1,,False,,False,,,,,good,False,,,,,,,,,,,,,True,,1,
112588926,https://www.idealista.com/inmueble/112588926/,sale,Córdoba,Córdoba,37.870294,-4.7757873,True,es,Córdoba,Sector sur - Santa Cruz,Sector sur - Santa Cruz,,100000.0,flat,flat,60.0,,,2,1,,False,,False,,,,,good,True,,,,,,,,,,,,,False,,3,
111880904,https://www.idealista.com/inmueble/111880904/,sale,Córdoba,Córdoba,37.8917089,-4.7633724,True,es,Córdoba,Levante - Lepanto - Fátima,La Viñuela,,136000.0,flat,flat,73.0,,,3,1,,False,,False,,,,,good,True,,,,,,,,,,,,,False,,bj,
110605892,https://www.idealista.com/inmueble/110605892/,sale,Córdoba,Córdoba,37.8918256,-4.7763378,True,es,Córdoba,Centro - Casco Histórico,Casco Histórico - Ollerías - Marrubial,,339000.0,chalet,independantHouse,235.0,,,7,3,,False,,False,,,,,good,,,,,,,,,,,,,,False,,,
110976870,https://www.idealista.com/inmueble/110976870/,sale,Córdoba,Córdoba,37.881039,-4.7656532,True,es,Córdoba,Fuensanta - Zona Arcángel,Fuensanta - Arcángel - Santuario,,179900.0,flat,flat,85.0,,,3,1,,False,,False,,,,,good,False,,,,,,,,,,,,,False,,3,
111888865,https://www.idealista.com/inmueble/111888865/,sale,Córdoba,Córdoba,37.8861156,-4.772229,True,es,Córdoba,Centro - Casco Histórico,Casco Histórico - Corredera - Ribera,,199990.0,flat,flat,113.0,,,4,2,,False,,False,,,,,good,False,,,,,,,,,,,,,False,,,
112559856,https://www.idealista.com/inmueble/112559856/,sale,Córdoba,Córdoba,37.8918343,-4.7703852,True,es,Córdoba,Centro - Casco Histórico,Casco Histórico - Ollerías - Marrubial,,108000.0,flat,flat,44.0,,,1,1,,False,,False,,,,,good,False,,,,,,,,,,,,,False,,bj,
111507858,https://www.idealista.com/inmueble/111507858/,sale,Córdoba,Córdoba,37.8934123,-4.7981702,True,es,Córdoba,Noreña - Figueroa,Tablero,,255000.0,flat,flat,99.0,,,3,2,,False,,False,,,,,good,True,,,,,,,,,,,,,True,,4,
111944759,https://www.idealista.com/inmueble/111944759/,sale,Córdoba,Córdoba,37.9031774,-4.7900091,True,es,Córdoba,Brillante - Trassierra - Naranjo,Brillante,,489000.0,flat,flat,180.0,,,5,4,,False,,False,,,,,good,False,,,,,,,,,,,,,True,,1,
111539763,https://www.idealista.com/inmueble/111539763/,sale,Córdoba,Córdoba,37.8901547,-4.7757373,True,es,Córdoba,Centro - Casco Histórico,Casco Histórico - Ollerías - Marrubial,,210000.0,flat,flat,57.0,,,2,1,,False,,False,,,,,good,False,,,,,,,,,,,,,True,,1,
100437737,https://www.idealista.com/inmueble/100437737/,sale,Córdoba,Córdoba,37.8808103,-4.7782739,False,es,Córdoba,Centro - Casco Histórico,Judería - San Basilio,,410000.0,chalet,terracedHouse,280.0,,,5,3,,False,,False,,,,,renew,,,,,,,,,,,,,,True,,,
112306702,https://www.idealista.com/inmueble/112306702/,sale,Córdoba,Córdoba,37.8964109,-4.7673612,True,es,Córdoba,Santa Rosa - Valdeolleros,Valdeolleros - Zumbacón - Camping,,93000.0,chalet,terracedHouse,70.0,,,2,2,,False,,False,,,,,good,,,,,,,,,,,,,,False,,,
112483693,https://www.idealista.com/inmueble/112483693/,sale,Córdoba,Córdoba,37.881522,-4.8085936,True,es,Córdoba,Noreña - Figueroa,Miralbaida - Parque Azahara,,350000.0,chalet,semidetachedHouse,231.0,,,4,2,,False,,False,,,,,good,,,,,,,,,,,,,,True,,,
109840695,https://www.idealista.com/inmueble/109840695/,sale,Córdoba,Córdoba,37.8939519,-4.7591708,True,es,Córdoba,Levante - Lepanto - Fátima,La Viñuela,,327000.0,flat,flat,93.0,,,3,2,,False,,False,,,,,good,True,,,,,,,,,,,,,True,,1,
112554685,https://www.idealista.com/inmueble/112554685/,sale,Córdoba,Córdoba,37.8900024,-4.7728302,True,es,Córdoba,Centro - Casco Histórico,Casco Histórico - Ollerías - Marrubial,,128000.0,flat,flat,60.0,,,2,1,,False,,False,,,,,good,False,,,,,,,,,,,,,False,,1,
111001652,https://www.idealista.com/inmueble/111001652/,sale,Córdoba,Córdoba,37.8858349,-4.7814439,True,es,Córdoba,Centro - Casco Histórico,Centro,,625000.0,flat,flat,416.0,,,8,5,,False,,False,,,,,renew,True,,,,,,,,,,,,,True,,,
104811647,https://www.idealista.com/inmueble/104811647/,sale,Córdoba,Córdoba,37.8612858,-4.7854,True,es,Córdoba,Sector sur - Santa Cruz,Sector sur - Santa Cruz,,133000.0,flat,flat,84.0,,,2,2,,False,,False,,,,,good,False,,,,,,,,,,,,,False,,,
111527602,https://www.idealista.com/inmueble/111527602/,sale,Córdoba,Córdoba,37.8744533,-4.7934116,True,es,Córdoba,Zoco - Poniente - Vistalegre,Vistalegre - Parque Cruz - Universidades,,360000.0,flat,flat,184.0,,,5,2,,False,,False,,,,,good,True,,,,,,,,,,,,,True,,1,
112634595,https://www.idealista.com/inmueble/112634595/,sale,Córdoba,Córdoba,37.893723,-4.7972618,True,es,Córdoba,Noreña - Figueroa,Tablero,,200000.0,flat,flat,76.0,,,2,1,,False,,False,,,,,good,True,,,,,,,,,,,,,True,,2,
112008593,https://www.idealista.com/inmueble/112008593/,sale,Córdoba,Córdoba,37.8680457,-4.7705894,True,es,Córdoba,Campo de la Verdad,Campo de la Verdad,,104600.0,chalet,independantHouse,97.0,,,2,1,,False,,False,,,,,good,,,,,,,,,,,,,,False,,,
94292580,https://www.idealista.com/inmueble/94292580/,sale,Córdoba,Córdoba,37.9121017,-4.7896257,True,es,Córdoba,Brillante - Trassierra - Naranjo,Brillante,,984000.0,countryHouse,countryHouse,450.0,,,5,6,,False,,False,,,,,good,,,,,,,,,,,,,,False,,,
111733569,https://www.idealista.com/inmueble/111733569/,sale,Córdoba,Córdoba,37.8826459,-4.7661676,True,es,Córdoba,Centro - Casco Histórico,Casco Histórico - Corredera - Ribera,,129900.0,flat,flat,85.0,,,3,1,,False,,False,,,,,good,False,,,,,,,,,,,,,False,,4,
111309544,https://www.idealista.com/inmueble/111309544/,sale,Córdoba,Córdoba,37.8611525,-4.7769136,True,es,Córdoba,Sector sur - Santa Cruz,Sector sur - Santa Cruz,,66300.0,flat,flat,59.0,,,2,1,,False,,False,,,,,good,True,,,,,,,,,,,,,False,,2,
112297506,https://www.idealista.com/inmueble/112297506/,sale,Córdoba,Córdoba,37.8570976,-4.7807004,True,es,Córdoba,Sector sur - Santa Cruz,Sector sur - Santa Cruz,,76500.0,flat,flat,75.0,,,3,1,,False,,False,,,,,good,False,,,,,,,,,,,,,False,,1,
111523491,https://www.idealista.com/inmueble/111523491/,sale,Córdoba,Córdoba,37.8762548,-4.7844057,True,es,Córdoba,Centro - Casco Histórico,Judería - San Basilio,,139000.0,flat,flat,55.0,,,2,1,,False,,False,,,,,good,False,,,,,,,,,,,,,False,,1,
111419449,https://www.idealista.com/inmueble/111419449/,sale,Córdoba,Córdoba,37.8768782,-4.7754439,True,es,Córdoba,Campo de la Verdad,Campo de la Verdad,,269000.0,chalet,independantHouse,120.0,,,3,2,,False,,False,,,,,good,,,,,,,,,,,,,,True,,,
112449442,https://www.idealista.com/inmueble/112449442/,sale,Córdoba,Córdoba,37.8983934,-4.7555192,True,es,Córdoba,Levante - Lepanto - Fátima,Fátima - Campiñuela,,108400.0,flat,flat,47.0,,,1,1,,False,,False,,,,,good,True,,,,,,,,,,,,,False,,bj,
111534433,https://www.idealista.com/inmueble/111534433/,sale,Córdoba,Córdoba,37.8770618,-4.7736397,True,es,Córdoba,Campo de la Verdad,Campo de la Verdad,,269000.0,chalet,independantHouse,120.0,,,3,2,,False,,False,,,,,good,,,,,,,,,,,,,,True,,,
111837389,https://www.idealista.com/inmueble/111837389/,sale,Córdoba,Córdoba,37.8993166,-4.7738185,True,es,Córdoba,Santa Rosa - Valdeolleros,Valdeolleros - Zumbacón - Camping,,139000.0,studio,studio,48.0,,,0,1,,False,,True,,,,,good,False,,,,,,,,,,,,,False,,,
112388385,https://www.idealista.com/inmueble/112388385/,sale,Córdoba,Córdoba,37.8737613,-4.7777333,True,es,Córdoba,Sector sur - Santa Cruz,Sector sur - Santa Cruz,,105000.0,flat,flat,61.0,,,3,1,,False,,False,,,,,good,False,,,,,,,,,,,,,False,,4,
111384387,https://www.idealista.com/inmueble/111384387/,sale,Córdoba,Córdoba,37.8959712,-4.7699684,True,es,Córdoba,Santa Rosa - Valdeolleros,Valdeolleros - Zumbacón - Camping,,179900.0,flat,flat,108.0,,,3,2,,False,,False,,,,,good,True,,,,,,,,,,,,,True,,,
110978344,https://www.idealista.com/inmueble/110978344/,sale,Córdoba,Córdoba,37.8803266,-4.7908024,True,es,Córdoba,Ciudad Jardín,Ciudad Jardín,,198000.0,flat,flat,95.0,,,2,2,,False,,False,,,,,good,True,,,,,,,,,,,,,True,,4,
111534340,https://www.idealista.com/inmueble/111534340/,sale,Córdoba,Córdoba,37.8852202,-4.7936455,True,es,Córdoba,Ciudad Jardín,Ciudad Jardín,,179000.0,flat,flat,73.0,,,3,1,,False,,False,,,,,good,True,,,,,,,,,,,,,False,,1,
111786339,https://www.idealista.com/inmueble/111786339/,sale,Córdoba,Córdoba,37.8910618,-4.7585901,True,es,Córdoba,Levante - Lepanto - Fátima,La Viñuela,,204900.0,flat,flat,67.0,,,3,2,,False,,False,,,,,good,True,,,,,,,,,,,,,False,,2,
112298330,https://www.idealista.com/inmueble/112298330/,sale,Córdoba,Córdoba,37.8830671,-4.7889381,True,es,Córdoba,Ciudad Jardín,Ciudad Jardín,,170000.0,flat,flat,90.0,,,3,1,,False,,False,,,,,good,True,,,,,,,,,,,,,False,,5,
111959297,https://www.idealista.com/inmueble/111959297/,sale,Córdoba,Córdoba,37.8910188,-4.764249,True,es,Córdoba,Levante - Lepanto - Fátima,La Viñuela,,115000.0,flat,flat,73.0,,,3,1,,False,,False,,,,,renew,False,,,,,,,,,,,,,False,,2,
94281287,https://www.idealista.com/inmueble/94281287/,sale,Córdoba,Córdoba,37.9135239,-4.8070518,True,es,Córdoba,Brillante - Trassierra - Naranjo,Brillante,,1050000.0,chalet,independantHouse,861.0,,,10,7,,False,,False,,,,,good,,,,,,,,,,,,,,True,,,
111478264,https://www.idealista.com/inmueble/111478264/,sale,Córdoba,Córdoba,37.9094591,-4.7821665,True,es,Córdoba,Brillante - Trassierra - Naranjo,Brillante,,500000.0,chalet,independantHouse,380.0,,,4,2,,False,,False,,,,,good,,,,,,,,,,,,,,True,,,
112296200,https://www.idealista.com/inmueble/112296200/,sale,Córdoba,Córdoba,37.8820273,-4.7766158,True,es,Córdoba,Centro - Casco Histórico,Casco Histórico - Corredera - Ribera,,220000.0,flat,flat,123.0,,,4,2,,False,,False,,,,,good,False,,,,,,,,,,,,,False,,1,
111938149,https://www.idealista.com/inmueble/111938149/,sale,Córdoba,Córdoba,37.904115,-4.7897492,True,es,Córdoba,Brillante - Trassierra - Naranjo,Brillante,,489000.0,flat,flat,180.0,,,5,4,,False,,False,,,,,good,False,,,,,,,,,,,,,True,,1,
112639147,https://www.idealista.com/inmueble/112639147/,sale,Córdoba,Córdoba,37.8682774,-4.7820654,True,es,Córdoba,Sector sur - Santa Cruz,Sector sur - Santa Cruz,,57500.0,flat,flat,54.0,,,2,1,,False,,False,,,,,good,True,,,,,,,,,,,,,False,,bj,
109325120,https://www.idealista.com/inmueble/109325120/,sale,Córdoba,Córdoba,37.883677,-4.779098,True,es,Córdoba,Centro - Casco Histórico,Centro,,475000.0,flat,flat,157.0,,,4,2,,False,,False,,,,,good,True,,,,,,,,,,,,,True,,2,
111877077,https://www.idealista.com/inmueble/111877077/,sale,Córdoba,Córdoba,37.8921475,-4.7640686,True,es,Córdoba,Levante - Lepanto - Fátima,La Viñuela,,154000.0,penthouse,penthouse,69.0,,,3,1,,False,,False,,,,,good,False,,,,,,,,,,,,,False,,4,
112008082,https://www.idealista.com/inmueble/112008082/,sale,Córdoba,Córdoba,37.910424,-4.7765814,True,es,Córdoba,Brillante - Trassierra - Naranjo,Naranjo - Mirabueno,,249500.0,chalet,independantHouse,279.0,,,5,2,,False,,False,,,,,renew,,,,,,,,,,,,,,True,,,
101639060,https://www.idealista.com/inmueble/101639060/,sale,Córdoba,Córdoba,37.8899676,-4.7827601,True,es,Córdoba,Centro - Casco Histórico,El Vial - Ronda de Tejares,,800000.0,chalet,independantHouse,750.0,,,8,4,,False,,False,,,,,good,,,,,,,,,,,,,,True,,,
110163042,https://www.idealista.com/inmueble/110163042/,sale,Córdoba,Córdoba,37.8847199,-4.779927,True,es,Córdoba,Centro - Casco Histórico,Centro,,385000.0,flat,flat,189.0,,,6,3,,False,,False,,,,,good,True,,,,,,,,,,,,,True,,2,
99238043,https://www.idealista.com/inmueble/99238043/,sale,Córdoba,Córdoba,37.8799322,-4.7753884,True,es,Córdoba,Centro - Casco Histórico,Judería - San Basilio,,345000.0,chalet,chalet,120.0,,,4,2,,False,,False,,,,,good,,,,,,,,,,,,,,False,,,
111239032,https://www.idealista.com/inmueble/111239032/,sale,Córdoba,Córdoba,37.8834289,-4.7825185,True,es,Córdoba,Centro - Casco Histórico,Centro,,385000.0,flat,flat,189.0,,,6,3,,False,,False,,,,,good,True,,,,,,,,,,,,,True,,2,
110041981,https://www.idealista.com/inmueble/110041981/,sale,Córdoba,Córdoba,37.893654,-4.7853695,True,es,Córdoba,Santa Rosa - Valdeolleros,Huerta de la Reina,,130000.0,flat,flat,85.0,,,3,1,,False,,False,,,,,good,True,,,,,,,,,,,,,False,,1,
111727988,https://www.idealista.com/inmueble/111727988/,sale,Córdoba,Córdoba,37.8866311,-4.7718453,True,es,Córdoba,Centro - Casco Histórico,Casco Histórico - Ollerías - Marrubial,,179000.0,flat,flat,94.0,,,3,2,,False,,False,,,,,good,False,,,,,,,,,,,,,False,,2,
109456973,https://www.idealista.com/inmueble/109456973/,sale,Córdoba,Córdoba,37.8868267,-4.7568277,True,es,Córdoba,Fuensanta - Zona Arcángel,Cañero - Fidiana,,230000.0,chalet,terracedHouse,200.0,,,3,2,,False,,False,,,,,good,,,,,,,,,,,,,,False,,,
101821965,https://www.idealista.com/inmueble/101821965/,sale,Córdoba,Córdoba,37.9273984,-4.7647008,True,es,Córdoba,Brillante - Trassierra - Naranjo,Paraíso Arenal - La Colina,,400000.0,countryHouse,countryHouse,583.0,,,8,6,,False,,False,,,,,good,,,,,,,,,,,,,,False,,,
111362949,https://www.idealista.com/inmueble/111362949/,sale,Córdoba,Córdoba,37.882482,-4.793657,True,es,Córdoba,Ciudad Jardín,Ciudad Jardín,,179000.0,flat,flat,73.0,,,3,1,,False,,False,,,,,good,True,,,,,,,,,,,,,False,,1,
111009952,https://www.idealista.com/inmueble/111009952/,sale,Córdoba,Córdoba,37.8924101,-4.7757481,True,es,Córdoba,Centro - Casco Histórico,Casco Histórico - Ollerías - Marrubial,,339000.0,chalet,independantHouse,235.0,,,7,3,,False,,False,,,,,good,,,,,,,,,,,,,,False,,,
111539928,https://www.idealista.com/inmueble/111539928/,sale,Córdoba,Córdoba,37.8900935,-4.7737637,True,es,Córdoba,Centro - Casco Histórico,Casco Histórico - Ollerías - Marrubial,,210000.0,flat,flat,57.0,,,2,1,,False,,False,,,,,good,False,,,,,,,,,,,,,True,,1,
112316914,https://www.idealista.com/inmueble/112316914/,sale,Córdoba,Córdoba,37.880736,-4.7740069,True,es,Córdoba,Centro - Casco Histórico,Casco Histórico - Corredera - Ribera,,117900.0,flat,flat,43.0,,,1,1,,False,,False,,,,,good,False,,,,,,,,,,,,,False,,bj,
112581903,https://www.idealista.com/inmueble/112581903/,sale,Córdoba,Córdoba,37.8916503,-4.7589056,True,es,Córdoba,Levante - Lepanto - Fátima,La Viñuela,,168000.0,penthouse,penthouse,70.0,,,2,1,,False,,False,,,,,good,True,,,,,,,,,,,,,False,,4,
112121896,https://www.idealista.com/inmueble/112121896/,sale,Córdoba,Córdoba,37.9102702,-4.7813187,True,es,Córdoba,Brillante - Trassierra - Naranjo,Naranjo - Mirabueno,,139000.0,flat,flat,73.0,,,2,1,,False,,False,,,,,renew,False,,,,,,,,,,,,,False,,2,
112634887,https://www.idealista.com/inmueble/112634887/,sale,Córdoba,Córdoba,37.8871098,-4.7898882,True,es,Córdoba,Centro - Casco Histórico,Cercadilla - Medina Azahara,,390000.0,flat,flat,142.0,,,4,2,,False,,False,,,,,good,True,,,,,,,,,,,,,True,,3,
112023772,https://www.idealista.com/inmueble/112023772/,sale,Córdoba,Córdoba,37.8621616,-4.7726499,True,es,Córdoba,Campo de la Verdad,Campo de la Verdad,,93000.0,chalet,chalet,110.0,,,3,1,,False,,False,,,,,good,,,,,,,,,,,,,,False,,,
112263770,https://www.idealista.com/inmueble/112263770/,sale,Córdoba,Córdoba,37.8738148,-4.799733,True,es,Córdoba,Zoco - Poniente - Vistalegre,Zoco - Poniente,,375000.0,flat,flat,120.0,,,3,2,,False,,False,,,,,good,True,,,,,,,,,,,,,True,,bj,
111687767,https://www.idealista.com/inmueble/111687767/,sale,Córdoba,Córdoba,37.8966658,-4.7703691,True,es,Córdoba,Santa Rosa - Valdeolleros,Valdeolleros - Zumbacón - Camping,,424800.0,penthouse,penthouse,126.0,,,4,2,,False,,False,,,,,good,True,,,,,,,,,,,,,True,,3,
111330748,https://www.idealista.com/inmueble/111330748/,sale,Córdoba,Córdoba,37.8901661,-4.774627,True,es,Córdoba,Centro - Casco Histórico,Casco Histórico - Ollerías - Marrubial,,280000.0,chalet,terracedHouse,124.0,,,3,3,,False,,False,,,,,good,,,,,,,,,,,,,,False,,,
111757718,https://www.idealista.com/inmueble/111757718/,sale,Córdoba,Córdoba,37.8889843,-4.7731646,True,es,Córdoba,Centro - Casco Histórico,Casco Histórico - Ollerías - Marrubial,,210000.0,flat,flat,57.0,,,2,1,,False,,False,,,,,good,False,,,,,,,,,,,,,True,,1,
104762720,https://www.idealista.com/inmueble/104762720/,sale,Córdoba,Córdoba,37.8957434,-4.7830238,True,es,Córdoba,Santa Rosa - Valdeolleros,Huerta de la Reina,,507500.0,chalet,independantHouse,130.0,,,4,4,,False,,False,,,,,good,,,,,,,,,,,,,,False,,,
110266697,https://www.idealista.com/inmueble/110266697/,sale,Córdoba,Córdoba,37.9121374,-4.7916948,True,es,Córdoba,Brillante - Trassierra - Naranjo,Brillante,,450000.0,chalet,terracedHouse,280.0,,,5,4,,False,,False,,,,,good,,,,,,,,,,,,,,True,,,
112630659,https://www.idealista.com/inmueble/112630659/,sale,Córdoba,Córdoba,37.8799237,-4.8163613,True,es,Córdoba,Noreña - Figueroa,Miralbaida - Parque Azahara,,84990.0,flat,flat,66.0,,,2,1,,False,,False,,,,,good,True,,,,,,,,,,,,,False,,1,
111866623,https://www.idealista.com/inmueble/111866623/,sale,Córdoba,Córdoba,37.893755,-4.7656954,True,es,Córdoba,Levante - Lepanto - Fátima,Levante,,194900.0,flat,flat,115.0,,,3,2,,False,,False,,,,,good,True,,,,,,,,,,,,,True,,,
112103619,https://www.idealista.com/inmueble/112103619/,sale,Córdoba,Córdoba,37.9082925,-4.7786386,True,es,Córdoba,Brillante - Trassierra - Naranjo,Naranjo - Mirabueno,,149995.0,flat,flat,80.0,,,2,1,,False,,False,,,,,good,True,,,,,,,,,,,,,False,,,
112169584,https://www.idealista.com/inmueble/112169584/,sale,Córdoba,Córdoba,37.8865223,-4.7807922,True,es,Córdoba,Centro - Casco Histórico,Centro,,695000.0,flat,flat,300.0,,,4,3,,False,,False,,,,,good,True,,,,,,,,,,,,,True,,2,
110480583,https://www.idealista.com/inmueble/110480583/,sale,Córdoba,Córdoba,37.889448,-4.7740658,True,es,Córdoba,Centro - Casco Histórico,Casco Histórico - Ollerías - Marrubial,,339000.0,chalet,independantHouse,235.0,,,7,3,,False,,False,,,,,good,,,,,,,,,,,,,,False,,,
111877555,https://www.idealista.com/inmueble/111877555/,sale,Córdoba,Córdoba,37.8900929,-4.7746561,True,es,Córdoba,Centro - Casco Histórico,Casco Histórico - Ollerías - Marrubial,,174900.0,flat,flat,90.0,,,3,2,,False,,False,,,,,renew,False,,,,,,,,,,,,,True,,1,
112461544,https://www.idealista.com/inmueble/112461544/,sale,Córdoba,Córdoba,37.8826268,-4.7968563,True,es,Córdoba,Zoco - Poniente - Vistalegre,Huerta de la Marquesa,,155000.0,flat,flat,71.0,,,3,1,,False,,False,,,,,good,True,,,,,,,,,,,,,False,,,
111512539,https://www.idealista.com/inmueble/111512539/,sale,Córdoba,Córdoba,37.8917767,-4.7500934,True,es,Córdoba,Fuensanta - Zona Arcángel,Cañero - Fidiana,,410000.0,chalet,independantHouse,196.0,,,3,3,,False,,False,,,,,good,,,,,,,,,,,,,,True,,,
112566512,https://www.idealista.com/inmueble/112566512/,sale,Córdoba,Córdoba,37.8952099,-4.7651998,True,es,Córdoba,Levante - Lepanto - Fátima,Levante,,145000.0,flat,flat,76.0,,,3,1,,False,,False,,,,,good,True,,,,,,,,,,,,,False,,5,
111774512,https://www.idealista.com/inmueble/111774512/,sale,Córdoba,Córdoba,37.8738798,-4.7940217,True,es,Córdoba,Zoco - Poniente - Vistalegre,Vistalegre - Parque Cruz - Universidades,,360000.0,flat,flat,184.0,,,5,2,,False,,False,,,,,good,True,,,,,,,,,,,,,True,,1,
110523514,https://www.idealista.com/inmueble/110523514/,sale,Córdoba,Córdoba,37.8831187,-4.7717405,False,es,Córdoba,Centro - Casco Histórico,Casco Histórico - Corredera - Ribera,,165000.0,flat,flat,110.0,,,3,2,,False,,False,,,,,good,False,,,,,,,,,,,,,False,,1,
112305462,https://www.idealista.com/inmueble/112305462/,sale,Córdoba,Córdoba,37.880582,-4.773442,True,es,Córdoba,Centro - Casco Histórico,Casco Histórico - Corredera - Ribera,,220000.0,flat,flat,123.0,,,4,2,,False,,False,,,,,good,False,,,,,,,,,,,,,False,,1,
111707446,https://www.idealista.com/inmueble/111707446/,sale,Córdoba,Córdoba,37.8741999,-4.7751606,True,es,Córdoba,Campo de la Verdad,Campo de la Verdad,,269000.0,chalet,independantHouse,120.0,,,3,2,,False,,False,,,,,good,,,,,,,,,,,,,,True,,,
112583424,https://www.idealista.com/inmueble/112583424/,sale,Córdoba,Córdoba,37.8633823,-4.7780168,True,es,Córdoba,Sector sur - Santa Cruz,Sector sur - Santa Cruz,,40000.0,flat,flat,54.0,,,3,1,,False,,False,,,,,renew,False,,,,,,,,,,,,,False,,3,
112583426,https://www.idealista.com/inmueble/112583426/,sale,Córdoba,Córdoba,37.8922863,-4.7734686,True,es,Córdoba,Centro - Casco Histórico,Casco Histórico - Ollerías - Marrubial,,159000.0,flat,flat,85.0,,,2,1,,False,,False,,,,,renew,False,,,,,,,,,,,,,False,,bj,
112583422,https://www.idealista.com/inmueble/112583422/,sale,Córdoba,Córdoba,37.892835,-4.7911805,True,es,Córdoba,Noreña - Figueroa,Carretera Trassierra - Colonia de la Paz,,105000.0,flat,flat,67.0,,,3,1,,False,,False,,,,,renew,False,,,,,,,,,,,,,False,,2,
112583421,https://www.idealista.com/inmueble/112583421/,sale,Córdoba,Córdoba,37.8638779,-4.7746944,True,es,Córdoba,Sector sur - Santa Cruz,Sector sur - Santa Cruz,,40000.0,studio,studio,57.0,,,0,0,,False,,True,,,,,renew,False,,,,,,,,,,,,,False,,2,
111139420,https://www.idealista.com/inmueble/111139420/,sale,Córdoba,Córdoba,37.8785462,-4.7913936,False,es,Córdoba,Ciudad Jardín,Ciudad Jardín,,147000.0,flat,flat,82.0,,,3,2,,False,,False,,,,,good,True,,,,,,,,,,,,,False,,5,
112622420,https://www.idealista.com/inmueble/112622420/,sale,Córdoba,Córdoba,37.8818141,-4.7553245,True,es,Córdoba,Fuensanta - Zona Arcángel,Fuensanta - Arcángel - Santuario,,225000.0,flat,flat,157.0,,,4,2,,False,,False,,,,,good,True,,,,,,,,,,,,,False,,bj,
111159408,https://www.idealista.com/inmueble/111159408/,sale,Córdoba,Córdoba,37.895808,-4.7567108,True,es,Córdoba,Levante - Lepanto - Fátima,El Cairo,,145000.0,flat,flat,78.0,,,3,1,,False,,False,,,,,good,True,,,,,,,,,,,,,False,,4,
112329393,https://www.idealista.com/inmueble/112329393/,sale,Córdoba,Córdoba,37.88811,-4.7746639,True,es,Córdoba,Centro - Casco Histórico,Casco Histórico - Ollerías - Marrubial,,210000.0,flat,flat,57.0,,,2,1,,False,,False,,,,,good,False,,,,,,,,,,,,,True,,1,
111705387,https://www.idealista.com/inmueble/111705387/,sale,Córdoba,Córdoba,37.874514,-4.7733837,True,es,Córdoba,Campo de la Verdad,Campo de la Verdad,,269000.0,chalet,independantHouse,120.0,,,3,2,,False,,False,,,,,good,,,,,,,,,,,,,,True,,,
112583364,https://www.idealista.com/inmueble/112583364/,sale,Córdoba,Córdoba,37.8660834,-4.7774254,True,es,Córdoba,Sector sur - Santa Cruz,Sector sur - Santa Cruz,,40000.0,studio,studio,48.0,,,0,0,,False,,True,,,,,renew,False,,,,,,,,,,,,,False,,bj,
110167363,https://www.idealista.com/inmueble/110167363/,sale,Córdoba,Córdoba,37.8827167,-4.7819308,True,es,Córdoba,Centro - Casco Histórico,Centro,,385000.0,flat,flat,189.0,,,6,3,,False,,False,,,,,good,True,,,,,,,,,,,,,True,,2,
99492363,https://www.idealista.com/inmueble/99492363/,sale,Córdoba,Córdoba,37.8773031,-4.7734451,True,es,Córdoba,Campo de la Verdad,Campo de la Verdad,,305000.0,chalet,independantHouse,113.0,,,3,3,,False,,False,,,,,good,,,,,,,,,,,,,,True,,,
112243330,https://www.idealista.com/inmueble/112243330/,sale,Córdoba,Córdoba,37.8875704,-4.7916409,True,es,Córdoba,Centro - Casco Histórico,Cercadilla - Medina Azahara,,124990.0,flat,flat,71.0,,,1,1,,False,,False,,,,,good,False,,,,,,,,,,,,,False,,bj,
112170269,https://www.idealista.com/inmueble/112170269/,sale,Córdoba,Córdoba,37.8822584,-4.7885436,True,es,Córdoba,Ciudad Jardín,Ciudad Jardín,,153500.0,flat,flat,70.0,,,3,1,,False,,False,,,,,good,False,,,,,,,,,,,,,False,,1,
111275273,https://www.idealista.com/inmueble/111275273/,sale,Córdoba,Córdoba,37.9135388,-4.8038881,True,es,Córdoba,Brillante - Trassierra - Naranjo,Brillante,,1000000.0,chalet,independantHouse,813.0,,,12,9,,False,,False,,,,,good,,,,,,,,,,,,,,True,,,
111878246,https://www.idealista.com/inmueble/111878246/,sale,Córdoba,Córdoba,37.8956273,-4.7932796,True,es,Córdoba,Noreña - Figueroa,Tablero,,355000.0,flat,flat,110.0,,,3,2,,False,,False,,,,,good,True,,,,,,,,,,,,,True,,1,
112457218,https://www.idealista.com/inmueble/112457218/,sale,Córdoba,Córdoba,37.8998642,-4.781365,True,es,Córdoba,Santa Rosa - Valdeolleros,Santa Rosa - San José,,135000.0,flat,flat,60.0,,,3,1,,False,,False,,,,,good,False,,,,,,,,,,,,,False,,1,
111972201,https://www.idealista.com/inmueble/111972201/,sale,Córdoba,Córdoba,37.8749696,-4.7770467,True,es,Córdoba,Campo de la Verdad,Campo de la Verdad,,159000.0,flat,flat,74.0,,,3,1,,False,,False,,,,,good,False,,,,,,,,,,,,,False,,2,
111305187,https://www.idealista.com/inmueble/111305187/,sale,Córdoba,Córdoba,37.8750293,-4.7859622,True,es,Córdoba,Centro - Casco Histórico,Judería - San Basilio,,196000.0,flat,flat,56.0,,,3,1,,False,,False,,,,,good,False,,,,,,,,,,,,,False,,1,
107868151,https://www.idealista.com/inmueble/107868151/,sale,Córdoba,Córdoba,37.8851693,-4.782084,True,es,Córdoba,Centro - Casco Histórico,Centro,,450000.0,flat,flat,167.0,,,3,2,,False,,False,,,,,good,True,,,,,,,,,,,,,True,,1,
108448140,https://www.idealista.com/inmueble/108448140/,sale,Córdoba,Córdoba,37.8840384,-4.7762296,True,es,Córdoba,Centro - Casco Histórico,Centro,,399000.0,flat,flat,192.0,,,6,3,,False,,False,,,,,good,True,,,,,,,,,,,,,True,,1,
112072104,https://www.idealista.com/inmueble/112072104/,sale,Córdoba,Córdoba,37.8839324,-4.8165846,True,es,Córdoba,Noreña - Figueroa,Miralbaida - Parque Azahara,,167600.0,flat,flat,90.0,,,3,2,,False,,False,,,,,good,True,,,,,,,,,,,,,True,,1,
112656077,https://www.idealista.com/inmueble/112656077/,sale,Córdoba,Córdoba,37.894641,-4.7657494,False,es,Córdoba,Levante - Lepanto - Fátima,Levante,,120000.0,flat,flat,90.0,,,2,1,,False,,False,,,,,good,False,,,,,,,,,,,,,False,,bj,
111374060,https://www.idealista.com/inmueble/111374060/,sale,Córdoba,Córdoba,37.8838887,-4.7809576,True,es,Córdoba,Centro - Casco Histórico,Centro,,375000.0,flat,flat,182.0,,,5,3,,False,,False,,,,,good,True,,,,,,,,,,,,,True,,2,
109927065,https://www.idealista.com/inmueble/109927065/,sale,Córdoba,Córdoba,37.8667122,-4.7809742,True,es,Córdoba,Sector sur - Santa Cruz,Sector sur - Santa Cruz,,249000.0,chalet,independantHouse,265.0,,,4,3,,False,,False,,,,,good,,,,,,,,,,,,,,True,,,
111657058,https://www.idealista.com/inmueble/111657058/,sale,Córdoba,Córdoba,37.8681447,-4.7726977,True,es,Córdoba,Campo de la Verdad,Campo de la Verdad,,135000.0,chalet,independantHouse,75.0,,,5,1,,False,,False,,,,,renew,,,,,,,,,,,,,,False,,,
106583040,https://www.idealista.com/inmueble/106583040/,sale,Córdoba,Córdoba,37.8919916,-4.7782568,True,es,Córdoba,Centro - Casco Histórico,Casco Histórico - Ollerías - Marrubial,,395000.0,flat,flat,160.0,,,4,2,,False,,False,,,,,good,True,,,,,,,,,,,,,False,,2,
111663029,https://www.idealista.com/inmueble/111663029/,sale,Córdoba,Córdoba,37.8932848,-4.7703196,True,es,Córdoba,Santa Rosa - Valdeolleros,Valdeolleros - Zumbacón - Camping,,424800.0,penthouse,penthouse,126.0,,,4,2,,False,,False,,,,,good,True,,,,,,,,,,,,,True,,3,
105900011,https://www.idealista.com/inmueble/105900011/,sale,Córdoba,Córdoba,37.8892465,-4.7727944,True,es,Córdoba,Centro - Casco Histórico,Casco Histórico - Ollerías - Marrubial,,117000.0,flat,flat,62.0,,,2,1,,False,,False,,,,,good,False,,,,,,,,,,,,,False,,1,
111405962,https://www.idealista.com/inmueble/111405962/,sale,Córdoba,Córdoba,37.8951254,-4.7724315,True,es,Córdoba,Santa Rosa - Valdeolleros,Valdeolleros - Zumbacón - Camping,,424800.0,penthouse,penthouse,126.0,,,4,2,,False,,False,,,,,good,True,,,,,,,,,,,,,True,,3,
111465948,https://www.idealista.com/inmueble/111465948/,sale,Córdoba,Córdoba,37.8945797,-4.7700385,True,es,Córdoba,Santa Rosa - Valdeolleros,Valdeolleros - Zumbacón - Camping,,424800.0,penthouse,penthouse,126.0,,,4,2,,False,,False,,,,,good,True,,,,,,,,,,,,,True,,3,
112066928,https://www.idealista.com/inmueble/112066928/,sale,Córdoba,Córdoba,37.894898,-4.7561196,True,es,Córdoba,Levante - Lepanto - Fátima,El Cairo,,155000.0,flat,flat,94.0,,,4,1,,False,,False,,,,,good,True,,,,,,,,,,,,,False,,2,
107974872,https://www.idealista.com/inmueble/107974872/,sale,Córdoba,Córdoba,37.8928138,-4.7838042,True,es,Córdoba,Centro - Casco Histórico,El Vial - Ronda de Tejares,,415000.0,flat,flat,147.0,,,3,2,,False,,False,,,,,good,True,,,,,,,,,,,,,True,,3,
111850846,https://www.idealista.com/inmueble/111850846/,sale,Córdoba,Córdoba,37.8939416,-4.7713341,True,es,Córdoba,Santa Rosa - Valdeolleros,Valdeolleros - Zumbacón - Camping,,424800.0,penthouse,penthouse,126.0,,,4,2,,False,,False,,,,,good,True,,,,,,,,,,,,,True,,3,
112550783,https://www.idealista.com/inmueble/112550783/,sale,Córdoba,Córdoba,37.8936902,-4.7857983,True,es,Córdoba,Santa Rosa - Valdeolleros,Huerta de la Reina,,160000.0,flat,flat,68.0,,,3,1,,False,,False,,,,,good,False,,,,,,,,,,,,,False,,bj,
112457786,https://www.idealista.com/inmueble/112457786/,sale,Córdoba,Córdoba,37.8832459,-4.7968201,True,es,Córdoba,Zoco - Poniente - Vistalegre,Huerta de la Marquesa,,155000.0,flat,flat,90.0,,,3,1,,False,,False,,,,,good,True,,,,,,,,,,,,,False,,bj,
111689779,https://www.idealista.com/inmueble/111689779/,sale,Córdoba,Córdoba,37.897364,-4.7570662,True,es,Córdoba,Levante - Lepanto - Fátima,Fátima - Campiñuela,,130000.0,flat,flat,70.0,,,3,1,,False,,False,,,,,good,False,,,,,,,,,,,,,False,,2,
111419759,https://www.idealista.com/inmueble/111419759/,sale,Córdoba,Córdoba,37.8818188,-4.7796845,True,es,Córdoba,Centro - Casco Histórico,Centro,,152000.0,flat,flat,45.0,,,1,1,,False,,False,,,,,good,False,,,,,,,,,,,,,False,,1,
110314712,https://www.idealista.com/inmueble/110314712/,sale,Córdoba,Córdoba,37.9263279,-4.7511005,True,es,Córdoba,Brillante - Trassierra - Naranjo,Paraíso Arenal - La Colina,,420000.0,chalet,independantHouse,280.0,,,6,3,,False,,False,,,,,good,,,,,,,,,,,,,,True,,,
112631677,https://www.idealista.com/inmueble/112631677/,sale,Córdoba,Córdoba,37.9022828,-4.7883909,True,es,Córdoba,Brillante - Trassierra - Naranjo,Brillante,,489000.0,flat,flat,180.0,,,5,4,,False,,False,,,,,good,False,,,,,,,,,,,,,True,,1,
111325680,https://www.idealista.com/inmueble/111325680/,sale,Córdoba,Córdoba,37.8704007,-4.7720937,True,es,Córdoba,Campo de la Verdad,Campo de la Verdad,,450000.0,chalet,independantHouse,379.0,,,7,3,,False,,False,,,,,renew,,,,,,,,,,,,,,True,,,
112019664,https://www.idealista.com/inmueble/112019664/,sale,Córdoba,Córdoba,37.8653041,-4.7702339,True,es,Córdoba,Campo de la Verdad,Campo de la Verdad,,93000.0,chalet,independantHouse,83.0,,,3,1,,False,,False,,,,,renew,,,,,,,,,,,,,,False,,,
111458634,https://www.idealista.com/inmueble/111458634/,sale,Córdoba,Córdoba,37.8934725,-4.7547346,True,es,Córdoba,Levante - Lepanto - Fátima,El Cairo,,205000.0,flat,flat,90.0,,,3,2,,False,,False,,,,,good,True,,,,,,,,,,,,,True,,2,
112445588,https://www.idealista.com/inmueble/112445588/,sale,Córdoba,Córdoba,37.898283,-4.7844582,True,es,Córdoba,Santa Rosa - Valdeolleros,Santa Rosa - San José,,230000.0,flat,flat,82.0,,,3,1,,False,,False,,,,,renew,True,,,,,,,,,,,,,True,,4,
112606574,https://www.idealista.com/inmueble/112606574/,sale,Córdoba,Córdoba,37.8964291,-4.7634402,True,es,Córdoba,Levante - Lepanto - Fátima,Levante,,105000.0,flat,flat,68.0,,,3,1,,False,,False,,,,,good,False,,,,,,,,,,,,,False,,bj,
112086548,https://www.idealista.com/inmueble/112086548/,sale,Córdoba,Córdoba,37.869787,-4.7721949,True,es,Córdoba,Campo de la Verdad,Campo de la Verdad,,147000.0,chalet,independantHouse,56.0,,,2,1,,False,,False,,,,,good,,,,,,,,,,,,,,False,,,
109168470,https://www.idealista.com/inmueble/109168470/,sale,Córdoba,Córdoba,37.8793471,-4.7733969,True,es,Córdoba,Centro - Casco Histórico,Casco Histórico - Corredera - Ribera,,129500.0,duplex,duplex,50.0,,,1,1,,True,,False,,,,,good,False,,,,,,,,,,,,,False,,1,
111225452,https://www.idealista.com/inmueble/111225452/,sale,Córdoba,Córdoba,37.9116551,-4.8104155,True,es,Córdoba,Brillante - Trassierra - Naranjo,Brillante,,915000.0,chalet,independantHouse,410.0,,,6,4,,False,,False,,,,,good,,,,,,,,,,,,,,True,,,
112445435,https://www.idealista.com/inmueble/112445435/,sale,Córdoba,Córdoba,37.9033863,-4.7875646,True,es,Córdoba,Brillante - Trassierra - Naranjo,Brillante,,489000.0,chalet,independantHouse,180.0,,,5,4,,False,,False,,,,,good,,,,,,,,,,,,,,True,,,
112609417,https://www.idealista.com/inmueble/112609417/,sale,Córdoba,Córdoba,37.902843,-4.7869566,True,es,Córdoba,Brillante - Trassierra - Naranjo,Brillante,,489000.0,chalet,independantHouse,180.0,,,5,4,,False,,False,,,,,good,,,,,,,,,,,,,,True,,,
112104419,https://www.idealista.com/inmueble/112104419/,sale,Córdoba,Córdoba,37.8915119,-4.8043389,True,es,Córdoba,Noreña - Figueroa,Noreña - Turruñuelos,,140000.0,flat,flat,56.0,,,3,1,,False,,False,,,,,good,True,,,,,,,,,,,,,False,,3,
110831399,https://www.idealista.com/inmueble/110831399/,sale,Córdoba,Córdoba,37.871226,-4.7740124,True,es,Córdoba,Campo de la Verdad,Campo de la Verdad,,139000.0,chalet,independantHouse,65.0,,,2,1,,False,,False,,,,,renew,,,,,,,,,,,,,,False,,,
100883384,https://www.idealista.com/inmueble/100883384/,sale,Córdoba,Córdoba,37.9193797,-4.7965535,True,es,Córdoba,Brillante - Trassierra - Naranjo,Brillante,,690000.0,chalet,independantHouse,450.0,,,12,6,,False,,False,,,,,good,,,,,,,,,,,,,,False,,,
111926371,https://www.idealista.com/inmueble/111926371/,sale,Córdoba,Córdoba,37.8995941,-4.7809165,True,es,Córdoba,Santa Rosa - Valdeolleros,Santa Rosa - San José,,230000.0,flat,flat,82.0,,,3,1,,False,,False,,,,,renew,True,,,,,,,,,,,,,True,,4,
112447323,https://www.idealista.com/inmueble/112447323/,sale,Córdoba,Córdoba,37.8972418,-4.7822623,True,es,Córdoba,Santa Rosa - Valdeolleros,Santa Rosa - San José,,230000.0,flat,flat,82.0,,,3,1,,False,,False,,,,,renew,True,,,,,,,,,,,,,True,,4,
107303142,https://www.idealista.com/inmueble/107303142/,sale,Córdoba,Córdoba,37.8880945,-4.7557353,True,es,Córdoba,Fuensanta - Zona Arcángel,Cañero - Fidiana,,337000.0,chalet,independantHouse,207.0,,,3,2,,False,,False,,,,,good,,,,,,,,,,,,,,True,,,
105455137,https://www.idealista.com/inmueble/105455137/,sale,Córdoba,Córdoba,37.9105862,-4.8023041,True,es,Córdoba,Brillante - Trassierra - Naranjo,Brillante,,1050000.0,chalet,independantHouse,700.0,,,12,10,,False,,False,,,,,good,,,,,,,,,,,,,,True,,,
112621076,https://www.idealista.com/inmueble/112621076/,sale,Córdoba,Córdoba,37.8780748,-4.7665128,True,es,Córdoba,Fuensanta - Zona Arcángel,Fuensanta - Arcángel - Santuario,,93500.0,flat,flat,44.0,,,1,1,,False,,False,,,,,good,False,,,,,,,,,,,,,False,,bj,
111980050,https://www.idealista.com/inmueble/111980050/,sale,Córdoba,Córdoba,37.8880474,-4.7535103,True,es,Córdoba,Fuensanta - Zona Arcángel,Cañero - Fidiana,,154000.0,chalet,independantHouse,97.0,,,3,1,,False,,False,,,,,renew,,,,,,,,,,,,,,False,,,
110855040,https://www.idealista.com/inmueble/110855040/,sale,Córdoba,Córdoba,37.8845306,-4.7714655,True,es,Córdoba,Centro - Casco Histórico,Casco Histórico - Corredera - Ribera,,168300.0,flat,flat,114.0,,,3,2,,False,,False,,,,,good,False,,,,,,,,,,,,,False,,1,
111500034,https://www.idealista.com/inmueble/111500034/,sale,Córdoba,Córdoba,37.885282,-4.779256,True,es,Córdoba,Centro - Casco Histórico,Centro,,159000.0,flat,flat,50.0,,,1,1,,False,,False,,,,,good,False,,,,,,,,,,,,,False,,bj,
112581991,https://www.idealista.com/inmueble/112581991/,sale,Córdoba,Córdoba,37.8910045,-4.804616,True,es,Córdoba,Noreña - Figueroa,Noreña - Turruñuelos,,156500.0,flat,flat,59.0,,,3,1,,False,,False,,,,,good,True,,,,,,,,,,,,,False,,1,
112552978,https://www.idealista.com/inmueble/112552978/,sale,Córdoba,Córdoba,37.8649525,-4.7778204,True,es,Córdoba,Sector sur - Santa Cruz,Sector sur - Santa Cruz,,57500.0,flat,flat,59.0,,,1,0,,False,,False,,,,,renew,True,,,,,,,,,,,,,False,,1,
112554970,https://www.idealista.com/inmueble/112554970/,sale,Córdoba,Córdoba,37.8761355,-4.7961482,True,es,Córdoba,Zoco - Poniente - Vistalegre,Vistalegre - Parque Cruz - Universidades,,209000.0,flat,flat,110.0,,,4,2,,False,,False,,,,,good,True,,,,,,,,,,,,,False,,5,
112013967,https://www.idealista.com/inmueble/112013967/,sale,Córdoba,Córdoba,37.8638793,-4.7734351,True,es,Córdoba,Campo de la Verdad,Campo de la Verdad,,93000.0,chalet,independantHouse,83.0,,,3,1,,False,,False,,,,,good,,,,,,,,,,,,,,False,,,
112627957,https://www.idealista.com/inmueble/112627957/,sale,Córdoba,Córdoba,37.8900896,-4.7732463,True,es,Córdoba,Centro - Casco Histórico,Casco Histórico - Ollerías - Marrubial,,128000.0,flat,flat,58.0,,,2,1,,False,,False,,,,,good,False,,,,,,,,,,,,,False,,1,
111641936,https://www.idealista.com/inmueble/111641936/,sale,Córdoba,Córdoba,37.8739648,-4.7733818,True,es,Córdoba,Campo de la Verdad,Campo de la Verdad,,145000.0,flat,flat,47.0,,,1,1,,False,,False,,,,,good,True,,,,,,,,,,,,,False,,,
112615899,https://www.idealista.com/inmueble/112615899/,sale,Córdoba,Córdoba,37.8912906,-4.7879636,True,es,Córdoba,Santa Rosa - Valdeolleros,Huerta de la Reina,,85000.0,flat,flat,51.0,,,3,1,,False,,False,,,,,renew,False,,,,,,,,,,,,,False,,2,
110828844,https://www.idealista.com/inmueble/110828844/,sale,Córdoba,Córdoba,37.8711366,-4.7732708,True,es,Córdoba,Campo de la Verdad,Campo de la Verdad,,139000.0,chalet,independantHouse,65.0,,,2,1,,False,,False,,,,,renew,,,,,,,,,,,,,,False,,,
109244843,https://www.idealista.com/inmueble/109244843/,sale,Córdoba,Córdoba,37.8835033,-4.7822962,True,es,Córdoba,Centro - Casco Histórico,Centro,,411200.0,flat,flat,200.0,,,4,4,,False,,False,,,,,good,True,,,,,,,,,,,,,True,,,
112548833,https://www.idealista.com/inmueble/112548833/,sale,Córdoba,Córdoba,37.8912973,-4.7705325,True,es,Córdoba,Centro - Casco Histórico,Casco Histórico - Ollerías - Marrubial,,128000.0,flat,flat,60.0,,,2,1,,False,,False,,,,,good,False,,,,,,,,,,,,,False,,1,
112051818,https://www.idealista.com/inmueble/112051818/,sale,Córdoba,Córdoba,37.8867797,-4.7514159,True,es,Córdoba,Fuensanta - Zona Arcángel,Cañero - Fidiana,,154000.0,chalet,independantHouse,97.0,,,3,1,,False,,False,,,,,renew,,,,,,,,,,,,,,False,,,
112633775,https://www.idealista.com/inmueble/112633775/,sale,Córdoba,Córdoba,37.881552,-4.7636433,True,es,Córdoba,Fuensanta - Zona Arcángel,Fuensanta - Arcángel - Santuario,,149000.0,flat,flat,93.0,,,3,1,,False,,False,,,,,renew,True,,,,,,,,,,,,,False,,3,
111465758,https://www.idealista.com/inmueble/111465758/,sale,Córdoba,Córdoba,37.8819946,-4.7915928,True,es,Córdoba,Ciudad Jardín,Ciudad Jardín,,137700.0,flat,flat,73.0,,,3,1,,False,,False,,,,,good,False,,,,,,,,,,,,,False,,3,
111886736,https://www.idealista.com/inmueble/111886736/,sale,Córdoba,Córdoba,37.8898424,-4.7871558,True,es,Córdoba,Noreña - Figueroa,Carretera Trassierra - Colonia de la Paz,,125000.0,flat,flat,55.0,,,1,1,,False,,False,,,,,good,True,,,,,,,,,,,,,False,,bj,
112016729,https://www.idealista.com/inmueble/112016729/,sale,Córdoba,Córdoba,37.8631763,-4.772139,True,es,Córdoba,Campo de la Verdad,Campo de la Verdad,,95000.0,chalet,independantHouse,107.0,,,3,1,,False,,False,,,,,renew,,,,,,,,,,,,,,False,,,
110459680,https://www.idealista.com/inmueble/110459680/,sale,Córdoba,Córdoba,37.9247625,-4.7902952,True,es,Córdoba,Brillante - Trassierra - Naranjo,Brillante,,540000.0,chalet,independantHouse,300.0,,,6,3,,False,,False,,,,,good,,,,,,,,,,,,,,True,,,
112537656,https://www.idealista.com/inmueble/112537656/,sale,Córdoba,Córdoba,37.8923023,-4.8033423,True,es,Córdoba,Noreña - Figueroa,Noreña - Turruñuelos,,137500.0,flat,flat,60.0,,,3,1,,False,,False,,,,,good,True,,,,,,,,,,,,,False,,2,
111301653,https://www.idealista.com/inmueble/111301653/,sale,Córdoba,Córdoba,37.8810377,-4.7892208,True,es,Córdoba,Ciudad Jardín,Ciudad Jardín,,189000.0,flat,flat,110.0,,,3,2,,False,,False,,,,,good,True,,,,,,,,,,,,,False,,1,
110645656,https://www.idealista.com/inmueble/110645656/,sale,Córdoba,Córdoba,37.8804768,-4.7882156,True,es,Córdoba,Ciudad Jardín,Ciudad Jardín,,137600.0,flat,flat,61.0,,,1,1,,False,,False,,,,,good,False,,,,,,,,,,,,,False,,1,
112498648,https://www.idealista.com/inmueble/112498648/,sale,Córdoba,Córdoba,37.8827335,-4.7612214,True,es,Córdoba,Fuensanta - Zona Arcángel,Fuensanta - Arcángel - Santuario,,95000.0,flat,flat,76.0,,,3,1,,False,,False,,,,,good,False,,,,,,,,,,,,,False,,2,
112363648,https://www.idealista.com/inmueble/112363648/,sale,Córdoba,Córdoba,37.874037,-4.7736648,True,es,Córdoba,Campo de la Verdad,Campo de la Verdad,,149000.0,chalet,independantHouse,65.0,,,2,1,,False,,False,,,,,renew,,,,,,,,,,,,,,False,,,
111769580,https://www.idealista.com/inmueble/111769580/,sale,Córdoba,Córdoba,37.8638223,-4.7760002,True,es,Córdoba,Sector sur - Santa Cruz,Sector sur - Santa Cruz,,29900.0,flat,flat,54.0,,,3,1,,False,,False,,,,,renew,True,,,,,,,,,,,,,False,,4,
112157540,https://www.idealista.com/inmueble/112157540/,sale,Córdoba,Córdoba,37.8882451,-4.7805808,True,es,Córdoba,Centro - Casco Histórico,Centro,,350000.0,flat,flat,101.0,,,3,2,,False,,False,,,,,good,True,,,,,,,,,,,,,False,,2,
112607521,https://www.idealista.com/inmueble/112607521/,sale,Córdoba,Córdoba,37.8874526,-4.7836514,True,es,Córdoba,Centro - Casco Histórico,Centro,,399000.0,duplex,duplex,138.0,,,3,2,,True,,False,,,,,good,True,,,,,,,,,,,,,True,,3,
112329512,https://www.idealista.com/inmueble/112329512/,sale,Córdoba,Córdoba,37.8619339,-4.7782443,True,es,Córdoba,Sector sur - Santa Cruz,Sector sur - Santa Cruz,,58000.0,flat,flat,57.0,,,2,1,,False,,False,,,,,good,True,,,,,,,,,,,,,False,,4,
112559508,https://www.idealista.com/inmueble/112559508/,sale,Córdoba,Córdoba,37.8810279,-4.8165733,True,es,Córdoba,Noreña - Figueroa,Miralbaida - Parque Azahara,,149000.0,flat,flat,100.0,,,3,1,,False,,False,,,,,good,False,,,,,,,,,,,,,False,,bj,
95922492,https://www.idealista.com/inmueble/95922492/,sale,Córdoba,Córdoba,37.8804929,-4.7691957,True,es,Córdoba,Centro - Casco Histórico,Casco Histórico - Corredera - Ribera,,158100.0,chalet,semidetachedHouse,194.0,,,7,2,,False,,False,,,,,renew,,,,,,,,,,,,,,False,,,
106088491,https://www.idealista.com/inmueble/106088491/,sale,Córdoba,Córdoba,37.881965,-4.7731563,True,es,Córdoba,Centro - Casco Histórico,Casco Histórico - Corredera - Ribera,,120000.0,chalet,terracedHouse,139.0,,,3,3,,False,,False,,,,,renew,,,,,,,,,,,,,,False,,,
111952464,https://www.idealista.com/inmueble/111952464/,sale,Córdoba,Córdoba,37.8808892,-4.7818396,True,es,Córdoba,Centro - Casco Histórico,Judería - San Basilio,,160000.0,flat,flat,85.0,,,2,1,,False,,False,,,,,good,True,,,,,,,,,,,,,True,,en,
110829458,https://www.idealista.com/inmueble/110829458/,sale,Córdoba,Córdoba,37.8743046,-4.7730168,True,es,Córdoba,Campo de la Verdad,Campo de la Verdad,,139000.0,chalet,independantHouse,65.0,,,2,1,,False,,False,,,,,renew,,,,,,,,,,,,,,False,,,
111684445,https://www.idealista.com/inmueble/111684445/,sale,Córdoba,Córdoba,37.8947268,-4.7756545,True,es,Córdoba,Santa Rosa - Valdeolleros,Valdeolleros - Zumbacón - Camping,,179000.0,flat,flat,90.0,,,3,2,,False,,False,,,,,good,True,,,,,,,,,,,,,False,,bj,
112128415,https://www.idealista.com/inmueble/112128415/,sale,Córdoba,Córdoba,37.8653358,-4.7711625,True,es,Córdoba,Campo de la Verdad,Campo de la Verdad,,93000.0,chalet,independantHouse,107.0,,,3,1,,False,,False,,,,,renew,,,,,,,,,,,,,,False,,,
111133403,https://www.idealista.com/inmueble/111133403/,sale,Córdoba,Córdoba,37.9197905,-4.8037595,True,es,Córdoba,Brillante - Trassierra - Naranjo,Brillante,,900000.0,chalet,independantHouse,250.0,,,4,3,,False,,False,,,,,renew,,,,,,,,,,,,,,True,,,
110653391,https://www.idealista.com/inmueble/110653391/,sale,Córdoba,Córdoba,37.8861003,-4.78167,True,es,Córdoba,Centro - Casco Histórico,Centro,,740000.0,flat,flat,379.0,,,8,5,,False,,False,,,,,renew,True,,,,,,,,,,,,,True,,7,
112638388,https://www.idealista.com/inmueble/112638388/,sale,Córdoba,Córdoba,37.9061061,-4.7913045,True,es,Córdoba,Brillante - Trassierra - Naranjo,Brillante,,489000.0,chalet,independantHouse,180.0,,,5,4,,False,,False,,,,,good,,,,,,,,,,,,,,False,,,
112547374,https://www.idealista.com/inmueble/112547374/,sale,Córdoba,Córdoba,37.8636795,-4.7757265,True,es,Córdoba,Sector sur - Santa Cruz,Sector sur - Santa Cruz,,52950.0,flat,flat,58.0,,,2,1,,False,,False,,,,,good,True,,,,,,,,,,,,,False,,1,
111957376,https://www.idealista.com/inmueble/111957376/,sale,Córdoba,Córdoba,37.8969313,-4.7935595,True,es,Córdoba,Noreña - Figueroa,Tablero,,350000.0,flat,flat,110.0,,,3,2,,False,,False,,,,,good,True,,,,,,,,,,,,,True,,1,
112518319,https://www.idealista.com/inmueble/112518319/,sale,Córdoba,Córdoba,37.883819,-4.7953536,True,es,Córdoba,Zoco - Poniente - Vistalegre,Huerta de la Marquesa,,155000.0,flat,flat,71.0,,,3,1,,False,,False,,,,,good,True,,,,,,,,,,,,,False,,,
112374319,https://www.idealista.com/inmueble/112374319/,sale,Córdoba,Córdoba,37.8829464,-4.7780191,True,es,Córdoba,Centro - Casco Histórico,Casco Histórico - Corredera - Ribera,,190000.0,penthouse,penthouse,67.0,,,1,1,,False,,False,,,,,good,False,,,,,,,,,,,,,True,,2,
112688261,https://www.idealista.com/inmueble/112688261/,sale,Córdoba,Córdoba,37.882611,-4.7927018,True,es,Córdoba,Zoco - Poniente - Vistalegre,Zoco - Poniente,,129900.0,flat,flat,52.0,,,2,1,,False,,False,,,,,good,True,,,,,,,,,,,,,False,,bj,
96642221,https://www.idealista.com/inmueble/96642221/,sale,Córdoba,Córdoba,37.8987653,-4.7778736,True,es,Córdoba,Santa Rosa - Valdeolleros,Valdeolleros - Zumbacón - Camping,,165000.0,chalet,independantHouse,135.0,,,2,1,,False,,False,,,,,renew,,,,,,,,,,,,,,True,,,
82240140,https://www.idealista.com/inmueble/82240140/,sale,Córdoba,Córdoba,37.8817573,-4.7647659,True,es,Córdoba,Fuensanta - Zona Arcángel,Fuensanta - Arcángel - Santuario,,484000.0,chalet,chalet,352.0,,,6,2,,False,,False,,,,,good,,,,,,,,,,,,,,False,,,
111571123,https://www.idealista.com/inmueble/111571123/,sale,Córdoba,Córdoba,37.8909807,-4.7701592,True,es,Córdoba,Centro - Casco Histórico,Casco Histórico - Ollerías - Marrubial,,115000.0,chalet,independantHouse,95.0,,,1,0,,False,,False,,,,,renew,,,,,,,,,,,,,,False,,,
109355107,https://www.idealista.com/inmueble/109355107/,sale,Córdoba,Córdoba,37.8903848,-4.7722893,True,es,Córdoba,Centro - Casco Histórico,Casco Histórico - Ollerías - Marrubial,,240000.0,chalet,terracedHouse,130.0,,,3,3,,False,,False,,,,,good,,,,,,,,,,,,,,False,,,
112318090,https://www.idealista.com/inmueble/112318090/,sale,Córdoba,Córdoba,37.8957526,-4.7639662,True,es,Córdoba,Levante - Lepanto - Fátima,Fátima - Campiñuela,,123500.0,flat,flat,42.0,,,1,1,,False,,False,,,,,good,False,,,,,,,,,,,,,False,,bj,
111841084,https://www.idealista.com/inmueble/111841084/,sale,Córdoba,Córdoba,37.8885734,-4.7730327,True,es,Córdoba,Centro - Casco Histórico,Casco Histórico - Ollerías - Marrubial,,155000.0,flat,flat,75.0,,,2,1,,False,,False,,,,,good,False,,,,,,,,,,,,,False,,2,
111664064,https://www.idealista.com/inmueble/111664064/,sale,Córdoba,Córdoba,37.8778876,-4.7639992,True,es,Córdoba,Fuensanta - Zona Arcángel,Fuensanta - Arcángel - Santuario,,154600.0,flat,flat,86.0,,,2,2,,False,,False,,,,,good,False,,,,,,,,,,,,,False,,,
110875006,https://www.idealista.com/inmueble/110875006/,sale,Córdoba,Córdoba,37.8885493,-4.775694,True,es,Córdoba,Centro - Casco Histórico,Casco Histórico - Ollerías - Marrubial,,358000.0,flat,flat,135.0,,,5,2,,False,,False,,,,,renew,True,,,,,,,,,,,,,True,,2,
112027972,https://www.idealista.com/inmueble/112027972/,sale,Córdoba,Córdoba,37.863282,-4.772984,True,es,Córdoba,Campo de la Verdad,Campo de la Verdad,,95000.0,chalet,independantHouse,83.0,,,3,1,,False,,False,,,,,renew,,,,,,,,,,,,,,False,,,
111586911,https://www.idealista.com/inmueble/111586911/,sale,Córdoba,Córdoba,37.8750838,-4.7766491,True,es,Córdoba,Campo de la Verdad,Campo de la Verdad,,260000.0,chalet,terracedHouse,99.0,,,3,2,,False,,False,,,,,good,,,,,,,,,,,,,,True,,,
111647898,https://www.idealista.com/inmueble/111647898/,sale,Córdoba,Córdoba,37.8834322,-4.7899351,True,es,Córdoba,Ciudad Jardín,Ciudad Jardín,,162000.0,flat,flat,60.0,,,1,1,,False,,False,,,,,good,True,,,,,,,,,,,,,False,,3,
111779845,https://www.idealista.com/inmueble/111779845/,sale,Córdoba,Córdoba,37.8935165,-4.7579667,True,es,Córdoba,Levante - Lepanto - Fátima,La Viñuela,,105000.0,flat,flat,67.0,,,3,1,,False,,False,,,,,renew,True,,,,,,,,,,,,,False,,2,
112382835,https://www.idealista.com/inmueble/112382835/,sale,Córdoba,Córdoba,37.8927335,-4.7897617,True,es,Córdoba,Noreña - Figueroa,Carretera Trassierra - Colonia de la Paz,,123000.0,flat,flat,55.0,,,1,1,,False,,False,,,,,good,False,,,,,,,,,,,,,False,,bj,
111726812,https://www.idealista.com/inmueble/111726812/,sale,Córdoba,Córdoba,37.8689063,-4.772341,True,es,Córdoba,Campo de la Verdad,Campo de la Verdad,,158000.0,chalet,independantHouse,127.0,,,3,2,,False,,False,,,,,good,,,,,,,,,,,,,,False,,,
111373819,https://www.idealista.com/inmueble/111373819/,sale,Córdoba,Córdoba,37.8938029,-4.7728897,True,es,Córdoba,Santa Rosa - Valdeolleros,Valdeolleros - Zumbacón - Camping,,179000.0,flat,flat,90.0,,,3,2,,False,,False,,,,,good,True,,,,,,,,,,,,,True,,bj,
99572766,https://www.idealista.com/inmueble/99572766/,sale,Córdoba,Córdoba,37.8789395,-4.7901424,True,es,Córdoba,Ciudad Jardín,Ciudad Jardín,,150000.0,flat,flat,82.0,,,3,1,,False,,False,,,,,good,True,,,,,,,,,,,,,False,,4,
111258754,https://www.idealista.com/inmueble/111258754/,sale,Córdoba,Córdoba,37.9085069,-4.7792838,True,es,Córdoba,Brillante - Trassierra - Naranjo,Naranjo - Mirabueno,,156500.0,flat,flat,98.0,,,3,3,,False,,False,,,,,good,False,,,,,,,,,,,,,False,,,
109689747,https://www.idealista.com/inmueble/109689747/,sale,Córdoba,Córdoba,37.8813954,-4.772638,True,es,Córdoba,Centro - Casco Histórico,Casco Histórico - Corredera - Ribera,,255000.0,chalet,independantHouse,200.0,,,3,2,,False,,False,,,,,good,,,,,,,,,,,,,,False,,,
111975719,https://www.idealista.com/inmueble/111975719/,sale,Córdoba,Córdoba,37.8986997,-4.7555567,True,es,Córdoba,Levante - Lepanto - Fátima,Fátima - Campiñuela,,125900.0,flat,flat,75.0,,,3,1,,False,,False,,,,,good,False,,,,,,,,,,,,,False,,1,
109774696,https://www.idealista.com/inmueble/109774696/,sale,Córdoba,Córdoba,37.8820485,-4.7820457,True,es,Córdoba,Centro - Casco Histórico,Centro,,412000.0,flat,flat,171.0,,,4,4,,False,,False,,,,,good,True,,,,,,,,,,,,,True,,2,
108860695,https://www.idealista.com/inmueble/108860695/,sale,Córdoba,Córdoba,37.8798116,-4.7885322,True,es,Córdoba,Zoco - Poniente - Vistalegre,Vistalegre - Parque Cruz - Universidades,,410000.0,flat,flat,176.0,,,6,3,,False,,False,,,,,good,True,,,,,,,,,,,,,True,,3,
110511692,https://www.idealista.com/inmueble/110511692/,sale,Córdoba,Córdoba,37.9072605,-4.7795703,True,es,Córdoba,Brillante - Trassierra - Naranjo,Naranjo - Mirabueno,,298000.0,chalet,independantHouse,186.0,,,5,2,,False,,False,,,,,good,,,,,,,,,,,,,,False,,,
111386653,https://www.idealista.com/inmueble/111386653/,sale,Córdoba,Córdoba,37.8809745,-4.7873633,True,es,Córdoba,Ciudad Jardín,Ciudad Jardín,,185000.0,flat,flat,112.0,,,4,2,,False,,False,,,,,good,True,,,,,,,,,,,,,False,,,
89060658,https://www.idealista.com/inmueble/89060658/,sale,Córdoba,Córdoba,37.8807154,-4.7715538,True,es,Córdoba,Centro - Casco Histórico,Casco Histórico - Corredera - Ribera,,158499.0,chalet,independantHouse,194.0,,,7,2,,False,,False,,,,,renew,,,,,,,,,,,,,,False,,,
110402628,https://www.idealista.com/inmueble/110402628/,sale,Córdoba,Córdoba,37.8842945,-4.7913752,True,es,Córdoba,Ciudad Jardín,Ciudad Jardín,,160000.0,flat,flat,104.0,,,3,2,,False,,False,,,,,good,False,,,,,,,,,,,,,False,,,
111838616,https://www.idealista.com/inmueble/111838616/,sale,Córdoba,Córdoba,37.8647037,-4.7808755,True,es,Córdoba,Sector sur - Santa Cruz,Sector sur - Santa Cruz,,35000.0,flat,flat,59.0,,,3,1,,False,,False,,,,,good,False,,,,,,,,,,,,,False,,,
111656606,https://www.idealista.com/inmueble/111656606/,sale,Córdoba,Córdoba,37.9177642,-4.8057827,True,es,Córdoba,Brillante - Trassierra - Naranjo,Brillante,,990000.0,chalet,independantHouse,541.0,,,9,4,,False,,False,,,,,good,,,,,,,,,,,,,,True,,,
82615503,https://www.idealista.com/inmueble/82615503/,sale,Córdoba,Córdoba,37.8955123,-4.7705164,True,es,Córdoba,Centro - Casco Histórico,San Cayetano,,98500.0,chalet,terracedHouse,114.0,,,5,1,,False,,False,,,,,good,,,,,,,,,,,,,,False,,,
112525491,https://www.idealista.com/inmueble/112525491/,sale,Córdoba,Córdoba,37.8852844,-4.7945154,True,es,Córdoba,Ciudad Jardín,Ciudad Jardín,,203000.0,flat,flat,100.0,,,4,2,,False,,False,,,,,good,True,,,,,,,,,,,,,False,,3,
85467472,https://www.idealista.com/inmueble/85467472/,sale,Córdoba,Córdoba,37.8858401,-4.7730338,True,es,Córdoba,Centro - Casco Histórico,Casco Histórico - Corredera - Ribera,,255000.0,chalet,independantHouse,396.0,,,5,2,,False,,False,,,,,renew,,,,,,,,,,,,,,False,,,
111820453,https://www.idealista.com/inmueble/111820453/,sale,Córdoba,Córdoba,37.8694085,-4.7796103,True,es,Córdoba,Sector sur - Santa Cruz,Sector sur - Santa Cruz,,165000.0,flat,flat,77.0,,,2,2,,False,,False,,,,,good,True,,,,,,,,,,,,,False,,6,
109699452,https://www.idealista.com/inmueble/109699452/,sale,Córdoba,Córdoba,37.9213756,-4.797132,True,es,Córdoba,Brillante - Trassierra - Naranjo,Brillante,,698000.0,chalet,independantHouse,308.0,,,4,3,,False,,False,,,,,good,,,,,,,,,,,,,,True,,,
112215419,https://www.idealista.com/inmueble/112215419/,sale,Córdoba,Córdoba,37.8884284,-4.8034618,True,es,Córdoba,Noreña - Figueroa,Noreña - Turruñuelos,,85000.0,flat,flat,52.0,,,1,1,,False,,False,,,,,good,True,,,,,,,,,,,,,False,,1,
107550420,https://www.idealista.com/inmueble/107550420/,sale,Córdoba,Córdoba,37.9174976,-4.795019,True,es,Córdoba,Brillante - Trassierra - Naranjo,Brillante,,520000.0,chalet,independantHouse,185.0,,,4,3,,False,,False,,,,,renew,,,,,,,,,,,,,,True,,,
104896365,https://www.idealista.com/inmueble/104896365/,sale,Córdoba,Córdoba,37.8894492,-4.7689245,True,es,Córdoba,Centro - Casco Histórico,Casco Histórico - Ollerías - Marrubial,,184500.0,flat,flat,100.0,,,3,1,,False,,False,,,,,good,False,,,,,,,,,,,,,False,,1,
112476282,https://www.idealista.com/inmueble/112476282/,sale,Córdoba,Córdoba,37.9089268,-4.7782399,True,es,Córdoba,Brillante - Trassierra - Naranjo,Naranjo - Mirabueno,,115000.0,chalet,independantHouse,71.0,,,4,2,,False,,False,,,,,renew,,,,,,,,,,,,,,False,,,
111328283,https://www.idealista.com/inmueble/111328283/,sale,Córdoba,Córdoba,37.8866338,-4.7875733,True,es,Córdoba,Centro - Casco Histórico,Cercadilla - Medina Azahara,,368380.0,flat,flat,129.0,,,3,2,,False,,False,,,,,good,True,,,,,,,,,,,,,True,,6,
109262260,https://www.idealista.com/inmueble/109262260/,sale,Córdoba,Córdoba,37.8913208,-4.7932924,True,es,Córdoba,Noreña - Figueroa,Carretera Trassierra - Colonia de la Paz,,183600.0,flat,flat,100.0,,,3,1,,False,,False,,,,,good,True,,,,,,,,,,,,,False,,,
106806236,https://www.idealista.com/inmueble/106806236/,sale,Córdoba,Córdoba,37.889579,-4.7711979,True,es,Córdoba,Centro - Casco Histórico,Casco Histórico - Ollerías - Marrubial,,245000.0,chalet,terracedHouse,132.0,,,5,3,,False,,False,,,,,good,,,,,,,,,,,,,,False,,,
110552232,https://www.idealista.com/inmueble/110552232/,sale,Córdoba,Córdoba,37.8841802,-4.7749553,True,es,Córdoba,Centro - Casco Histórico,Casco Histórico - Corredera - Ribera,,259999.0,flat,flat,80.0,,,3,2,,False,,False,,,,,good,True,,,,,,,,,,,,,True,,5,
111434209,https://www.idealista.com/inmueble/111434209/,sale,Córdoba,Córdoba,37.8939392,-4.7658799,True,es,Córdoba,Levante - Lepanto - Fátima,Levante,,219000.0,flat,flat,135.0,,,4,2,,False,,False,,,,,good,True,,,,,,,,,,,,,False,,8,
107997189,https://www.idealista.com/inmueble/107997189/,sale,Córdoba,Córdoba,37.8878758,-4.7699072,True,es,Córdoba,Centro - Casco Histórico,Casco Histórico - Ollerías - Marrubial,,220000.0,chalet,chalet,214.0,,,3,2,,False,,False,,,,,good,,,,,,,,,,,,,,True,,,
112380185,https://www.idealista.com/inmueble/112380185/,sale,Córdoba,Córdoba,37.8938956,-4.7577555,True,es,Córdoba,Levante - Lepanto - Fátima,Levante,,450000.0,chalet,independantHouse,300.0,,,5,3,,False,,False,,,,,good,,,,,,,,,,,,,,True,,,
39475145,https://www.idealista.com/inmueble/39475145/,sale,Córdoba,Córdoba,37.898106,-4.7948216,True,es,Córdoba,Noreña - Figueroa,Tablero,,280000.0,flat,flat,80.0,,,2,1,,False,,False,,,,,good,True,,,,,,,,,,,,,True,,1,
110539109,https://www.idealista.com/inmueble/110539109/,sale,Córdoba,Córdoba,37.8912918,-4.7623531,True,es,Córdoba,Levante - Lepanto - Fátima,La Viñuela,,139000.0,flat,flat,87.0,,,2,1,,False,,False,,,,,good,False,,,,,,,,,,,,,False,,,
86675099,https://www.idealista.com/inmueble/86675099/,sale,Córdoba,Córdoba,37.8827212,-4.7697574,True,es,Córdoba,Centro - Casco Histórico,Casco Histórico - Corredera - Ribera,,158000.0,chalet,independantHouse,195.0,,,6,2,,False,,False,,,,,renew,,,,,,,,,,,,,,False,,,
109841030,https://www.idealista.com/inmueble/109841030/,sale,Córdoba,Córdoba,37.891809,-4.7609161,True,es,Córdoba,Levante - Lepanto - Fátima,La Viñuela,,327000.0,flat,flat,93.0,,,3,2,,False,,False,,,,,good,True,,,,,,,,,,,,,True,,,
112223022,https://www.idealista.com/inmueble/112223022/,sale,Córdoba,Córdoba,37.8626136,-4.7765529,False,es,Córdoba,Sector sur - Santa Cruz,Sector sur - Santa Cruz,,44000.0,flat,flat,57.0,,,2,1,,False,,False,,,,,good,,,,,,,,,,,,,,False,,,
107409021,https://www.idealista.com/inmueble/107409021/,sale,Córdoba,Córdoba,37.8800777,-4.7772819,True,es,Córdoba,Centro - Casco Histórico,Judería - San Basilio,,720000.0,flat,flat,698.0,,,17,6,,False,,False,,,,,good,False,,,,,,,,,,,,,True,,1,
112541012,https://www.idealista.com/inmueble/112541012/,sale,Córdoba,Córdoba,37.8954876,-4.7698347,True,es,Córdoba,Centro - Casco Histórico,San Cayetano,,239000.0,chalet,independantHouse,150.0,,,3,2,,False,,False,,,,,good,,,,,,,,,,,,,,False,,,
108833983,https://www.idealista.com/inmueble/108833983/,sale,Córdoba,Córdoba,37.8945811,-4.7664012,True,es,Córdoba,Levante - Lepanto - Fátima,Levante,,38500.0,chalet,chalet,40.0,,,2,1,,False,,False,,,,,good,,,,,,,,,,,,,,False,,,
111252949,https://www.idealista.com/inmueble/111252949/,sale,Córdoba,Córdoba,37.8918598,-4.7903791,True,es,Córdoba,Noreña - Figueroa,Carretera Trassierra - Colonia de la Paz,,125000.0,flat,flat,51.0,,,1,1,,False,,False,,,,,good,True,,,,,,,,,,,,,False,,bj,
111289944,https://www.idealista.com/inmueble/111289944/,sale,Córdoba,Córdoba,37.8762133,-4.7820343,True,es,Córdoba,Centro - Casco Histórico,Judería - San Basilio,,196000.0,flat,flat,60.0,,,3,1,,False,,False,,,,,good,False,,,,,,,,,,,,,False,,1,
110316941,https://www.idealista.com/inmueble/110316941/,sale,Córdoba,Córdoba,37.8897177,-4.8039849,False,es,Córdoba,Noreña - Figueroa,Noreña - Turruñuelos,,125000.0,flat,flat,60.0,,,2,1,,False,,False,,,,,renew,True,,,,,,,,,,,,,False,,2,
112212939,https://www.idealista.com/inmueble/112212939/,sale,Córdoba,Córdoba,37.8818091,-4.7664691,True,es,Córdoba,Fuensanta - Zona Arcángel,Fuensanta - Arcángel - Santuario,,120000.0,flat,flat,48.0,,,2,1,,False,,False,,,,,good,False,,,,,,,,,,,,,False,,bj,
109381856,https://www.idealista.com/inmueble/109381856/,sale,Córdoba,Córdoba,37.8635839,-4.7741961,True,es,Córdoba,Campo de la Verdad,Campo de la Verdad,,145000.0,chalet,chalet,196.0,,,3,2,,False,,False,,,,,good,,,,,,,,,,,,,,True,,,
110113834,https://www.idealista.com/inmueble/110113834/,sale,Córdoba,Córdoba,37.8912825,-4.7669058,True,es,Córdoba,Centro - Casco Histórico,Casco Histórico - Ollerías - Marrubial,,495000.0,chalet,independantHouse,354.0,,,0,0,,False,,False,,,,,renew,,,,,,,,,,,,,,False,,,
112202791,https://www.idealista.com/inmueble/112202791/,sale,Córdoba,Córdoba,37.8822816,-4.790228,False,es,Córdoba,Ciudad Jardín,Ciudad Jardín,,105000.0,flat,flat,90.0,,,3,2,,False,,False,,,,,good,,,,,,,,,,,,,,False,,,
97370783,https://www.idealista.com/inmueble/97370783/,sale,Córdoba,Córdoba,37.8914261,-4.776292,True,es,Córdoba,Centro - Casco Histórico,Casco Histórico - Ollerías - Marrubial,,600000.0,chalet,independantHouse,853.0,,,14,5,,False,,False,,,,,renew,,,,,,,,,,,,,,True,,,
96414776,https://www.idealista.com/inmueble/96414776/,sale,Córdoba,Córdoba,37.8793083,-4.7791821,True,es,Córdoba,Centro - Casco Histórico,Judería - San Basilio,,398000.0,chalet,independantHouse,256.0,,,11,3,,False,,False,,,,,good,,,,,,,,,,,,,,True,,,
112637768,https://www.idealista.com/inmueble/112637768/,sale,Córdoba,Córdoba,37.9040343,-4.7800009,True,es,Córdoba,Brillante - Trassierra - Naranjo,Brillante,,535000.0,chalet,independantHouse,205.0,,,4,3,,False,,False,,,,,good,,,,,,,,,,,,,,True,,,
111033768,https://www.idealista.com/inmueble/111033768/,sale,Córdoba,Córdoba,37.8911251,-4.7621502,True,es,Córdoba,Levante - Lepanto - Fátima,La Viñuela,,118500.0,flat,flat,105.0,,,4,2,,False,,False,,,,,renew,False,,,,,,,,,,,,,False,,en,
111729753,https://www.idealista.com/inmueble/111729753/,sale,Córdoba,Córdoba,37.8977545,-4.7932326,True,es,Córdoba,Noreña - Figueroa,Tablero,,480000.0,penthouse,penthouse,157.0,,,3,2,,False,,False,,,,,good,True,,,,,,,,,,,,,True,,3,
111910733,https://www.idealista.com/inmueble/111910733/,sale,Córdoba,Córdoba,37.8822965,-4.7822672,True,es,Córdoba,Centro - Casco Histórico,Centro,,210000.0,flat,flat,64.0,,,2,1,,False,,False,,,,,good,False,,,,,,,,,,,,,False,,2,
112362705,https://www.idealista.com/inmueble/112362705/,sale,Córdoba,Córdoba,37.8899547,-4.7952195,True,es,Córdoba,Noreña - Figueroa,Carretera Trassierra - Colonia de la Paz,,166600.0,flat,flat,86.0,,,3,1,,False,,False,,,,,good,True,,,,,,,,,,,,,False,,,
108454557,https://www.idealista.com/inmueble/108454557/,sale,Córdoba,Córdoba,37.8726264,-4.7756133,True,es,Córdoba,Campo de la Verdad,Campo de la Verdad,,180000.0,chalet,independantHouse,200.0,,,5,1,,False,,False,,,,,renew,,,,,,,,,,,,,,False,,,
93366559,https://www.idealista.com/inmueble/93366559/,sale,Córdoba,Córdoba,37.9022793,-4.787752,True,es,Córdoba,Brillante - Trassierra - Naranjo,Brillante,,720000.0,chalet,independantHouse,647.0,,,6,6,,False,,False,,,,,good,,,,,,,,,,,,,,True,,,
112425533,https://www.idealista.com/inmueble/112425533/,sale,Córdoba,Córdoba,37.8937938,-4.7699613,True,es,Córdoba,Centro - Casco Histórico,San Cayetano,,239000.0,chalet,terracedHouse,147.0,,,4,3,,False,,False,,,,,good,,,,,,,,,,,,,,False,,,
111269531,https://www.idealista.com/inmueble/111269531/,sale,Córdoba,Córdoba,37.8863676,-4.777699,True,es,Córdoba,Centro - Casco Histórico,Centro,,128000.0,duplex,duplex,50.0,,,1,1,,True,,False,,,,,good,False,,,,,,,,,,,,,False,,,
111780455,https://www.idealista.com/inmueble/111780455/,sale,Córdoba,Córdoba,37.8664165,-4.7770997,True,es,Córdoba,Sector sur - Santa Cruz,Sector sur - Santa Cruz,,72000.0,flat,flat,53.0,,,3,1,,False,,False,,,,,good,False,,,,,,,,,,,,,False,,4,
108149389,https://www.idealista.com/inmueble/108149389/,sale,Córdoba,Córdoba,37.8784963,-4.7801315,True,es,Córdoba,Centro - Casco Histórico,Judería - San Basilio,,815000.0,chalet,independantHouse,538.0,,,13,4,,False,,False,,,,,renew,,,,,,,,,,,,,,False,,,
112318383,https://www.idealista.com/inmueble/112318383/,sale,Córdoba,Córdoba,37.8937457,-4.757021,True,es,Córdoba,Levante - Lepanto - Fátima,El Cairo,,149500.0,flat,flat,85.0,,,3,1,,False,,False,,,,,good,True,,,,,,,,,,,,,False,,4,
112548354,https://www.idealista.com/inmueble/112548354/,sale,Córdoba,Córdoba,37.893937,-4.7695846,True,es,Córdoba,Centro - Casco Histórico,San Cayetano,,239000.0,chalet,chalet,147.0,,,4,3,,False,,False,,,,,good,,,,,,,,,,,,,,False,,,
85468305,https://www.idealista.com/inmueble/85468305/,sale,Córdoba,Córdoba,37.9289508,-4.7598126,True,es,Córdoba,Brillante - Trassierra - Naranjo,Paraíso Arenal - La Colina,,449000.0,chalet,independantHouse,313.0,,,4,5,,False,,False,,,,,good,,,,,,,,,,,,,,True,,,
112327284,https://www.idealista.com/inmueble/112327284/,sale,Córdoba,Córdoba,37.8782643,-4.7885951,True,es,Córdoba,Ciudad Jardín,Ciudad Jardín,,73000.0,studio,studio,26.0,,,0,1,,False,,True,,,,,good,False,,,,,,,,,,,,,False,,bj,
110420254,https://www.idealista.com/inmueble/110420254/,sale,Córdoba,Córdoba,37.8934773,-4.7786039,True,es,Córdoba,Santa Rosa - Valdeolleros,Santa Rosa - San José,,287000.0,flat,flat,106.0,,,3,2,,False,,False,,,,,good,True,,,,,,,,,,,,,True,,3,
107612235,https://www.idealista.com/inmueble/107612235/,sale,Córdoba,Córdoba,37.8851339,-4.7901715,True,es,Córdoba,Ciudad Jardín,Ciudad Jardín,,229900.0,flat,flat,122.0,,,4,2,,False,,False,,,,,good,True,,,,,,,,,,,,,False,,3,
111116208,https://www.idealista.com/inmueble/111116208/,sale,Córdoba,Córdoba,37.8927564,-4.7771131,True,es,Córdoba,Centro - Casco Histórico,San Cayetano,,305000.0,flat,flat,135.0,,,4,2,,False,,False,,,,,good,True,,,,,,,,,,,,,True,,4,
111116207,https://www.idealista.com/inmueble/111116207/,sale,Córdoba,Córdoba,37.880865,-4.7898796,True,es,Córdoba,Ciudad Jardín,Ciudad Jardín,,195000.0,flat,flat,110.0,,,3,2,,False,,False,,,,,good,True,,,,,,,,,,,,,False,,2,
100739205,https://www.idealista.com/inmueble/100739205/,sale,Córdoba,Córdoba,37.8824759,-4.7799613,True,es,Córdoba,Centro - Casco Histórico,Centro,,350000.0,flat,flat,165.0,,,4,2,,False,,False,,,,,good,True,,,,,,,,,,,,,True,,4,
111680045,https://www.idealista.com/inmueble/111680045/,sale,Córdoba,Córdoba,37.8827392,-4.7774749,True,es,Córdoba,Centro - Casco Histórico,Judería - San Basilio,,148000.0,flat,flat,74.0,,,2,1,,False,,False,,,,,good,,,,,,,,,,,,,,True,,3,
104970052,https://www.idealista.com/inmueble/104970052/,sale,Córdoba,Córdoba,37.8935757,-4.7615015,True,es,Córdoba,Levante - Lepanto - Fátima,La Viñuela,,107800.0,studio,studio,48.0,,,0,1,,False,,True,,,,,good,False,,,,,,,,,,,,,False,,,
111069034,https://www.idealista.com/inmueble/111069034/,sale,Córdoba,Córdoba,37.9017853,-4.7793438,True,es,Córdoba,Brillante - Trassierra - Naranjo,Brillante,,480000.0,chalet,terracedHouse,220.0,,,6,3,,False,,False,,,,,good,,,,,,,,,,,,,,True,,,
108438017,https://www.idealista.com/inmueble/108438017/,sale,Córdoba,Córdoba,37.8915241,-4.7704903,True,es,Córdoba,Centro - Casco Histórico,Casco Histórico - Ollerías - Marrubial,,220000.0,chalet,independantHouse,298.0,,,1,0,,False,,False,,,,,renew,,,,,,,,,,,,,,False,,,
110084878,https://www.idealista.com/inmueble/110084878/,sale,Córdoba,Córdoba,37.8766349,-4.7886751,True,es,Córdoba,Zoco - Poniente - Vistalegre,Vistalegre - Parque Cruz - Universidades,,408000.0,flat,flat,180.0,,,6,3,,False,,False,,,,,good,True,,,,,,,,,,,,,True,,3,
103256872,https://www.idealista.com/inmueble/103256872/,sale,Córdoba,Córdoba,37.9048939,-4.7881154,True,es,Córdoba,Brillante - Trassierra - Naranjo,Brillante,,600000.0,chalet,independantHouse,690.0,,,7,2,,False,,False,,,,,good,,,,,,,,,,,,,,True,,,
112053848,https://www.idealista.com/inmueble/112053848/,sale,Córdoba,Córdoba,37.8925474,-4.7792945,True,es,Córdoba,Centro - Casco Histórico,San Cayetano,,330000.0,flat,flat,135.0,,,4,2,,False,,False,,,,,good,True,,,,,,,,,,,,,True,,4,
112453796,https://www.idealista.com/inmueble/112453796/,sale,Córdoba,Córdoba,37.8950093,-4.7740647,True,es,Córdoba,Santa Rosa - Valdeolleros,Santa Rosa - San José,,127000.0,flat,flat,52.0,,,1,1,,False,,False,,,,,good,True,,,,,,,,,,,,,False,,bj,
111494687,https://www.idealista.com/inmueble/111494687/,sale,Córdoba,Córdoba,37.8968877,-4.7581825,True,es,Córdoba,Levante - Lepanto - Fátima,Fátima - Campiñuela,,137000.0,flat,flat,78.0,,,3,1,,False,,False,,,,,good,False,,,,,,,,,,,,,False,,,
109434691,https://www.idealista.com/inmueble/109434691/,sale,Córdoba,Córdoba,37.8824558,-4.7703626,True,es,Córdoba,Centro - Casco Histórico,Casco Histórico - Corredera - Ribera,,365000.0,chalet,independantHouse,382.0,,,8,2,,False,,False,,,,,renew,,,,,,,,,,,,,,False,,,
112589614,https://www.idealista.com/inmueble/112589614/,sale,Córdoba,Córdoba,37.894965,-4.7765714,True,es,Córdoba,Santa Rosa - Valdeolleros,Santa Rosa - San José,,155000.0,flat,flat,73.0,,,3,1,,False,,False,,,,,good,True,,,,,,,,,,,,,False,,2,
111919546,https://www.idealista.com/inmueble/111919546/,sale,Córdoba,Córdoba,37.892167,-4.7699705,True,es,Córdoba,Centro - Casco Histórico,Casco Histórico - Ollerías - Marrubial,,116500.0,flat,flat,75.0,,,3,1,,False,,False,,,,,good,False,,,,,,,,,,,,,False,,1,
96716475,https://www.idealista.com/inmueble/96716475/,sale,Córdoba,Córdoba,37.9011243,-4.7873296,True,es,Córdoba,Brillante - Trassierra - Naranjo,Brillante,,700000.0,chalet,independantHouse,650.0,,,7,4,,False,,False,,,,,good,,,,,,,,,,,,,,True,,,
106913465,https://www.idealista.com/inmueble/106913465/,sale,Córdoba,Córdoba,37.8842253,-4.7844609,True,es,Córdoba,Centro - Casco Histórico,Centro,,385000.0,flat,flat,185.0,,,6,4,,False,,False,,,,,good,True,,,,,,,,,,,,,False,,5,
112309390,https://www.idealista.com/inmueble/112309390/,sale,Córdoba,Córdoba,37.8978067,-4.7622551,True,es,Córdoba,Levante - Lepanto - Fátima,Fátima - Campiñuela,,120000.0,flat,flat,42.0,,,1,1,,False,,False,,,,,good,True,,,,,,,,,,,,,False,,bj,
111278350,https://www.idealista.com/inmueble/111278350/,sale,Córdoba,Córdoba,37.8846773,-4.7638258,True,es,Córdoba,Fuensanta - Zona Arcángel,Fuensanta - Arcángel - Santuario,,148000.0,flat,flat,70.0,,,2,1,,False,,False,,,,,good,True,,,,,,,,,,,,,False,,4,
106442344,https://www.idealista.com/inmueble/106442344/,sale,Córdoba,Córdoba,37.8646536,-4.7812442,False,es,Córdoba,Sector sur - Santa Cruz,Sector sur - Santa Cruz,,60000.0,flat,flat,280.0,,,8,3,,False,,False,,,,,good,True,,,,,,,,,,,,,False,,4,
112642336,https://www.idealista.com/inmueble/112642336/,sale,Córdoba,Córdoba,37.8641956,-4.7709388,True,es,Córdoba,Campo de la Verdad,Campo de la Verdad,,140000.0,chalet,independantHouse,196.0,,,3,3,,False,,False,,,,,good,,,,,,,,,,,,,,True,,,
108300265,https://www.idealista.com/inmueble/108300265/,sale,Córdoba,Córdoba,37.8754905,-4.775771,True,es,Córdoba,Campo de la Verdad,Campo de la Verdad,,155000.0,chalet,independantHouse,166.0,,,3,2,,False,,False,,,,,good,,,,,,,,,,,,,,False,,,
111184105,https://www.idealista.com/inmueble/111184105/,sale,Córdoba,Córdoba,37.8947883,-4.8054899,True,es,Córdoba,Noreña - Figueroa,Tablero,,330000.0,flat,flat,145.0,,,4,2,,False,,False,,,,,good,True,,,,,,,,,,,,,False,,5,
94956030,https://www.idealista.com/inmueble/94956030/,sale,Córdoba,Córdoba,37.8609411,-4.7785572,True,es,Córdoba,Sector sur - Santa Cruz,Sector sur - Santa Cruz,,47000.0,flat,flat,61.0,,,2,1,,False,,False,,,,,good,False,,,,,,,,,,,,,False,,1,
112548978,https://www.idealista.com/inmueble/112548978/,sale,Córdoba,Córdoba,37.8914386,-4.7697599,True,es,Córdoba,Centro - Casco Histórico,Casco Histórico - Ollerías - Marrubial,,128000.0,flat,flat,58.0,,,2,1,,False,,False,,,,,good,False,,,,,,,,,,,,,False,,1,
111891897,https://www.idealista.com/inmueble/111891897/,sale,Córdoba,Córdoba,37.8642544,-4.7798863,True,es,Córdoba,Sector sur - Santa Cruz,Sector sur - Santa Cruz,,79000.0,chalet,terracedHouse,80.0,,,3,1,,False,,False,,,,,good,,,,,,,,,,,,,,False,,,
111453796,https://www.idealista.com/inmueble/111453796/,sale,Córdoba,Córdoba,37.8927921,-4.7936389,True,es,Córdoba,Noreña - Figueroa,Carretera Trassierra - Colonia de la Paz,,165600.0,flat,flat,90.0,,,3,1,,False,,False,,,,,good,True,,,,,,,,,,,,,False,,2,
112378784,https://www.idealista.com/inmueble/112378784/,sale,Córdoba,Córdoba,37.8842555,-4.7920997,True,es,Córdoba,Ciudad Jardín,Ciudad Jardín,,225000.0,flat,flat,108.0,,,3,2,,False,,False,,,,,good,True,,,,,,,,,,,,,False,,2,
111913776,https://www.idealista.com/inmueble/111913776/,sale,Córdoba,Córdoba,37.8613606,-4.7777559,True,es,Córdoba,Sector sur - Santa Cruz,Sector sur - Santa Cruz,,45000.0,flat,flat,57.0,,,3,1,,False,,False,,,,,good,True,,,,,,,,,,,,,False,,1,
109508696,https://www.idealista.com/inmueble/109508696/,sale,Córdoba,Córdoba,37.8967136,-4.7755143,True,es,Córdoba,Santa Rosa - Valdeolleros,Valdeolleros - Zumbacón - Camping,,190000.0,flat,flat,78.0,,,2,1,,False,,False,,,,,good,True,,,,,,,,,,,,,False,,1,
111770686,https://www.idealista.com/inmueble/111770686/,sale,Córdoba,Córdoba,37.8936209,-4.7713373,True,es,Córdoba,Santa Rosa - Valdeolleros,Valdeolleros - Zumbacón - Camping,,179000.0,flat,flat,90.0,,,3,2,,False,,False,,,,,good,True,,,,,,,,,,,,,True,,bj,
108575625,https://www.idealista.com/inmueble/108575625/,sale,Córdoba,Córdoba,37.8951832,-4.7592442,True,es,Córdoba,Levante - Lepanto - Fátima,Levante,,92000.0,flat,flat,71.0,,,2,1,,False,,False,,,,,good,False,,,,,,,,,,,,,False,,4,
112548547,https://www.idealista.com/inmueble/112548547/,sale,Córdoba,Córdoba,37.89194,-4.7708724,True,es,Córdoba,Centro - Casco Histórico,Casco Histórico - Ollerías - Marrubial,,118000.0,flat,flat,50.0,,,2,1,,False,,False,,,,,good,False,,,,,,,,,,,,,False,,,
111220503,https://www.idealista.com/inmueble/111220503/,sale,Córdoba,Córdoba,37.9169389,-4.7897357,True,es,Córdoba,Brillante - Trassierra - Naranjo,Brillante,,850000.0,chalet,independantHouse,594.0,,,5,4,,False,,False,,,,,good,,,,,,,,,,,,,,True,,,
111791461,https://www.idealista.com/inmueble/111791461/,sale,Córdoba,Córdoba,37.8799026,-4.8149422,True,es,Córdoba,Noreña - Figueroa,Miralbaida - Parque Azahara,,104900.0,flat,flat,89.0,,,3,1,,False,,False,,,,,good,False,,,,,,,,,,,,,False,,4,
106882367,https://www.idealista.com/inmueble/106882367/,sale,Córdoba,Córdoba,37.8589068,-4.7805535,True,es,Córdoba,Sector sur - Santa Cruz,Sector sur - Santa Cruz,,47000.0,flat,flat,61.0,,,2,1,,False,,False,,,,,good,False,,,,,,,,,,,,,False,,1,
107811355,https://www.idealista.com/inmueble/107811355/,sale,Córdoba,Córdoba,37.8849659,-4.7743293,True,es,Córdoba,Centro - Casco Histórico,Casco Histórico - Corredera - Ribera,,350000.0,chalet,independantHouse,600.0,,,4,3,,False,,False,,,,,good,,,,,,,,,,,,,,False,,,
111518273,https://www.idealista.com/inmueble/111518273/,sale,Córdoba,Córdoba,37.8882983,-4.790518,True,es,Córdoba,Centro - Casco Histórico,Cercadilla - Medina Azahara,,368340.0,flat,flat,129.0,,,3,2,,False,,False,,,,,good,True,,,,,,,,,,,,,True,,6,
108540209,https://www.idealista.com/inmueble/108540209/,sale,Córdoba,Córdoba,37.8807198,-4.7815331,True,es,Córdoba,Centro - Casco Histórico,Centro,,229000.0,flat,flat,68.0,,,2,2,,False,,False,,,,,good,,,,,,,,,,,,,,False,,,
111398203,https://www.idealista.com/inmueble/111398203/,sale,Córdoba,Córdoba,37.8937818,-4.7591051,True,es,Córdoba,Levante - Lepanto - Fátima,La Viñuela,,204000.0,flat,flat,80.0,,,3,2,,False,,False,,,,,good,True,,,,,,,,,,,,,False,,2,
111313197,https://www.idealista.com/inmueble/111313197/,sale,Córdoba,Córdoba,37.8800397,-4.7814724,True,es,Córdoba,Centro - Casco Histórico,Judería - San Basilio,,163000.0,flat,flat,52.0,,,2,1,,False,,False,,,,,good,False,,,,,,,,,,,,,False,,1,
111025192,https://www.idealista.com/inmueble/111025192/,sale,Córdoba,Córdoba,37.8890292,-4.7865839,True,es,Córdoba,Centro - Casco Histórico,El Vial - Ronda de Tejares,,549000.0,flat,flat,270.0,,,5,4,,False,,False,,,,,good,True,,,,,,,,,,,,,True,,3,
108962178,https://www.idealista.com/inmueble/108962178/,sale,Córdoba,Córdoba,37.8817528,-4.7640079,True,es,Córdoba,Fuensanta - Zona Arcángel,Fuensanta - Arcángel - Santuario,,124000.0,flat,flat,83.0,,,2,1,,False,,False,,,,,renew,False,,,,,,,,,,,,,True,,1,
111390072,https://www.idealista.com/inmueble/111390072/,sale,Córdoba,Córdoba,37.8901888,-4.7694474,True,es,Córdoba,Centro - Casco Histórico,Casco Histórico - Ollerías - Marrubial,,94500.0,flat,flat,53.0,,,3,1,,False,,False,,,,,good,False,,,,,,,,,,,,,False,,3,
108190049,https://www.idealista.com/inmueble/108190049/,sale,Córdoba,Córdoba,37.8866384,-4.7801461,True,es,Córdoba,Centro - Casco Histórico,Centro,,650000.0,flat,flat,320.0,,,4,2,,False,,False,,,,,good,True,,,,,,,,,,,,,True,,2,
112383991,https://www.idealista.com/inmueble/112383991/,sale,Córdoba,Córdoba,37.8642751,-4.7794794,True,es,Córdoba,Sector sur - Santa Cruz,Sector sur - Santa Cruz,,125000.0,chalet,independantHouse,75.0,,,1,2,,False,,False,,,,,good,,,,,,,,,,,,,,False,,,
111830984,https://www.idealista.com/inmueble/111830984/,sale,Córdoba,Córdoba,37.9153087,-4.7869362,True,es,Córdoba,Brillante - Trassierra - Naranjo,Brillante,,980000.0,chalet,independantHouse,360.0,,,4,4,,False,,False,,,,,good,,,,,,,,,,,,,,True,,,
110701961,https://www.idealista.com/inmueble/110701961/,sale,Córdoba,Córdoba,37.8809195,-4.7884394,True,es,Córdoba,Ciudad Jardín,Ciudad Jardín,,124000.0,flat,flat,61.0,,,1,1,,False,,False,,,,,good,False,,,,,,,,,,,,,True,,,
110768944,https://www.idealista.com/inmueble/110768944/,sale,Córdoba,Córdoba,37.8820618,-4.7722743,True,es,Córdoba,Centro - Casco Histórico,Casco Histórico - Corredera - Ribera,,550000.0,chalet,independantHouse,410.0,,,9,4,,False,,False,,,,,good,,,,,,,,,,,,,,False,,,
111890930,https://www.idealista.com/inmueble/111890930/,sale,Córdoba,Córdoba,37.8907889,-4.7699532,True,es,Córdoba,Centro - Casco Histórico,Casco Histórico - Ollerías - Marrubial,,89500.0,studio,studio,25.0,,,0,1,,False,,True,,,,,good,False,,,,,,,,,,,,,False,,,
110303924,https://www.idealista.com/inmueble/110303924/,sale,Córdoba,Córdoba,37.9023941,-4.7536119,True,es,Córdoba,Levante - Lepanto - Fátima,Fátima - Campiñuela,,215000.0,flat,flat,100.0,,,3,2,,False,,False,,,,,good,True,,,,,,,,,,,,,False,,1,
111525878,https://www.idealista.com/inmueble/111525878/,sale,Córdoba,Córdoba,37.8825721,-4.7760601,True,es,Córdoba,Centro - Casco Histórico,Judería - San Basilio,,152000.0,flat,flat,43.0,,,1,1,,False,,False,,,,,good,False,,,,,,,,,,,,,False,,1,
110885872,https://www.idealista.com/inmueble/110885872/,sale,Córdoba,Córdoba,37.8678574,-4.7704588,True,es,Córdoba,Campo de la Verdad,Campo de la Verdad,,39000.0,chalet,independantHouse,48.0,,,2,1,,False,,False,,,,,good,,,,,,,,,,,,,,False,,,
112027852,https://www.idealista.com/inmueble/112027852/,sale,Córdoba,Córdoba,37.883052,-4.7753867,True,es,Córdoba,Centro - Casco Histórico,Judería - San Basilio,,170000.0,flat,flat,58.0,,,1,1,,False,,False,,,,,good,False,,,,,,,,,,,,,False,,2,
110485836,https://www.idealista.com/inmueble/110485836/,sale,Córdoba,Córdoba,37.8849609,-4.773716,True,es,Córdoba,Centro - Casco Histórico,Casco Histórico - Ollerías - Marrubial,,203000.0,flat,flat,105.0,,,3,2,,False,,False,,,,,good,False,,,,,,,,,,,,,False,,1,
111154783,https://www.idealista.com/inmueble/111154783/,sale,Córdoba,Córdoba,37.8814161,-4.7911783,True,es,Córdoba,Ciudad Jardín,Ciudad Jardín,,194900.0,flat,flat,110.0,,,1,1,,False,,False,,,,,good,False,,,,,,,,,,,,,False,,,
112133750,https://www.idealista.com/inmueble/112133750/,sale,Córdoba,Córdoba,37.8969135,-4.7865929,True,es,Córdoba,Santa Rosa - Valdeolleros,Huerta de la Reina,,115000.0,flat,flat,44.0,,,1,1,,False,,False,,,,,good,False,,,,,,,,,,,,,False,,,
112550722,https://www.idealista.com/inmueble/112550722/,sale,Córdoba,Córdoba,37.8797727,-4.7699491,True,es,Córdoba,Centro - Casco Histórico,Casco Histórico - Corredera - Ribera,,204900.0,duplex,duplex,95.0,,,2,2,,True,,False,,,,,good,False,,,,,,,,,,,,,False,,,
104509717,https://www.idealista.com/inmueble/104509717/,sale,Córdoba,Córdoba,37.8649574,-4.7741167,True,es,Córdoba,Campo de la Verdad,Campo de la Verdad,,140000.0,chalet,semidetachedHouse,196.0,,,3,2,,False,,False,,,,,good,,,,,,,,,,,,,,True,,,
109640643,https://www.idealista.com/inmueble/109640643/,sale,Córdoba,Córdoba,37.881108,-4.7951425,True,es,Córdoba,Zoco - Poniente - Vistalegre,Zoco - Poniente,,134500.0,flat,flat,59.0,,,3,1,,False,,False,,,,,good,True,,,,,,,,,,,,,False,,3,
111525534,https://www.idealista.com/inmueble/111525534/,sale,Córdoba,Córdoba,37.8812401,-4.7916504,True,es,Córdoba,Ciudad Jardín,Ciudad Jardín,,229900.0,flat,flat,130.0,,,4,2,,False,,False,,,,,good,True,,,,,,,,,,,,,False,,1,
88750501,https://www.idealista.com/inmueble/88750501/,sale,Córdoba,Córdoba,37.904704,-4.7849389,True,es,Córdoba,Brillante - Trassierra - Naranjo,Brillante,,956000.0,chalet,independantHouse,864.0,,,9,7,,False,,False,,,,,good,,,,,,,,,,,,,,True,,,
112411494,https://www.idealista.com/inmueble/112411494/,sale,Córdoba,Córdoba,37.9032957,-4.7798615,True,es,Córdoba,Brillante - Trassierra - Naranjo,Brillante,,535000.0,chalet,independantHouse,205.0,,,4,3,,False,,False,,,,,good,,,,,,,,,,,,,,True,,,
111656482,https://www.idealista.com/inmueble/111656482/,sale,Córdoba,Córdoba,37.9076597,-4.8017597,True,es,Córdoba,Brillante - Trassierra - Naranjo,Brillante,,760000.0,chalet,independantHouse,350.0,,,5,3,,False,,False,,,,,good,,,,,,,,,,,,,,True,,,
110928479,https://www.idealista.com/inmueble/110928479/,sale,Córdoba,Córdoba,37.8895744,-4.7804152,True,es,Córdoba,Centro - Casco Histórico,Centro,,240000.0,flat,flat,119.0,,,3,1,,False,,False,,,,,good,True,,,,,,,,,,,,,False,,5,
108932463,https://www.idealista.com/inmueble/108932463/,sale,Córdoba,Córdoba,37.8927454,-4.7805437,True,es,Córdoba,Centro - Casco Histórico,San Cayetano,,350000.0,flat,flat,134.0,,,4,2,,False,,False,,,,,good,True,,,,,,,,,,,,,True,,2,
97645352,https://www.idealista.com/inmueble/97645352/,sale,Córdoba,Córdoba,37.8900373,-4.7720878,True,es,Córdoba,Centro - Casco Histórico,Casco Histórico - Ollerías - Marrubial,,600000.0,chalet,independantHouse,823.0,,,14,7,,False,,False,,,,,renew,,,,,,,,,,,,,,False,,,
110689342,https://www.idealista.com/inmueble/110689342/,sale,Córdoba,Córdoba,37.8860324,-4.7710592,True,es,Córdoba,Centro - Casco Histórico,Casco Histórico - Corredera - Ribera,,150000.0,flat,flat,77.0,,,3,1,,False,,False,,,,,renew,False,,,,,,,,,,,,,False,,bj,
110133301,https://www.idealista.com/inmueble/110133301/,sale,Córdoba,Córdoba,37.8806498,-4.7880693,True,es,Córdoba,Ciudad Jardín,Ciudad Jardín,,115000.0,flat,flat,78.0,,,3,1,,False,,False,,,,,good,False,,,,,,,,,,,,,False,,bj,
98221286,https://www.idealista.com/inmueble/98221286/,sale,Córdoba,Córdoba,37.918546,-4.7884356,True,es,Córdoba,Brillante - Trassierra - Naranjo,Brillante,,650000.0,chalet,independantHouse,883.0,,,5,0,,False,,False,,,,,renew,,,,,,,,,,,,,,True,,,
89921283,https://www.idealista.com/inmueble/89921283/,sale,Córdoba,Córdoba,37.8848686,-4.7687737,True,es,Córdoba,Centro - Casco Histórico,Casco Histórico - Corredera - Ribera,,380000.0,chalet,chalet,320.0,,,9,3,,False,,False,,,,,good,,,,,,,,,,,,,,False,,,
85436275,https://www.idealista.com/inmueble/85436275/,sale,Córdoba,Córdoba,37.8836926,-4.7828771,True,es,Córdoba,Centro - Casco Histórico,Centro,,280000.0,flat,flat,110.0,,,3,1,,False,,False,,,,,good,True,,,,,,,,,,,,,True,,6,
111756267,https://www.idealista.com/inmueble/111756267/,sale,Córdoba,Córdoba,37.8898371,-4.7692628,True,es,Córdoba,Centro - Casco Histórico,Casco Histórico - Ollerías - Marrubial,,94500.0,flat,flat,53.0,,,3,1,,False,,False,,,,,good,False,,,,,,,,,,,,,False,,3,
111827216,https://www.idealista.com/inmueble/111827216/,sale,Córdoba,Córdoba,37.8920155,-4.7746016,True,es,Córdoba,Centro - Casco Histórico,Casco Histórico - Ollerías - Marrubial,,455000.0,flat,flat,148.0,,,4,3,,False,,False,,,,,good,False,,,,,,,,,,,,,False,,,
